date_key,region_name,inbound_volume
2025-01-01,강남구,1599
2025-01-01,강동구,1041
2025-01-01,강북구,491
2025-01-01,강서구,1376
2025-01-01,관악구,1127
2025-01-01,광진구,690
2025-01-01,구로구,832
2025-01-01,금천구,409
2025-01-01,노원구,1034
2025-01-01,도봉구,520
2025-01-01,동대문구,672
2025-01-01,동작구,789
2025-01-01,마포구,884
2025-01-01,서대문구,665
2025-01-01,서초구,1012
2025-01-01,성동구,661
2025-01-01,성북구,790
2025-01-01,송파구,1818
2025-01-01,양천구,912
2025-01-01,영등포구,860
2025-01-01,용산구,495
2025-01-01,은평구,907
2025-01-01,종로구,260
2025-01-01,중구,216
2025-01-01,중랑구,704
2025-01-02,강남구,2050
2025-01-02,강동구,1249
2025-01-02,강북구,636
2025-01-02,강서구,1734
2025-01-02,관악구,1435
2025-01-02,광진구,911
2025-01-02,구로구,1009
2025-01-02,금천구,515
2025-01-02,노원구,1222
2025-01-02,도봉구,653
2025-01-02,동대문구,859
2025-01-02,동작구,1020
2025-01-02,마포구,1157
2025-01-02,서대문구,773
2025-01-02,서초구,1300
2025-01-02,성동구,765
2025-01-02,성북구,1004
2025-01-02,송파구,2306
2025-01-02,양천구,1152
2025-01-02,영등포구,1168
2025-01-02,용산구,622
2025-01-02,은평구,1190
2025-01-02,종로구,311
2025-01-02,중구,262
2025-01-02,중랑구,875
2025-01-03,강남구,2190
2025-01-03,강동구,1321
2025-01-03,강북구,619
2025-01-03,강서구,1762
2025-01-03,관악구,1486
2025-01-03,광진구,925
2025-01-03,구로구,1126
2025-01-03,금천구,530
2025-01-03,노원구,1286
2025-01-03,도봉구,649
2025-01-03,동대문구,908
2025-01-03,동작구,1018
2025-01-03,마포구,1245
2025-01-03,서대문구,838
2025-01-03,서초구,1330
2025-01-03,성동구,882
2025-01-03,성북구,1093
2025-01-03,송파구,2321
2025-01-03,양천구,1168
2025-01-03,영등포구,1151
2025-01-03,용산구,687
2025-01-03,은평구,1183
2025-01-03,종로구,338
2025-01-03,중구,287
2025-01-03,중랑구,942
2025-01-04,강남구,1558
2025-01-04,강동구,1020
2025-01-04,강북구,521
2025-01-04,강서구,1417
2025-01-04,관악구,1159
2025-01-04,광진구,733
2025-01-04,구로구,885
2025-01-04,금천구,426
2025-01-04,노원구,984
2025-01-04,도봉구,509
2025-01-04,동대문구,731
2025-01-04,동작구,851
2025-01-04,마포구,968
2025-01-04,서대문구,633
2025-01-04,서초구,1117
2025-01-04,성동구,660
2025-01-04,성북구,901
2025-01-04,송파구,1894
2025-01-04,양천구,902
2025-01-04,영등포구,940
2025-01-04,용산구,478
2025-01-04,은평구,920
2025-01-04,종로구,289
2025-01-04,중구,242
2025-01-04,중랑구,753
2025-01-05,강남구,1604
2025-01-05,강동구,998
2025-01-05,강북구,477
2025-01-05,강서구,1331
2025-01-05,관악구,1078
2025-01-05,광진구,681
2025-01-05,구로구,858
2025-01-05,금천구,366
2025-01-05,노원구,976
2025-01-05,도봉구,479
2025-01-05,동대문구,649
2025-01-05,동작구,830
2025-01-05,마포구,926
2025-01-05,서대문구,651
2025-01-05,서초구,953
2025-01-05,성동구,644
2025-01-05,성북구,861
2025-01-05,송파구,1787
2025-01-05,양천구,915
2025-01-05,영등포구,901
2025-01-05,용산구,485
2025-01-05,은평구,879
2025-01-05,종로구,254
2025-01-05,중구,215
2025-01-05,중랑구,667
2025-01-06,강남구,2497
2025-01-06,강동구,1556
2025-01-06,강북구,799
2025-01-06,강서구,2120
2025-01-06,관악구,1756
2025-01-06,광진구,1116
2025-01-06,구로구,1242
2025-01-06,금천구,589
2025-01-06,노원구,1573
2025-01-06,도봉구,738
2025-01-06,동대문구,1040
2025-01-06,동작구,1268
2025-01-06,마포구,1412
2025-01-06,서대문구,908
2025-01-06,서초구,1588
2025-01-06,성동구,930
2025-01-06,성북구,1327
2025-01-06,송파구,2774
2025-01-06,양천구,1407
2025-01-06,영등포구,1353
2025-01-06,용산구,767
2025-01-06,은평구,1360
2025-01-06,종로구,392
2025-01-06,중구,344
2025-01-06,중랑구,1074
2025-01-07,강남구,2298
2025-01-07,강동구,1479
2025-01-07,강북구,756
2025-01-07,강서구,1989
2025-01-07,관악구,1658
2025-01-07,광진구,1051
2025-01-07,구로구,1160
2025-01-07,금천구,576
2025-01-07,노원구,1481
2025-01-07,도봉구,728
2025-01-07,동대문구,1002
2025-01-07,동작구,1167
2025-01-07,마포구,1393
2025-01-07,서대문구,821
2025-01-07,서초구,1521
2025-01-07,성동구,950
2025-01-07,성북구,1213
2025-01-07,송파구,2606
2025-01-07,양천구,1293
2025-01-07,영등포구,1324
2025-01-07,용산구,733
2025-01-07,은평구,1368
2025-01-07,종로구,343
2025-01-07,중구,354
2025-01-07,중랑구,984
2025-01-08,강남구,2176
2025-01-08,강동구,1324
2025-01-08,강북구,665
2025-01-08,강서구,1792
2025-01-08,관악구,1474
2025-01-08,광진구,954
2025-01-08,구로구,1092
2025-01-08,금천구,502
2025-01-08,노원구,1402
2025-01-08,도봉구,688
2025-01-08,동대문구,921
2025-01-08,동작구,1089
2025-01-08,마포구,1197
2025-01-08,서대문구,835
2025-01-08,서초구,1434
2025-01-08,성동구,905
2025-01-08,성북구,1138
2025-01-08,송파구,2434
2025-01-08,양천구,1254
2025-01-08,영등포구,1222
2025-01-08,용산구,657
2025-01-08,은평구,1223
2025-01-08,종로구,310
2025-01-08,중구,281
2025-01-08,중랑구,956
2025-01-09,강남구,1984
2025-01-09,강동구,1222
2025-01-09,강북구,636
2025-01-09,강서구,1762
2025-01-09,관악구,1474
2025-01-09,광진구,924
2025-01-09,구로구,1010
2025-01-09,금천구,519
2025-01-09,노원구,1330
2025-01-09,도봉구,619
2025-01-09,동대문구,821
2025-01-09,동작구,1021
2025-01-09,마포구,1222
2025-01-09,서대문구,783
2025-01-09,서초구,1243
2025-01-09,성동구,830
2025-01-09,성북구,1066
2025-01-09,송파구,2314
2025-01-09,양천구,1141
2025-01-09,영등포구,1150
2025-01-09,용산구,635
2025-01-09,은평구,1193
2025-01-09,종로구,315
2025-01-09,중구,278
2025-01-09,중랑구,829
2025-01-10,강남구,2206
2025-01-10,강동구,1367
2025-01-10,강북구,665
2025-01-10,강서구,1901
2025-01-10,관악구,1528
2025-01-10,광진구,917
2025-01-10,구로구,1081
2025-01-10,금천구,489
2025-01-10,노원구,1330
2025-01-10,도봉구,621
2025-01-10,동대문구,943
2025-01-10,동작구,1080
2025-01-10,마포구,1302
2025-01-10,서대문구,879
2025-01-10,서초구,1424
2025-01-10,성동구,919
2025-01-10,성북구,1084
2025-01-10,송파구,2298
2025-01-10,양천구,1178
2025-01-10,영등포구,1246
2025-01-10,용산구,642
2025-01-10,은평구,1206
2025-01-10,종로구,327
2025-01-10,중구,329
2025-01-10,중랑구,983
2025-01-11,강남구,1872
2025-01-11,강동구,1103
2025-01-11,강북구,499
2025-01-11,강서구,1505
2025-01-11,관악구,1259
2025-01-11,광진구,814
2025-01-11,구로구,885
2025-01-11,금천구,429
2025-01-11,노원구,1145
2025-01-11,도봉구,544
2025-01-11,동대문구,692
2025-01-11,동작구,946
2025-01-11,마포구,1033
2025-01-11,서대문구,666
2025-01-11,서초구,1127
2025-01-11,성동구,748
2025-01-11,성북구,977
2025-01-11,송파구,2062
2025-01-11,양천구,1024
2025-01-11,영등포구,1031
2025-01-11,용산구,528
2025-01-11,은평구,994
2025-01-11,종로구,310
2025-01-11,중구,252
2025-01-11,중랑구,800
2025-01-12,강남구,1643
2025-01-12,강동구,1052
2025-01-12,강북구,500
2025-01-12,강서구,1344
2025-01-12,관악구,1112
2025-01-12,광진구,700
2025-01-12,구로구,793
2025-01-12,금천구,403
2025-01-12,노원구,1055
2025-01-12,도봉구,507
2025-01-12,동대문구,701
2025-01-12,동작구,806
2025-01-12,마포구,939
2025-01-12,서대문구,624
2025-01-12,서초구,1043
2025-01-12,성동구,644
2025-01-12,성북구,859
2025-01-12,송파구,1798
2025-01-12,양천구,942
2025-01-12,영등포구,895
2025-01-12,용산구,500
2025-01-12,은평구,925
2025-01-12,종로구,267
2025-01-12,중구,199
2025-01-12,중랑구,667
2025-01-13,강남구,2508
2025-01-13,강동구,1644
2025-01-13,강북구,744
2025-01-13,강서구,2117
2025-01-13,관악구,1730
2025-01-13,광진구,1114
2025-01-13,구로구,1270
2025-01-13,금천구,571
2025-01-13,노원구,1603
2025-01-13,도봉구,810
2025-01-13,동대문구,1117
2025-01-13,동작구,1239
2025-01-13,마포구,1539
2025-01-13,서대문구,1006
2025-01-13,서초구,1611
2025-01-13,성동구,990
2025-01-13,성북구,1257
2025-01-13,송파구,2850
2025-01-13,양천구,1368
2025-01-13,영등포구,1439
2025-01-13,용산구,780
2025-01-13,은평구,1462
2025-01-13,종로구,394
2025-01-13,중구,364
2025-01-13,중랑구,1091
2025-01-14,강남구,2359
2025-01-14,강동구,1509
2025-01-14,강북구,730
2025-01-14,강서구,2062
2025-01-14,관악구,1702
2025-01-14,광진구,1081
2025-01-14,구로구,1190
2025-01-14,금천구,582
2025-01-14,노원구,1536
2025-01-14,도봉구,721
2025-01-14,동대문구,997
2025-01-14,동작구,1192
2025-01-14,마포구,1355
2025-01-14,서대문구,925
2025-01-14,서초구,1530
2025-01-14,성동구,980
2025-01-14,성북구,1213
2025-01-14,송파구,2621
2025-01-14,양천구,1356
2025-01-14,영등포구,1330
2025-01-14,용산구,685
2025-01-14,은평구,1355
2025-01-14,종로구,371
2025-01-14,중구,329
2025-01-14,중랑구,1086
2025-01-15,강남구,2192
2025-01-15,강동구,1408
2025-01-15,강북구,675
2025-01-15,강서구,1872
2025-01-15,관악구,1545
2025-01-15,광진구,949
2025-01-15,구로구,1130
2025-01-15,금천구,551
2025-01-15,노원구,1294
2025-01-15,도봉구,682
2025-01-15,동대문구,922
2025-01-15,동작구,1095
2025-01-15,마포구,1247
2025-01-15,서대문구,785
2025-01-15,서초구,1468
2025-01-15,성동구,850
2025-01-15,성북구,1119
2025-01-15,송파구,2408
2025-01-15,양천구,1192
2025-01-15,영등포구,1263
2025-01-15,용산구,690
2025-01-15,은평구,1168
2025-01-15,종로구,337
2025-01-15,중구,325
2025-01-15,중랑구,925
2025-01-16,강남구,2041
2025-01-16,강동구,1352
2025-01-16,강북구,633
2025-01-16,강서구,1762
2025-01-16,관악구,1451
2025-01-16,광진구,927
2025-01-16,구로구,1074
2025-01-16,금천구,542
2025-01-16,노원구,1329
2025-01-16,도봉구,648
2025-01-16,동대문구,857
2025-01-16,동작구,983
2025-01-16,마포구,1232
2025-01-16,서대문구,810
2025-01-16,서초구,1325
2025-01-16,성동구,779
2025-01-16,성북구,1060
2025-01-16,송파구,2410
2025-01-16,양천구,1184
2025-01-16,영등포구,1225
2025-01-16,용산구,616
2025-01-16,은평구,1176
2025-01-16,종로구,316
2025-01-16,중구,325
2025-01-16,중랑구,945
2025-01-17,강남구,2136
2025-01-17,강동구,1362
2025-01-17,강북구,680
2025-01-17,강서구,1829
2025-01-17,관악구,1459
2025-01-17,광진구,924
2025-01-17,구로구,1133
2025-01-17,금천구,512
2025-01-17,노원구,1292
2025-01-17,도봉구,670
2025-01-17,동대문구,890
2025-01-17,동작구,1071
2025-01-17,마포구,1276
2025-01-17,서대문구,850
2025-01-17,서초구,1414
2025-01-17,성동구,847
2025-01-17,성북구,1132
2025-01-17,송파구,2382
2025-01-17,양천구,1188
2025-01-17,영등포구,1210
2025-01-17,용산구,708
2025-01-17,은평구,1178
2025-01-17,종로구,372
2025-01-17,중구,309
2025-01-17,중랑구,913
2025-01-18,강남구,1687
2025-01-18,강동구,1111
2025-01-18,강북구,517
2025-01-18,강서구,1430
2025-01-18,관악구,1220
2025-01-18,광진구,776
2025-01-18,구로구,857
2025-01-18,금천구,433
2025-01-18,노원구,1126
2025-01-18,도봉구,524
2025-01-18,동대문구,707
2025-01-18,동작구,845
2025-01-18,마포구,1007
2025-01-18,서대문구,670
2025-01-18,서초구,1132
2025-01-18,성동구,671
2025-01-18,성북구,931
2025-01-18,송파구,1900
2025-01-18,양천구,966
2025-01-18,영등포구,1003
2025-01-18,용산구,505
2025-01-18,은평구,925
2025-01-18,종로구,242
2025-01-18,중구,246
2025-01-18,중랑구,682
2025-01-19,강남구,1608
2025-01-19,강동구,1032
2025-01-19,강북구,483
2025-01-19,강서구,1377
2025-01-19,관악구,1118
2025-01-19,광진구,673
2025-01-19,구로구,806
2025-01-19,금천구,421
2025-01-19,노원구,975
2025-01-19,도봉구,515
2025-01-19,동대문구,681
2025-01-19,동작구,868
2025-01-19,마포구,935
2025-01-19,서대문구,609
2025-01-19,서초구,1091
2025-01-19,성동구,676
2025-01-19,성북구,846
2025-01-19,송파구,1838
2025-01-19,양천구,894
2025-01-19,영등포구,941
2025-01-19,용산구,516
2025-01-19,은평구,905
2025-01-19,종로구,277
2025-01-19,중구,193
2025-01-19,중랑구,707
2025-01-20,강남구,2550
2025-01-20,강동구,1596
2025-01-20,강북구,825
2025-01-20,강서구,2099
2025-01-20,관악구,1871
2025-01-20,광진구,1141
2025-01-20,구로구,1239
2025-01-20,금천구,635
2025-01-20,노원구,1525
2025-01-20,도봉구,792
2025-01-20,동대문구,1079
2025-01-20,동작구,1161
2025-01-20,마포구,1510
2025-01-20,서대문구,1036
2025-01-20,서초구,1665
2025-01-20,성동구,981
2025-01-20,성북구,1359
2025-01-20,송파구,2888
2025-01-20,양천구,1451
2025-01-20,영등포구,1464
2025-01-20,용산구,767
2025-01-20,은평구,1400
2025-01-20,종로구,423
2025-01-20,중구,353
2025-01-20,중랑구,1117
2025-01-21,강남구,2542
2025-01-21,강동구,1590
2025-01-21,강북구,787
2025-01-21,강서구,2091
2025-01-21,관악구,1830
2025-01-21,광진구,1138
2025-01-21,구로구,1232
2025-01-21,금천구,592
2025-01-21,노원구,1567
2025-01-21,도봉구,824
2025-01-21,동대문구,1072
2025-01-21,동작구,1224
2025-01-21,마포구,1517
2025-01-21,서대문구,985
2025-01-21,서초구,1637
2025-01-21,성동구,1040
2025-01-21,성북구,1362
2025-01-21,송파구,2808
2025-01-21,양천구,1494
2025-01-21,영등포구,1544
2025-01-21,용산구,747
2025-01-21,은평구,1397
2025-01-21,종로구,408
2025-01-21,중구,340
2025-01-21,중랑구,1024
2025-01-22,강남구,2154
2025-01-22,강동구,1422
2025-01-22,강북구,652
2025-01-22,강서구,1892
2025-01-22,관악구,1545
2025-01-22,광진구,962
2025-01-22,구로구,1101
2025-01-22,금천구,561
2025-01-22,노원구,1325
2025-01-22,도봉구,683
2025-01-22,동대문구,936
2025-01-22,동작구,1119
2025-01-22,마포구,1297
2025-01-22,서대문구,870
2025-01-22,서초구,1430
2025-01-22,성동구,884
2025-01-22,성북구,1145
2025-01-22,송파구,2457
2025-01-22,양천구,1196
2025-01-22,영등포구,1257
2025-01-22,용산구,677
2025-01-22,은평구,1241
2025-01-22,종로구,341
2025-01-22,중구,289
2025-01-22,중랑구,901
2025-01-23,강남구,2158
2025-01-23,강동구,1359
2025-01-23,강북구,622
2025-01-23,강서구,1817
2025-01-23,관악구,1378
2025-01-23,광진구,906
2025-01-23,구로구,1097
2025-01-23,금천구,516
2025-01-23,노원구,1289
2025-01-23,도봉구,661
2025-01-23,동대문구,930
2025-01-23,동작구,967
2025-01-23,마포구,1216
2025-01-23,서대문구,808
2025-01-23,서초구,1330
2025-01-23,성동구,875
2025-01-23,성북구,1076
2025-01-23,송파구,2310
2025-01-23,양천구,1178
2025-01-23,영등포구,1232
2025-01-23,용산구,636
2025-01-23,은평구,1205
2025-01-23,종로구,318
2025-01-23,중구,270
2025-01-23,중랑구,943
2025-01-24,강남구,2183
2025-01-24,강동구,1349
2025-01-24,강북구,693
2025-01-24,강서구,1932
2025-01-24,관악구,1539
2025-01-24,광진구,1000
2025-01-24,구로구,1120
2025-01-24,금천구,523
2025-01-24,노원구,1308
2025-01-24,도봉구,702
2025-01-24,동대문구,846
2025-01-24,동작구,1129
2025-01-24,마포구,1209
2025-01-24,서대문구,861
2025-01-24,서초구,1463
2025-01-24,성동구,851
2025-01-24,성북구,1162
2025-01-24,송파구,2452
2025-01-24,양천구,1131
2025-01-24,영등포구,1217
2025-01-24,용산구,678
2025-01-24,은평구,1209
2025-01-24,종로구,323
2025-01-24,중구,312
2025-01-24,중랑구,946
2025-01-25,강남구,1707
2025-01-25,강동구,1049
2025-01-25,강북구,522
2025-01-25,강서구,1434
2025-01-25,관악구,1209
2025-01-25,광진구,759
2025-01-25,구로구,846
2025-01-25,금천구,390
2025-01-25,노원구,1036
2025-01-25,도봉구,545
2025-01-25,동대문구,763
2025-01-25,동작구,841
2025-01-25,마포구,1012
2025-01-25,서대문구,650
2025-01-25,서초구,1153
2025-01-25,성동구,675
2025-01-25,성북구,892
2025-01-25,송파구,1939
2025-01-25,양천구,931
2025-01-25,영등포구,949
2025-01-25,용산구,502
2025-01-25,은평구,954
2025-01-25,종로구,262
2025-01-25,중구,218
2025-01-25,중랑구,700
2025-01-26,강남구,1663
2025-01-26,강동구,1042
2025-01-26,강북구,504
2025-01-26,강서구,1385
2025-01-26,관악구,1144
2025-01-26,광진구,698
2025-01-26,구로구,820
2025-01-26,금천구,390
2025-01-26,노원구,1011
2025-01-26,도봉구,497
2025-01-26,동대문구,706
2025-01-26,동작구,787
2025-01-26,마포구,921
2025-01-26,서대문구,624
2025-01-26,서초구,1033
2025-01-26,성동구,609
2025-01-26,성북구,884
2025-01-26,송파구,1858
2025-01-26,양천구,926
2025-01-26,영등포구,1019
2025-01-26,용산구,500
2025-01-26,은평구,909
2025-01-26,종로구,225
2025-01-26,중구,227
2025-01-26,중랑구,702
2025-01-27,강남구,2550
2025-01-27,강동구,1609
2025-01-27,강북구,757
2025-01-27,강서구,2130
2025-01-27,관악구,1778
2025-01-27,광진구,1112
2025-01-27,구로구,1278
2025-01-27,금천구,693
2025-01-27,노원구,1541
2025-01-27,도봉구,796
2025-01-27,동대문구,1078
2025-01-27,동작구,1257
2025-01-27,마포구,1539
2025-01-27,서대문구,1008
2025-01-27,서초구,1673
2025-01-27,성동구,1008
2025-01-27,성북구,1340
2025-01-27,송파구,2897
2025-01-27,양천구,1440
2025-01-27,영등포구,1515
2025-01-27,용산구,843
2025-01-27,은평구,1442
2025-01-27,종로구,384
2025-01-27,중구,365
2025-01-27,중랑구,1158
2025-01-28,강남구,1701
2025-01-28,강동구,1122
2025-01-28,강북구,473
2025-01-28,강서구,1444
2025-01-28,관악구,1206
2025-01-28,광진구,809
2025-01-28,구로구,866
2025-01-28,금천구,432
2025-01-28,노원구,1021
2025-01-28,도봉구,547
2025-01-28,동대문구,734
2025-01-28,동작구,825
2025-01-28,마포구,1043
2025-01-28,서대문구,642
2025-01-28,서초구,1069
2025-01-28,성동구,721
2025-01-28,성북구,906
2025-01-28,송파구,1987
2025-01-28,양천구,979
2025-01-28,영등포구,1009
2025-01-28,용산구,570
2025-01-28,은평구,977
2025-01-28,종로구,304
2025-01-28,중구,234
2025-01-28,중랑구,731
2025-01-29,강남구,1614
2025-01-29,강동구,980
2025-01-29,강북구,478
2025-01-29,강서구,1381
2025-01-29,관악구,1141
2025-01-29,광진구,680
2025-01-29,구로구,845
2025-01-29,금천구,372
2025-01-29,노원구,982
2025-01-29,도봉구,494
2025-01-29,동대문구,650
2025-01-29,동작구,734
2025-01-29,마포구,913
2025-01-29,서대문구,610
2025-01-29,서초구,1080
2025-01-29,성동구,610
2025-01-29,성북구,848
2025-01-29,송파구,1808
2025-01-29,양천구,910
2025-01-29,영등포구,879
2025-01-29,용산구,515
2025-01-29,은평구,936
2025-01-29,종로구,259
2025-01-29,중구,221
2025-01-29,중랑구,685
2025-01-30,강남구,1506
2025-01-30,강동구,972
2025-01-30,강북구,514
2025-01-30,강서구,1320
2025-01-30,관악구,1054
2025-01-30,광진구,658
2025-01-30,구로구,730
2025-01-30,금천구,365
2025-01-30,노원구,927
2025-01-30,도봉구,513
2025-01-30,동대문구,679
2025-01-30,동작구,725
2025-01-30,마포구,897
2025-01-30,서대문구,590
2025-01-30,서초구,1006
2025-01-30,성동구,615
2025-01-30,성북구,810
2025-01-30,송파구,1821
2025-01-30,양천구,835
2025-01-30,영등포구,877
2025-01-30,용산구,487
2025-01-30,은평구,854
2025-01-30,종로구,242
2025-01-30,중구,229
2025-01-30,중랑구,672
2025-01-31,강남구,2210
2025-01-31,강동구,1378
2025-01-31,강북구,682
2025-01-31,강서구,1807
2025-01-31,관악구,1539
2025-01-31,광진구,925
2025-01-31,구로구,1080
2025-01-31,금천구,513
2025-01-31,노원구,1381
2025-01-31,도봉구,702
2025-01-31,동대문구,886
2025-01-31,동작구,1108
2025-01-31,마포구,1270
2025-01-31,서대문구,931
2025-01-31,서초구,1402
2025-01-31,성동구,866
2025-01-31,성북구,1168
2025-01-31,송파구,2408
2025-01-31,양천구,1283
2025-01-31,영등포구,1221
2025-01-31,용산구,703
2025-01-31,은평구,1216
2025-01-31,종로구,318
2025-01-31,중구,298
2025-01-31,중랑구,887
2025-02-01,강남구,1847
2025-02-01,강동구,1148
2025-02-01,강북구,594
2025-02-01,강서구,1508
2025-02-01,관악구,1315
2025-02-01,광진구,792
2025-02-01,구로구,927
2025-02-01,금천구,455
2025-02-01,노원구,1149
2025-02-01,도봉구,565
2025-02-01,동대문구,827
2025-02-01,동작구,944
2025-02-01,마포구,1069
2025-02-01,서대문구,682
2025-02-01,서초구,1148
2025-02-01,성동구,747
2025-02-01,성북구,985
2025-02-01,송파구,2055
2025-02-01,양천구,995
2025-02-01,영등포구,1043
2025-02-01,용산구,593
2025-02-01,은평구,1005
2025-02-01,종로구,296
2025-02-01,중구,258
2025-02-01,중랑구,771
2025-02-02,강남구,1662
2025-02-02,강동구,1117
2025-02-02,강북구,507
2025-02-02,강서구,1404
2025-02-02,관악구,1157
2025-02-02,광진구,681
2025-02-02,구로구,830
2025-02-02,금천구,436
2025-02-02,노원구,1072
2025-02-02,도봉구,517
2025-02-02,동대문구,702
2025-02-02,동작구,868
2025-02-02,마포구,980
2025-02-02,서대문구,581
2025-02-02,서초구,1062
2025-02-02,성동구,651
2025-02-02,성북구,886
2025-02-02,송파구,1809
2025-02-02,양천구,937
2025-02-02,영등포구,951
2025-02-02,용산구,490
2025-02-02,은평구,951
2025-02-02,종로구,255
2025-02-02,중구,209
2025-02-02,중랑구,706
2025-02-03,강남구,2534
2025-02-03,강동구,1577
2025-02-03,강북구,794
2025-02-03,강서구,2145
2025-02-03,관악구,1844
2025-02-03,광진구,1159
2025-02-03,구로구,1281
2025-02-03,금천구,659
2025-02-03,노원구,1627
2025-02-03,도봉구,798
2025-02-03,동대문구,1110
2025-02-03,동작구,1334
2025-02-03,마포구,1470
2025-02-03,서대문구,988
2025-02-03,서초구,1707
2025-02-03,성동구,1010
2025-02-03,성북구,1371
2025-02-03,송파구,2911
2025-02-03,양천구,1439
2025-02-03,영등포구,1414
2025-02-03,용산구,840
2025-02-03,은평구,1426
2025-02-03,종로구,420
2025-02-03,중구,363
2025-02-03,중랑구,1097
2025-02-04,강남구,2516
2025-02-04,강동구,1461
2025-02-04,강북구,732
2025-02-04,강서구,2142
2025-02-04,관악구,1730
2025-02-04,광진구,1029
2025-02-04,구로구,1160
2025-02-04,금천구,646
2025-02-04,노원구,1485
2025-02-04,도봉구,773
2025-02-04,동대문구,1024
2025-02-04,동작구,1226
2025-02-04,마포구,1464
2025-02-04,서대문구,900
2025-02-04,서초구,1569
2025-02-04,성동구,982
2025-02-04,성북구,1284
2025-02-04,송파구,2738
2025-02-04,양천구,1275
2025-02-04,영등포구,1399
2025-02-04,용산구,745
2025-02-04,은평구,1340
2025-02-04,종로구,366
2025-02-04,중구,353
2025-02-04,중랑구,1013
2025-02-05,강남구,2206
2025-02-05,강동구,1341
2025-02-05,강북구,655
2025-02-05,강서구,1932
2025-02-05,관악구,1588
2025-02-05,광진구,980
2025-02-05,구로구,1156
2025-02-05,금천구,519
2025-02-05,노원구,1382
2025-02-05,도봉구,735
2025-02-05,동대문구,894
2025-02-05,동작구,1075
2025-02-05,마포구,1234
2025-02-05,서대문구,857
2025-02-05,서초구,1424
2025-02-05,성동구,862
2025-02-05,성북구,1095
2025-02-05,송파구,2563
2025-02-05,양천구,1254
2025-02-05,영등포구,1340
2025-02-05,용산구,718
2025-02-05,은평구,1216
2025-02-05,종로구,345
2025-02-05,중구,347
2025-02-05,중랑구,936
2025-02-06,강남구,2157
2025-02-06,강동구,1286
2025-02-06,강북구,633
2025-02-06,강서구,1809
2025-02-06,관악구,1502
2025-02-06,광진구,908
2025-02-06,구로구,1111
2025-02-06,금천구,516
2025-02-06,노원구,1330
2025-02-06,도봉구,698
2025-02-06,동대문구,950
2025-02-06,동작구,1095
2025-02-06,마포구,1294
2025-02-06,서대문구,855
2025-02-06,서초구,1354
2025-02-06,성동구,850
2025-02-06,성북구,1026
2025-02-06,송파구,2443
2025-02-06,양천구,1171
2025-02-06,영등포구,1237
2025-02-06,용산구,642
2025-02-06,은평구,1152
2025-02-06,종로구,333
2025-02-06,중구,279
2025-02-06,중랑구,965
2025-02-07,강남구,2313
2025-02-07,강동구,1375
2025-02-07,강북구,727
2025-02-07,강서구,1910
2025-02-07,관악구,1576
2025-02-07,광진구,980
2025-02-07,구로구,1143
2025-02-07,금천구,569
2025-02-07,노원구,1443
2025-02-07,도봉구,731
2025-02-07,동대문구,918
2025-02-07,동작구,1079
2025-02-07,마포구,1344
2025-02-07,서대문구,798
2025-02-07,서초구,1505
2025-02-07,성동구,879
2025-02-07,성북구,1212
2025-02-07,송파구,2559
2025-02-07,양천구,1228
2025-02-07,영등포구,1265
2025-02-07,용산구,743
2025-02-07,은평구,1224
2025-02-07,종로구,387
2025-02-07,중구,336
2025-02-07,중랑구,985
2025-02-08,강남구,1796
2025-02-08,강동구,1077
2025-02-08,강북구,509
2025-02-08,강서구,1482
2025-02-08,관악구,1273
2025-02-08,광진구,790
2025-02-08,구로구,943
2025-02-08,금천구,448
2025-02-08,노원구,1080
2025-02-08,도봉구,539
2025-02-08,동대문구,754
2025-02-08,동작구,901
2025-02-08,마포구,1115
2025-02-08,서대문구,669
2025-02-08,서초구,1174
2025-02-08,성동구,687
2025-02-08,성북구,956
2025-02-08,송파구,1989
2025-02-08,양천구,988
2025-02-08,영등포구,969
2025-02-08,용산구,553
2025-02-08,은평구,956
2025-02-08,종로구,280
2025-02-08,중구,245
2025-02-08,중랑구,819
2025-02-09,강남구,1752
2025-02-09,강동구,1083
2025-02-09,강북구,555
2025-02-09,강서구,1360
2025-02-09,관악구,1172
2025-02-09,광진구,703
2025-02-09,구로구,865
2025-02-09,금천구,447
2025-02-09,노원구,1018
2025-02-09,도봉구,566
2025-02-09,동대문구,676
2025-02-09,동작구,809
2025-02-09,마포구,992
2025-02-09,서대문구,701
2025-02-09,서초구,1131
2025-02-09,성동구,690
2025-02-09,성북구,834
2025-02-09,송파구,1895
2025-02-09,양천구,954
2025-02-09,영등포구,964
2025-02-09,용산구,529
2025-02-09,은평구,914
2025-02-09,종로구,257
2025-02-09,중구,231
2025-02-09,중랑구,748
2025-02-10,강남구,2526
2025-02-10,강동구,1629
2025-02-10,강북구,766
2025-02-10,강서구,2249
2025-02-10,관악구,1841
2025-02-10,광진구,1117
2025-02-10,구로구,1316
2025-02-10,금천구,622
2025-02-10,노원구,1649
2025-02-10,도봉구,811
2025-02-10,동대문구,1044
2025-02-10,동작구,1311
2025-02-10,마포구,1549
2025-02-10,서대문구,1004
2025-02-10,서초구,1638
2025-02-10,성동구,1149
2025-02-10,성북구,1378
2025-02-10,송파구,3018
2025-02-10,양천구,1393
2025-02-10,영등포구,1452
2025-02-10,용산구,784
2025-02-10,은평구,1388
2025-02-10,종로구,398
2025-02-10,중구,357
2025-02-10,중랑구,1106
2025-02-11,강남구,2585
2025-02-11,강동구,1620
2025-02-11,강북구,773
2025-02-11,강서구,2230
2025-02-11,관악구,1843
2025-02-11,광진구,1138
2025-02-11,구로구,1291
2025-02-11,금천구,651
2025-02-11,노원구,1513
2025-02-11,도봉구,819
2025-02-11,동대문구,1040
2025-02-11,동작구,1287
2025-02-11,마포구,1473
2025-02-11,서대문구,985
2025-02-11,서초구,1698
2025-02-11,성동구,1026
2025-02-11,성북구,1392
2025-02-11,송파구,2980
2025-02-11,양천구,1403
2025-02-11,영등포구,1423
2025-02-11,용산구,830
2025-02-11,은평구,1439
2025-02-11,종로구,392
2025-02-11,중구,341
2025-02-11,중랑구,1104
2025-02-12,강남구,2225
2025-02-12,강동구,1385
2025-02-12,강북구,671
2025-02-12,강서구,1911
2025-02-12,관악구,1572
2025-02-12,광진구,972
2025-02-12,구로구,1201
2025-02-12,금천구,548
2025-02-12,노원구,1395
2025-02-12,도봉구,754
2025-02-12,동대문구,963
2025-02-12,동작구,1141
2025-02-12,마포구,1329
2025-02-12,서대문구,837
2025-02-12,서초구,1491
2025-02-12,성동구,939
2025-02-12,성북구,1132
2025-02-12,송파구,2507
2025-02-12,양천구,1222
2025-02-12,영등포구,1256
2025-02-12,용산구,728
2025-02-12,은평구,1268
2025-02-12,종로구,360
2025-02-12,중구,311
2025-02-12,중랑구,930
2025-02-13,강남구,2223
2025-02-13,강동구,1308
2025-02-13,강북구,673
2025-02-13,강서구,1883
2025-02-13,관악구,1604
2025-02-13,광진구,1009
2025-02-13,구로구,1098
2025-02-13,금천구,525
2025-02-13,노원구,1280
2025-02-13,도봉구,647
2025-02-13,동대문구,909
2025-02-13,동작구,1055
2025-02-13,마포구,1302
2025-02-13,서대문구,801
2025-02-13,서초구,1300
2025-02-13,성동구,866
2025-02-13,성북구,1180
2025-02-13,송파구,2515
2025-02-13,양천구,1180
2025-02-13,영등포구,1185
2025-02-13,용산구,692
2025-02-13,은평구,1179
2025-02-13,종로구,324
2025-02-13,중구,290
2025-02-13,중랑구,915
2025-02-14,강남구,2134
2025-02-14,강동구,1359
2025-02-14,강북구,715
2025-02-14,강서구,2015
2025-02-14,관악구,1623
2025-02-14,광진구,933
2025-02-14,구로구,1177
2025-02-14,금천구,561
2025-02-14,노원구,1398
2025-02-14,도봉구,769
2025-02-14,동대문구,933
2025-02-14,동작구,1087
2025-02-14,마포구,1400
2025-02-14,서대문구,895
2025-02-14,서초구,1509
2025-02-14,성동구,946
2025-02-14,성북구,1202
2025-02-14,송파구,2520
2025-02-14,양천구,1257
2025-02-14,영등포구,1271
2025-02-14,용산구,703
2025-02-14,은평구,1205
2025-02-14,종로구,311
2025-02-14,중구,295
2025-02-14,중랑구,994
2025-02-15,강남구,1797
2025-02-15,강동구,1111
2025-02-15,강북구,551
2025-02-15,강서구,1542
2025-02-15,관악구,1236
2025-02-15,광진구,816
2025-02-15,구로구,924
2025-02-15,금천구,429
2025-02-15,노원구,1120
2025-02-15,도봉구,561
2025-02-15,동대문구,755
2025-02-15,동작구,924
2025-02-15,마포구,1011
2025-02-15,서대문구,661
2025-02-15,서초구,1145
2025-02-15,성동구,755
2025-02-15,성북구,900
2025-02-15,송파구,2071
2025-02-15,양천구,1022
2025-02-15,영등포구,1060
2025-02-15,용산구,555
2025-02-15,은평구,972
2025-02-15,종로구,283
2025-02-15,중구,238
2025-02-15,중랑구,817
2025-02-16,강남구,1730
2025-02-16,강동구,1017
2025-02-16,강북구,504
2025-02-16,강서구,1423
2025-02-16,관악구,1163
2025-02-16,광진구,743
2025-02-16,구로구,904
2025-02-16,금천구,409
2025-02-16,노원구,1098
2025-02-16,도봉구,506
2025-02-16,동대문구,714
2025-02-16,동작구,855
2025-02-16,마포구,1006
2025-02-16,서대문구,663
2025-02-16,서초구,1073
2025-02-16,성동구,663
2025-02-16,성북구,893
2025-02-16,송파구,1926
2025-02-16,양천구,925
2025-02-16,영등포구,1034
2025-02-16,용산구,532
2025-02-16,은평구,955
2025-02-16,종로구,261
2025-02-16,중구,230
2025-02-16,중랑구,712
2025-02-17,강남구,2541
2025-02-17,강동구,1654
2025-02-17,강북구,750
2025-02-17,강서구,2078
2025-02-17,관악구,1845
2025-02-17,광진구,1141
2025-02-17,구로구,1315
2025-02-17,금천구,660
2025-02-17,노원구,1670
2025-02-17,도봉구,764
2025-02-17,동대문구,1124
2025-02-17,동작구,1322
2025-02-17,마포구,1524
2025-02-17,서대문구,999
2025-02-17,서초구,1696
2025-02-17,성동구,1022
2025-02-17,성북구,1323
2025-02-17,송파구,3018
2025-02-17,양천구,1393
2025-02-17,영등포구,1514
2025-02-17,용산구,758
2025-02-17,은평구,1428
2025-02-17,종로구,399
2025-02-17,중구,396
2025-02-17,중랑구,1111
2025-02-18,강남구,2626
2025-02-18,강동구,1490
2025-02-18,강북구,705
2025-02-18,강서구,1985
2025-02-18,관악구,1703
2025-02-18,광진구,1094
2025-02-18,구로구,1271
2025-02-18,금천구,622
2025-02-18,노원구,1471
2025-02-18,도봉구,738
2025-02-18,동대문구,1094
2025-02-18,동작구,1214
2025-02-18,마포구,1462
2025-02-18,서대문구,939
2025-02-18,서초구,1558
2025-02-18,성동구,972
2025-02-18,성북구,1221
2025-02-18,송파구,2791
2025-02-18,양천구,1416
2025-02-18,영등포구,1478
2025-02-18,용산구,763
2025-02-18,은평구,1353
2025-02-18,종로구,370
2025-02-18,중구,316
2025-02-18,중랑구,1021
2025-02-19,강남구,2263
2025-02-19,강동구,1429
2025-02-19,강북구,678
2025-02-19,강서구,1856
2025-02-19,관악구,1629
2025-02-19,광진구,1000
2025-02-19,구로구,1134
2025-02-19,금천구,537
2025-02-19,노원구,1394
2025-02-19,도봉구,743
2025-02-19,동대문구,999
2025-02-19,동작구,1176
2025-02-19,마포구,1315
2025-02-19,서대문구,855
2025-02-19,서초구,1413
2025-02-19,성동구,852
2025-02-19,성북구,1165
2025-02-19,송파구,2559
2025-02-19,양천구,1254
2025-02-19,영등포구,1312
2025-02-19,용산구,733
2025-02-19,은평구,1230
2025-02-19,종로구,325
2025-02-19,중구,290
2025-02-19,중랑구,1038
2025-02-20,강남구,2093
2025-02-20,강동구,1374
2025-02-20,강북구,712
2025-02-20,강서구,1904
2025-02-20,관악구,1568
2025-02-20,광진구,932
2025-02-20,구로구,1138
2025-02-20,금천구,522
2025-02-20,노원구,1396
2025-02-20,도봉구,630
2025-02-20,동대문구,912
2025-02-20,동작구,1063
2025-02-20,마포구,1214
2025-02-20,서대문구,866
2025-02-20,서초구,1397
2025-02-20,성동구,922
2025-02-20,성북구,1130
2025-02-20,송파구,2479
2025-02-20,양천구,1192
2025-02-20,영등포구,1251
2025-02-20,용산구,653
2025-02-20,은평구,1244
2025-02-20,종로구,353
2025-02-20,중구,287
2025-02-20,중랑구,1014
2025-02-21,강남구,2391
2025-02-21,강동구,1531
2025-02-21,강북구,719
2025-02-21,강서구,1958
2025-02-21,관악구,1606
2025-02-21,광진구,993
2025-02-21,구로구,1175
2025-02-21,금천구,565
2025-02-21,노원구,1485
2025-02-21,도봉구,750
2025-02-21,동대문구,1012
2025-02-21,동작구,1133
2025-02-21,마포구,1413
2025-02-21,서대문구,901
2025-02-21,서초구,1604
2025-02-21,성동구,955
2025-02-21,성북구,1273
2025-02-21,송파구,2674
2025-02-21,양천구,1375
2025-02-21,영등포구,1340
2025-02-21,용산구,735
2025-02-21,은평구,1322
2025-02-21,종로구,365
2025-02-21,중구,361
2025-02-21,중랑구,1040
2025-02-22,강남구,1699
2025-02-22,강동구,1108
2025-02-22,강북구,506
2025-02-22,강서구,1517
2025-02-22,관악구,1254
2025-02-22,광진구,820
2025-02-22,구로구,855
2025-02-22,금천구,419
2025-02-22,노원구,1069
2025-02-22,도봉구,557
2025-02-22,동대문구,748
2025-02-22,동작구,881
2025-02-22,마포구,995
2025-02-22,서대문구,699
2025-02-22,서초구,1091
2025-02-22,성동구,721
2025-02-22,성북구,892
2025-02-22,송파구,2066
2025-02-22,양천구,985
2025-02-22,영등포구,1006
2025-02-22,용산구,581
2025-02-22,은평구,977
2025-02-22,종로구,297
2025-02-22,중구,245
2025-02-22,중랑구,787
2025-02-23,강남구,1727
2025-02-23,강동구,1004
2025-02-23,강북구,506
2025-02-23,강서구,1470
2025-02-23,관악구,1208
2025-02-23,광진구,756
2025-02-23,구로구,813
2025-02-23,금천구,449
2025-02-23,노원구,1084
2025-02-23,도봉구,561
2025-02-23,동대문구,706
2025-02-23,동작구,822
2025-02-23,마포구,1011
2025-02-23,서대문구,639
2025-02-23,서초구,1110
2025-02-23,성동구,706
2025-02-23,성북구,906
2025-02-23,송파구,1907
2025-02-23,양천구,956
2025-02-23,영등포구,1008
2025-02-23,용산구,514
2025-02-23,은평구,1002
2025-02-23,종로구,264
2025-02-23,중구,274
2025-02-23,중랑구,720
2025-02-24,강남구,2650
2025-02-24,강동구,1707
2025-02-24,강북구,854
2025-02-24,강서구,2318
2025-02-24,관악구,1814
2025-02-24,광진구,1171
2025-02-24,구로구,1395
2025-02-24,금천구,614
2025-02-24,노원구,1588
2025-02-24,도봉구,819
2025-02-24,동대문구,1164
2025-02-24,동작구,1322
2025-02-24,마포구,1552
2025-02-24,서대문구,1000
2025-02-24,서초구,1699
2025-02-24,성동구,1026
2025-02-24,성북구,1346
2025-02-24,송파구,3033
2025-02-24,양천구,1527
2025-02-24,영등포구,1488
2025-02-24,용산구,836
2025-02-24,은평구,1526
2025-02-24,종로구,446
2025-02-24,중구,346
2025-02-24,중랑구,1119
2025-02-25,강남구,2595
2025-02-25,강동구,1548
2025-02-25,강북구,753
2025-02-25,강서구,2104
2025-02-25,관악구,1789
2025-02-25,광진구,1141
2025-02-25,구로구,1225
2025-02-25,금천구,573
2025-02-25,노원구,1530
2025-02-25,도봉구,755
2025-02-25,동대문구,1014
2025-02-25,동작구,1226
2025-02-25,마포구,1451
2025-02-25,서대문구,957
2025-02-25,서초구,1670
2025-02-25,성동구,1016
2025-02-25,성북구,1333
2025-02-25,송파구,2729
2025-02-25,양천구,1379
2025-02-25,영등포구,1435
2025-02-25,용산구,716
2025-02-25,은평구,1457
2025-02-25,종로구,386
2025-02-25,중구,365
2025-02-25,중랑구,1084
2025-02-26,강남구,2305
2025-02-26,강동구,1402
2025-02-26,강북구,692
2025-02-26,강서구,1911
2025-02-26,관악구,1602
2025-02-26,광진구,1021
2025-02-26,구로구,1155
2025-02-26,금천구,520
2025-02-26,노원구,1382
2025-02-26,도봉구,715
2025-02-26,동대문구,991
2025-02-26,동작구,1124
2025-02-26,마포구,1316
2025-02-26,서대문구,862
2025-02-26,서초구,1531
2025-02-26,성동구,897
2025-02-26,성북구,1193
2025-02-26,송파구,2558
2025-02-26,양천구,1283
2025-02-26,영등포구,1306
2025-02-26,용산구,690
2025-02-26,은평구,1278
2025-02-26,종로구,358
2025-02-26,중구,345
2025-02-26,중랑구,1005
2025-02-27,강남구,2205
2025-02-27,강동구,1386
2025-02-27,강북구,663
2025-02-27,강서구,1861
2025-02-27,관악구,1523
2025-02-27,광진구,1016
2025-02-27,구로구,1080
2025-02-27,금천구,520
2025-02-27,노원구,1312
2025-02-27,도봉구,708
2025-02-27,동대문구,965
2025-02-27,동작구,1098
2025-02-27,마포구,1277
2025-02-27,서대문구,863
2025-02-27,서초구,1385
2025-02-27,성동구,878
2025-02-27,성북구,1120
2025-02-27,송파구,2391
2025-02-27,양천구,1260
2025-02-27,영등포구,1253
2025-02-27,용산구,683
2025-02-27,은평구,1189
2025-02-27,종로구,357
2025-02-27,중구,294
2025-02-27,중랑구,916
2025-02-28,강남구,2368
2025-02-28,강동구,1423
2025-02-28,강북구,668
2025-02-28,강서구,2080
2025-02-28,관악구,1558
2025-02-28,광진구,973
2025-02-28,구로구,1143
2025-02-28,금천구,571
2025-02-28,노원구,1372
2025-02-28,도봉구,675
2025-02-28,동대문구,945
2025-02-28,동작구,1093
2025-02-28,마포구,1379
2025-02-28,서대문구,839
2025-02-28,서초구,1474
2025-02-28,성동구,889
2025-02-28,성북구,1181
2025-02-28,송파구,2645
2025-02-28,양천구,1253
2025-02-28,영등포구,1251
2025-02-28,용산구,658
2025-02-28,은평구,1262
2025-02-28,종로구,333
2025-02-28,중구,285
2025-02-28,중랑구,1067
2025-03-01,강남구,2035
2025-03-01,강동구,1324
2025-03-01,강북구,608
2025-03-01,강서구,1687
2025-03-01,관악구,1460
2025-03-01,광진구,865
2025-03-01,구로구,981
2025-03-01,금천구,492
2025-03-01,노원구,1267
2025-03-01,도봉구,649
2025-03-01,동대문구,883
2025-03-01,동작구,962
2025-03-01,마포구,1159
2025-03-01,서대문구,713
2025-03-01,서초구,1235
2025-03-01,성동구,802
2025-03-01,성북구,1020
2025-03-01,송파구,2289
2025-03-01,양천구,1096
2025-03-01,영등포구,1100
2025-03-01,용산구,583
2025-03-01,은평구,1077
2025-03-01,종로구,294
2025-03-01,중구,247
2025-03-01,중랑구,830
2025-03-02,강남구,1831
2025-03-02,강동구,1116
2025-03-02,강북구,555
2025-03-02,강서구,1518
2025-03-02,관악구,1278
2025-03-02,광진구,782
2025-03-02,구로구,888
2025-03-02,금천구,467
2025-03-02,노원구,1102
2025-03-02,도봉구,571
2025-03-02,동대문구,816
2025-03-02,동작구,884
2025-03-02,마포구,1003
2025-03-02,서대문구,742
2025-03-02,서초구,1214
2025-03-02,성동구,722
2025-03-02,성북구,928
2025-03-02,송파구,2046
2025-03-02,양천구,1022
2025-03-02,영등포구,1095
2025-03-02,용산구,549
2025-03-02,은평구,1031
2025-03-02,종로구,300
2025-03-02,중구,274
2025-03-02,중랑구,752
2025-03-03,강남구,2875
2025-03-03,강동구,1857
2025-03-03,강북구,830
2025-03-03,강서구,2451
2025-03-03,관악구,2002
2025-03-03,광진구,1238
2025-03-03,구로구,1400
2025-03-03,금천구,708
2025-03-03,노원구,1729
2025-03-03,도봉구,850
2025-03-03,동대문구,1163
2025-03-03,동작구,1375
2025-03-03,마포구,1643
2025-03-03,서대문구,1081
2025-03-03,서초구,1894
2025-03-03,성동구,1102
2025-03-03,성북구,1473
2025-03-03,송파구,3233
2025-03-03,양천구,1535
2025-03-03,영등포구,1555
2025-03-03,용산구,850
2025-03-03,은평구,1513
2025-03-03,종로구,441
2025-03-03,중구,378
2025-03-03,중랑구,1123
2025-03-04,강남구,2631
2025-03-04,강동구,1652
2025-03-04,강북구,801
2025-03-04,강서구,2244
2025-03-04,관악구,1848
2025-03-04,광진구,1158
2025-03-04,구로구,1353
2025-03-04,금천구,635
2025-03-04,노원구,1580
2025-03-04,도봉구,796
2025-03-04,동대문구,1137
2025-03-04,동작구,1300
2025-03-04,마포구,1511
2025-03-04,서대문구,1026
2025-03-04,서초구,1713
2025-03-04,성동구,1079
2025-03-04,성북구,1308
2025-03-04,송파구,3007
2025-03-04,양천구,1453
2025-03-04,영등포구,1515
2025-03-04,용산구,843
2025-03-04,은평구,1555
2025-03-04,종로구,393
2025-03-04,중구,394
2025-03-04,중랑구,1127
2025-03-05,강남구,2460
2025-03-05,강동구,1524
2025-03-05,강북구,759
2025-03-05,강서구,2015
2025-03-05,관악구,1690
2025-03-05,광진구,1030
2025-03-05,구로구,1221
2025-03-05,금천구,619
2025-03-05,노원구,1473
2025-03-05,도봉구,813
2025-03-05,동대문구,1047
2025-03-05,동작구,1293
2025-03-05,마포구,1414
2025-03-05,서대문구,891
2025-03-05,서초구,1563
2025-03-05,성동구,993
2025-03-05,성북구,1210
2025-03-05,송파구,2724
2025-03-05,양천구,1359
2025-03-05,영등포구,1385
2025-03-05,용산구,773
2025-03-05,은평구,1301
2025-03-05,종로구,373
2025-03-05,중구,340
2025-03-05,중랑구,1059
2025-03-06,강남구,2378
2025-03-06,강동구,1430
2025-03-06,강북구,701
2025-03-06,강서구,1949
2025-03-06,관악구,1686
2025-03-06,광진구,1030
2025-03-06,구로구,1158
2025-03-06,금천구,511
2025-03-06,노원구,1482
2025-03-06,도봉구,753
2025-03-06,동대문구,948
2025-03-06,동작구,1166
2025-03-06,마포구,1365
2025-03-06,서대문구,901
2025-03-06,서초구,1521
2025-03-06,성동구,840
2025-03-06,성북구,1176
2025-03-06,송파구,2608
2025-03-06,양천구,1327
2025-03-06,영등포구,1318
2025-03-06,용산구,712
2025-03-06,은평구,1278
2025-03-06,종로구,372
2025-03-06,중구,358
2025-03-06,중랑구,1010
2025-03-07,강남구,2454
2025-03-07,강동구,1536
2025-03-07,강북구,719
2025-03-07,강서구,1977
2025-03-07,관악구,1655
2025-03-07,광진구,1025
2025-03-07,구로구,1228
2025-03-07,금천구,557
2025-03-07,노원구,1460
2025-03-07,도봉구,697
2025-03-07,동대문구,976
2025-03-07,동작구,1134
2025-03-07,마포구,1339
2025-03-07,서대문구,932
2025-03-07,서초구,1581
2025-03-07,성동구,920
2025-03-07,성북구,1182
2025-03-07,송파구,2621
2025-03-07,양천구,1348
2025-03-07,영등포구,1482
2025-03-07,용산구,733
2025-03-07,은평구,1436
2025-03-07,종로구,399
2025-03-07,중구,362
2025-03-07,중랑구,1033
2025-03-08,강남구,1950
2025-03-08,강동구,1204
2025-03-08,강북구,601
2025-03-08,강서구,1657
2025-03-08,관악구,1290
2025-03-08,광진구,824
2025-03-08,구로구,969
2025-03-08,금천구,438
2025-03-08,노원구,1189
2025-03-08,도봉구,613
2025-03-08,동대문구,840
2025-03-08,동작구,975
2025-03-08,마포구,1058
2025-03-08,서대문구,722
2025-03-08,서초구,1220
2025-03-08,성동구,766
2025-03-08,성북구,940
2025-03-08,송파구,2222
2025-03-08,양천구,1026
2025-03-08,영등포구,1058
2025-03-08,용산구,591
2025-03-08,은평구,1009
2025-03-08,종로구,311
2025-03-08,중구,267
2025-03-08,중랑구,750
2025-03-09,강남구,1834
2025-03-09,강동구,1179
2025-03-09,강북구,529
2025-03-09,강서구,1490
2025-03-09,관악구,1262
2025-03-09,광진구,736
2025-03-09,구로구,937
2025-03-09,금천구,449
2025-03-09,노원구,1134
2025-03-09,도봉구,579
2025-03-09,동대문구,742
2025-03-09,동작구,876
2025-03-09,마포구,1038
2025-03-09,서대문구,712
2025-03-09,서초구,1169
2025-03-09,성동구,715
2025-03-09,성북구,988
2025-03-09,송파구,2022
2025-03-09,양천구,1011
2025-03-09,영등포구,1064
2025-03-09,용산구,559
2025-03-09,은평구,1009
2025-03-09,종로구,301
2025-03-09,중구,247
2025-03-09,중랑구,785
2025-03-10,강남구,2753
2025-03-10,강동구,1731
2025-03-10,강북구,801
2025-03-10,강서구,2318
2025-03-10,관악구,1930
2025-03-10,광진구,1264
2025-03-10,구로구,1437
2025-03-10,금천구,693
2025-03-10,노원구,1708
2025-03-10,도봉구,872
2025-03-10,동대문구,1181
2025-03-10,동작구,1351
2025-03-10,마포구,1708
2025-03-10,서대문구,1121
2025-03-10,서초구,1850
2025-03-10,성동구,1112
2025-03-10,성북구,1369
2025-03-10,송파구,3190
2025-03-10,양천구,1614
2025-03-10,영등포구,1620
2025-03-10,용산구,826
2025-03-10,은평구,1553
2025-03-10,종로구,463
2025-03-10,중구,339
2025-03-10,중랑구,1202
2025-03-11,강남구,2895
2025-03-11,강동구,1755
2025-03-11,강북구,825
2025-03-11,강서구,2470
2025-03-11,관악구,1999
2025-03-11,광진구,1223
2025-03-11,구로구,1349
2025-03-11,금천구,680
2025-03-11,노원구,1660
2025-03-11,도봉구,886
2025-03-11,동대문구,1137
2025-03-11,동작구,1416
2025-03-11,마포구,1631
2025-03-11,서대문구,1058
2025-03-11,서초구,1787
2025-03-11,성동구,1144
2025-03-11,성북구,1395
2025-03-11,송파구,3250
2025-03-11,양천구,1559
2025-03-11,영등포구,1662
2025-03-11,용산구,835
2025-03-11,은평구,1472
2025-03-11,종로구,446
2025-03-11,중구,371
2025-03-11,중랑구,1202
2025-03-12,강남구,2481
2025-03-12,강동구,1488
2025-03-12,강북구,715
2025-03-12,강서구,1998
2025-03-12,관악구,1718
2025-03-12,광진구,1050
2025-03-12,구로구,1250
2025-03-12,금천구,617
2025-03-12,노원구,1474
2025-03-12,도봉구,805
2025-03-12,동대문구,1081
2025-03-12,동작구,1230
2025-03-12,마포구,1462
2025-03-12,서대문구,934
2025-03-12,서초구,1632
2025-03-12,성동구,1030
2025-03-12,성북구,1253
2025-03-12,송파구,2728
2025-03-12,양천구,1455
2025-03-12,영등포구,1405
2025-03-12,용산구,777
2025-03-12,은평구,1371
2025-03-12,종로구,375
2025-03-12,중구,327
2025-03-12,중랑구,1042
2025-03-13,강남구,2384
2025-03-13,강동구,1437
2025-03-13,강북구,714
2025-03-13,강서구,2055
2025-03-13,관악구,1675
2025-03-13,광진구,1024
2025-03-13,구로구,1168
2025-03-13,금천구,578
2025-03-13,노원구,1425
2025-03-13,도봉구,723
2025-03-13,동대문구,954
2025-03-13,동작구,1158
2025-03-13,마포구,1320
2025-03-13,서대문구,891
2025-03-13,서초구,1495
2025-03-13,성동구,905
2025-03-13,성북구,1247
2025-03-13,송파구,2586
2025-03-13,양천구,1283
2025-03-13,영등포구,1374
2025-03-13,용산구,692
2025-03-13,은평구,1306
2025-03-13,종로구,351
2025-03-13,중구,321
2025-03-13,중랑구,1000
2025-03-14,강남구,2452
2025-03-14,강동구,1513
2025-03-14,강북구,685
2025-03-14,강서구,2080
2025-03-14,관악구,1733
2025-03-14,광진구,1069
2025-03-14,구로구,1214
2025-03-14,금천구,561
2025-03-14,노원구,1533
2025-03-14,도봉구,757
2025-03-14,동대문구,992
2025-03-14,동작구,1213
2025-03-14,마포구,1368
2025-03-14,서대문구,912
2025-03-14,서초구,1557
2025-03-14,성동구,974
2025-03-14,성북구,1225
2025-03-14,송파구,2768
2025-03-14,양천구,1333
2025-03-14,영등포구,1360
2025-03-14,용산구,732
2025-03-14,은평구,1352
2025-03-14,종로구,358
2025-03-14,중구,332
2025-03-14,중랑구,1041
2025-03-15,강남구,1925
2025-03-15,강동구,1170
2025-03-15,강북구,562
2025-03-15,강서구,1667
2025-03-15,관악구,1328
2025-03-15,광진구,849
2025-03-15,구로구,996
2025-03-15,금천구,499
2025-03-15,노원구,1226
2025-03-15,도봉구,569
2025-03-15,동대문구,837
2025-03-15,동작구,955
2025-03-15,마포구,1117
2025-03-15,서대문구,730
2025-03-15,서초구,1275
2025-03-15,성동구,738
2025-03-15,성북구,1010
2025-03-15,송파구,2198
2025-03-15,양천구,1060
2025-03-15,영등포구,1064
2025-03-15,용산구,620
2025-03-15,은평구,1092
2025-03-15,종로구,320
2025-03-15,중구,255
2025-03-15,중랑구,838
2025-03-16,강남구,1838
2025-03-16,강동구,1160
2025-03-16,강북구,573
2025-03-16,강서구,1514
2025-03-16,관악구,1252
2025-03-16,광진구,760
2025-03-16,구로구,889
2025-03-16,금천구,416
2025-03-16,노원구,1202
2025-03-16,도봉구,632
2025-03-16,동대문구,792
2025-03-16,동작구,918
2025-03-16,마포구,1018
2025-03-16,서대문구,685
2025-03-16,서초구,1192
2025-03-16,성동구,710
2025-03-16,성북구,968
2025-03-16,송파구,2107
2025-03-16,양천구,1027
2025-03-16,영등포구,1057
2025-03-16,용산구,549
2025-03-16,은평구,987
2025-03-16,종로구,287
2025-03-16,중구,230
2025-03-16,중랑구,775
2025-03-17,강남구,2877
2025-03-17,강동구,1729
2025-03-17,강북구,853
2025-03-17,강서구,2391
2025-03-17,관악구,1992
2025-03-17,광진구,1252
2025-03-17,구로구,1370
2025-03-17,금천구,712
2025-03-17,노원구,1709
2025-03-17,도봉구,864
2025-03-17,동대문구,1147
2025-03-17,동작구,1460
2025-03-17,마포구,1677
2025-03-17,서대문구,1090
2025-03-17,서초구,1882
2025-03-17,성동구,1115
2025-03-17,성북구,1458
2025-03-17,송파구,3362
2025-03-17,양천구,1583
2025-03-17,영등포구,1539
2025-03-17,용산구,878
2025-03-17,은평구,1562
2025-03-17,종로구,442
2025-03-17,중구,404
2025-03-17,중랑구,1118
2025-03-18,강남구,2675
2025-03-18,강동구,1601
2025-03-18,강북구,809
2025-03-18,강서구,2253
2025-03-18,관악구,1828
2025-03-18,광진구,1129
2025-03-18,구로구,1332
2025-03-18,금천구,686
2025-03-18,노원구,1668
2025-03-18,도봉구,869
2025-03-18,동대문구,1109
2025-03-18,동작구,1262
2025-03-18,마포구,1578
2025-03-18,서대문구,1078
2025-03-18,서초구,1695
2025-03-18,성동구,1104
2025-03-18,성북구,1384
2025-03-18,송파구,3002
2025-03-18,양천구,1502
2025-03-18,영등포구,1544
2025-03-18,용산구,778
2025-03-18,은평구,1536
2025-03-18,종로구,420
2025-03-18,중구,334
2025-03-18,중랑구,1152
2025-03-19,강남구,2561
2025-03-19,강동구,1609
2025-03-19,강북구,764
2025-03-19,강서구,2043
2025-03-19,관악구,1710
2025-03-19,광진구,1108
2025-03-19,구로구,1230
2025-03-19,금천구,619
2025-03-19,노원구,1456
2025-03-19,도봉구,784
2025-03-19,동대문구,1016
2025-03-19,동작구,1207
2025-03-19,마포구,1433
2025-03-19,서대문구,937
2025-03-19,서초구,1684
2025-03-19,성동구,1008
2025-03-19,성북구,1286
2025-03-19,송파구,2702
2025-03-19,양천구,1404
2025-03-19,영등포구,1389
2025-03-19,용산구,773
2025-03-19,은평구,1370
2025-03-19,종로구,351
2025-03-19,중구,367
2025-03-19,중랑구,1050
2025-03-20,강남구,2405
2025-03-20,강동구,1396
2025-03-20,강북구,694
2025-03-20,강서구,1970
2025-03-20,관악구,1593
2025-03-20,광진구,986
2025-03-20,구로구,1234
2025-03-20,금천구,591
2025-03-20,노원구,1416
2025-03-20,도봉구,746
2025-03-20,동대문구,979
2025-03-20,동작구,1188
2025-03-20,마포구,1328
2025-03-20,서대문구,815
2025-03-20,서초구,1487
2025-03-20,성동구,967
2025-03-20,성북구,1169
2025-03-20,송파구,2723
2025-03-20,양천구,1315
2025-03-20,영등포구,1384
2025-03-20,용산구,699
2025-03-20,은평구,1336
2025-03-20,종로구,378
2025-03-20,중구,334
2025-03-20,중랑구,983
2025-03-21,강남구,2542
2025-03-21,강동구,1589
2025-03-21,강북구,795
2025-03-21,강서구,2173
2025-03-21,관악구,1802
2025-03-21,광진구,1127
2025-03-21,구로구,1331
2025-03-21,금천구,607
2025-03-21,노원구,1527
2025-03-21,도봉구,810
2025-03-21,동대문구,1039
2025-03-21,동작구,1280
2025-03-21,마포구,1457
2025-03-21,서대문구,978
2025-03-21,서초구,1701
2025-03-21,성동구,1026
2025-03-21,성북구,1286
2025-03-21,송파구,2958
2025-03-21,양천구,1464
2025-03-21,영등포구,1415
2025-03-21,용산구,788
2025-03-21,은평구,1405
2025-03-21,종로구,403
2025-03-21,중구,338
2025-03-21,중랑구,1091
2025-03-22,강남구,1997
2025-03-22,강동구,1223
2025-03-22,강북구,585
2025-03-22,강서구,1667
2025-03-22,관악구,1286
2025-03-22,광진구,846
2025-03-22,구로구,999
2025-03-22,금천구,485
2025-03-22,노원구,1219
2025-03-22,도봉구,579
2025-03-22,동대문구,791
2025-03-22,동작구,968
2025-03-22,마포구,1062
2025-03-22,서대문구,775
2025-03-22,서초구,1257
2025-03-22,성동구,775
2025-03-22,성북구,975
2025-03-22,송파구,2275
2025-03-22,양천구,1089
2025-03-22,영등포구,1078
2025-03-22,용산구,598
2025-03-22,은평구,1058
2025-03-22,종로구,321
2025-03-22,중구,262
2025-03-22,중랑구,835
2025-03-23,강남구,1853
2025-03-23,강동구,1177
2025-03-23,강북구,571
2025-03-23,강서구,1528
2025-03-23,관악구,1307
2025-03-23,광진구,781
2025-03-23,구로구,901
2025-03-23,금천구,435
2025-03-23,노원구,1116
2025-03-23,도봉구,581
2025-03-23,동대문구,770
2025-03-23,동작구,924
2025-03-23,마포구,1044
2025-03-23,서대문구,708
2025-03-23,서초구,1228
2025-03-23,성동구,728
2025-03-23,성북구,957
2025-03-23,송파구,2067
2025-03-23,양천구,964
2025-03-23,영등포구,1058
2025-03-23,용산구,530
2025-03-23,은평구,1035
2025-03-23,종로구,277
2025-03-23,중구,248
2025-03-23,중랑구,727
2025-03-24,강남구,2846
2025-03-24,강동구,1751
2025-03-24,강북구,854
2025-03-24,강서구,2439
2025-03-24,관악구,1917
2025-03-24,광진구,1210
2025-03-24,구로구,1421
2025-03-24,금천구,719
2025-03-24,노원구,1764
2025-03-24,도봉구,883
2025-03-24,동대문구,1149
2025-03-24,동작구,1445
2025-03-24,마포구,1620
2025-03-24,서대문구,1042
2025-03-24,서초구,1841
2025-03-24,성동구,1153
2025-03-24,성북구,1445
2025-03-24,송파구,3158
2025-03-24,양천구,1595
2025-03-24,영등포구,1621
2025-03-24,용산구,961
2025-03-24,은평구,1624
2025-03-24,종로구,410
2025-03-24,중구,387
2025-03-24,중랑구,1199
2025-03-25,강남구,2679
2025-03-25,강동구,1710
2025-03-25,강북구,821
2025-03-25,강서구,2293
2025-03-25,관악구,1901
2025-03-25,광진구,1171
2025-03-25,구로구,1335
2025-03-25,금천구,666
2025-03-25,노원구,1647
2025-03-25,도봉구,820
2025-03-25,동대문구,1140
2025-03-25,동작구,1353
2025-03-25,마포구,1650
2025-03-25,서대문구,1085
2025-03-25,서초구,1751
2025-03-25,성동구,993
2025-03-25,성북구,1361
2025-03-25,송파구,3129
2025-03-25,양천구,1485
2025-03-25,영등포구,1540
2025-03-25,용산구,823
2025-03-25,은평구,1511
2025-03-25,종로구,358
2025-03-25,중구,371
2025-03-25,중랑구,1144
2025-03-26,강남구,2476
2025-03-26,강동구,1469
2025-03-26,강북구,722
2025-03-26,강서구,2092
2025-03-26,관악구,1682
2025-03-26,광진구,1032
2025-03-26,구로구,1212
2025-03-26,금천구,574
2025-03-26,노원구,1479
2025-03-26,도봉구,757
2025-03-26,동대문구,1064
2025-03-26,동작구,1242
2025-03-26,마포구,1502
2025-03-26,서대문구,915
2025-03-26,서초구,1613
2025-03-26,성동구,972
2025-03-26,성북구,1227
2025-03-26,송파구,2820
2025-03-26,양천구,1337
2025-03-26,영등포구,1414
2025-03-26,용산구,781
2025-03-26,은평구,1359
2025-03-26,종로구,366
2025-03-26,중구,341
2025-03-26,중랑구,1102
2025-03-27,강남구,2412
2025-03-27,강동구,1439
2025-03-27,강북구,681
2025-03-27,강서구,1966
2025-03-27,관악구,1672
2025-03-27,광진구,1038
2025-03-27,구로구,1227
2025-03-27,금천구,576
2025-03-27,노원구,1414
2025-03-27,도봉구,705
2025-03-27,동대문구,942
2025-03-27,동작구,1104
2025-03-27,마포구,1398
2025-03-27,서대문구,874
2025-03-27,서초구,1534
2025-03-27,성동구,971
2025-03-27,성북구,1216
2025-03-27,송파구,2699
2025-03-27,양천구,1342
2025-03-27,영등포구,1317
2025-03-27,용산구,704
2025-03-27,은평구,1273
2025-03-27,종로구,350
2025-03-27,중구,295
2025-03-27,중랑구,970
2025-03-28,강남구,2539
2025-03-28,강동구,1512
2025-03-28,강북구,707
2025-03-28,강서구,2121
2025-03-28,관악구,1777
2025-03-28,광진구,1088
2025-03-28,구로구,1221
2025-03-28,금천구,589
2025-03-28,노원구,1493
2025-03-28,도봉구,757
2025-03-28,동대문구,1025
2025-03-28,동작구,1193
2025-03-28,마포구,1458
2025-03-28,서대문구,896
2025-03-28,서초구,1528
2025-03-28,성동구,928
2025-03-28,성북구,1249
2025-03-28,송파구,2758
2025-03-28,양천구,1352
2025-03-28,영등포구,1426
2025-03-28,용산구,754
2025-03-28,은평구,1382
2025-03-28,종로구,395
2025-03-28,중구,337
2025-03-28,중랑구,1047
2025-03-29,강남구,1951
2025-03-29,강동구,1187
2025-03-29,강북구,638
2025-03-29,강서구,1655
2025-03-29,관악구,1351
2025-03-29,광진구,802
2025-03-29,구로구,970
2025-03-29,금천구,433
2025-03-29,노원구,1210
2025-03-29,도봉구,603
2025-03-29,동대문구,787
2025-03-29,동작구,916
2025-03-29,마포구,1170
2025-03-29,서대문구,707
2025-03-29,서초구,1249
2025-03-29,성동구,712
2025-03-29,성북구,1024
2025-03-29,송파구,2275
2025-03-29,양천구,1083
2025-03-29,영등포구,1121
2025-03-29,용산구,570
2025-03-29,은평구,1060
2025-03-29,종로구,253
2025-03-29,중구,268
2025-03-29,중랑구,805
2025-03-30,강남구,1888
2025-03-30,강동구,1128
2025-03-30,강북구,602
2025-03-30,강서구,1592
2025-03-30,관악구,1344
2025-03-30,광진구,859
2025-03-30,구로구,900
2025-03-30,금천구,465
2025-03-30,노원구,1106
2025-03-30,도봉구,562
2025-03-30,동대문구,763
2025-03-30,동작구,867
2025-03-30,마포구,1052
2025-03-30,서대문구,703
2025-03-30,서초구,1164
2025-03-30,성동구,752
2025-03-30,성북구,954
2025-03-30,송파구,2056
2025-03-30,양천구,1072
2025-03-30,영등포구,1038
2025-03-30,용산구,554
2025-03-30,은평구,992
2025-03-30,종로구,294
2025-03-30,중구,279
2025-03-30,중랑구,756
2025-03-31,강남구,2969
2025-03-31,강동구,1729
2025-03-31,강북구,908
2025-03-31,강서구,2410
2025-03-31,관악구,1885
2025-03-31,광진구,1273
2025-03-31,구로구,1451
2025-03-31,금천구,661
2025-03-31,노원구,1729
2025-03-31,도봉구,883
2025-03-31,동대문구,1179
2025-03-31,동작구,1393
2025-03-31,마포구,1679
2025-03-31,서대문구,1118
2025-03-31,서초구,1805
2025-03-31,성동구,1144
2025-03-31,성북구,1397
2025-03-31,송파구,3244
2025-03-31,양천구,1519
2025-03-31,영등포구,1671
2025-03-31,용산구,849
2025-03-31,은평구,1665
2025-03-31,종로구,426
2025-03-31,중구,382
2025-03-31,중랑구,1156
2025-04-01,강남구,2747
2025-04-01,강동구,1781
2025-04-01,강북구,831
2025-04-01,강서구,2474
2025-04-01,관악구,1990
2025-04-01,광진구,1304
2025-04-01,구로구,1382
2025-04-01,금천구,659
2025-04-01,노원구,1685
2025-04-01,도봉구,903
2025-04-01,동대문구,1197
2025-04-01,동작구,1414
2025-04-01,마포구,1654
2025-04-01,서대문구,1040
2025-04-01,서초구,1778
2025-04-01,성동구,1135
2025-04-01,성북구,1467
2025-04-01,송파구,3169
2025-04-01,양천구,1549
2025-04-01,영등포구,1596
2025-04-01,용산구,884
2025-04-01,은평구,1533
2025-04-01,종로구,452
2025-04-01,중구,415
2025-04-01,중랑구,1178
2025-04-02,강남구,2568
2025-04-02,강동구,1468
2025-04-02,강북구,700
2025-04-02,강서구,2047
2025-04-02,관악구,1721
2025-04-02,광진구,1076
2025-04-02,구로구,1193
2025-04-02,금천구,576
2025-04-02,노원구,1474
2025-04-02,도봉구,752
2025-04-02,동대문구,960
2025-04-02,동작구,1245
2025-04-02,마포구,1415
2025-04-02,서대문구,935
2025-04-02,서초구,1604
2025-04-02,성동구,998
2025-04-02,성북구,1302
2025-04-02,송파구,2726
2025-04-02,양천구,1339
2025-04-02,영등포구,1450
2025-04-02,용산구,775
2025-04-02,은평구,1351
2025-04-02,종로구,362
2025-04-02,중구,331
2025-04-02,중랑구,1042
2025-04-03,강남구,2381
2025-04-03,강동구,1440
2025-04-03,강북구,701
2025-04-03,강서구,2007
2025-04-03,관악구,1677
2025-04-03,광진구,996
2025-04-03,구로구,1182
2025-04-03,금천구,593
2025-04-03,노원구,1504
2025-04-03,도봉구,716
2025-04-03,동대문구,998
2025-04-03,동작구,1176
2025-04-03,마포구,1447
2025-04-03,서대문구,940
2025-04-03,서초구,1572
2025-04-03,성동구,917
2025-04-03,성북구,1218
2025-04-03,송파구,2643
2025-04-03,양천구,1324
2025-04-03,영등포구,1396
2025-04-03,용산구,755
2025-04-03,은평구,1238
2025-04-03,종로구,361
2025-04-03,중구,343
2025-04-03,중랑구,1002
2025-04-04,강남구,2508
2025-04-04,강동구,1536
2025-04-04,강북구,711
2025-04-04,강서구,2111
2025-04-04,관악구,1715
2025-04-04,광진구,1019
2025-04-04,구로구,1269
2025-04-04,금천구,596
2025-04-04,노원구,1513
2025-04-04,도봉구,754
2025-04-04,동대문구,1045
2025-04-04,동작구,1188
2025-04-04,마포구,1465
2025-04-04,서대문구,882
2025-04-04,서초구,1661
2025-04-04,성동구,990
2025-04-04,성북구,1215
2025-04-04,송파구,2841
2025-04-04,양천구,1425
2025-04-04,영등포구,1441
2025-04-04,용산구,788
2025-04-04,은평구,1357
2025-04-04,종로구,361
2025-04-04,중구,339
2025-04-04,중랑구,1049
2025-04-05,강남구,1961
2025-04-05,강동구,1161
2025-04-05,강북구,566
2025-04-05,강서구,1583
2025-04-05,관악구,1373
2025-04-05,광진구,832
2025-04-05,구로구,955
2025-04-05,금천구,462
2025-04-05,노원구,1166
2025-04-05,도봉구,605
2025-04-05,동대문구,846
2025-04-05,동작구,974
2025-04-05,마포구,1122
2025-04-05,서대문구,763
2025-04-05,서초구,1328
2025-04-05,성동구,738
2025-04-05,성북구,925
2025-04-05,송파구,2173
2025-04-05,양천구,1067
2025-04-05,영등포구,1143
2025-04-05,용산구,622
2025-04-05,은평구,1006
2025-04-05,종로구,307
2025-04-05,중구,236
2025-04-05,중랑구,839
2025-04-06,강남구,1856
2025-04-06,강동구,1145
2025-04-06,강북구,568
2025-04-06,강서구,1559
2025-04-06,관악구,1326
2025-04-06,광진구,794
2025-04-06,구로구,941
2025-04-06,금천구,462
2025-04-06,노원구,1157
2025-04-06,도봉구,592
2025-04-06,동대문구,767
2025-04-06,동작구,886
2025-04-06,마포구,1066
2025-04-06,서대문구,683
2025-04-06,서초구,1242
2025-04-06,성동구,728
2025-04-06,성북구,901
2025-04-06,송파구,2077
2025-04-06,양천구,1094
2025-04-06,영등포구,1053
2025-04-06,용산구,580
2025-04-06,은평구,963
2025-04-06,종로구,272
2025-04-06,중구,251
2025-04-06,중랑구,780
2025-04-07,강남구,2847
2025-04-07,강동구,1766
2025-04-07,강북구,876
2025-04-07,강서구,2467
2025-04-07,관악구,1960
2025-04-07,광진구,1173
2025-04-07,구로구,1425
2025-04-07,금천구,700
2025-04-07,노원구,1846
2025-04-07,도봉구,903
2025-04-07,동대문구,1158
2025-04-07,동작구,1400
2025-04-07,마포구,1675
2025-04-07,서대문구,1033
2025-04-07,서초구,1929
2025-04-07,성동구,1152
2025-04-07,성북구,1465
2025-04-07,송파구,3199
2025-04-07,양천구,1596
2025-04-07,영등포구,1574
2025-04-07,용산구,903
2025-04-07,은평구,1606
2025-04-07,종로구,396
2025-04-07,중구,424
2025-04-07,중랑구,1214
2025-04-08,강남구,2753
2025-04-08,강동구,1728
2025-04-08,강북구,771
2025-04-08,강서구,2294
2025-04-08,관악구,1922
2025-04-08,광진구,1184
2025-04-08,구로구,1325
2025-04-08,금천구,599
2025-04-08,노원구,1672
2025-04-08,도봉구,789
2025-04-08,동대문구,1154
2025-04-08,동작구,1314
2025-04-08,마포구,1569
2025-04-08,서대문구,1023
2025-04-08,서초구,1737
2025-04-08,성동구,1066
2025-04-08,성북구,1348
2025-04-08,송파구,3201
2025-04-08,양천구,1489
2025-04-08,영등포구,1548
2025-04-08,용산구,816
2025-04-08,은평구,1555
2025-04-08,종로구,395
2025-04-08,중구,348
2025-04-08,중랑구,1125
2025-04-09,강남구,2517
2025-04-09,강동구,1460
2025-04-09,강북구,703
2025-04-09,강서구,2053
2025-04-09,관악구,1776
2025-04-09,광진구,1099
2025-04-09,구로구,1343
2025-04-09,금천구,612
2025-04-09,노원구,1482
2025-04-09,도봉구,746
2025-04-09,동대문구,1040
2025-04-09,동작구,1193
2025-04-09,마포구,1396
2025-04-09,서대문구,953
2025-04-09,서초구,1549
2025-04-09,성동구,938
2025-04-09,성북구,1266
2025-04-09,송파구,2805
2025-04-09,양천구,1422
2025-04-09,영등포구,1440
2025-04-09,용산구,702
2025-04-09,은평구,1392
2025-04-09,종로구,379
2025-04-09,중구,311
2025-04-09,중랑구,1065
2025-04-10,강남구,2504
2025-04-10,강동구,1445
2025-04-10,강북구,685
2025-04-10,강서구,1967
2025-04-10,관악구,1652
2025-04-10,광진구,1072
2025-04-10,구로구,1176
2025-04-10,금천구,537
2025-04-10,노원구,1446
2025-04-10,도봉구,699
2025-04-10,동대문구,924
2025-04-10,동작구,1196
2025-04-10,마포구,1405
2025-04-10,서대문구,876
2025-04-10,서초구,1495
2025-04-10,성동구,968
2025-04-10,성북구,1169
2025-04-10,송파구,2644
2025-04-10,양천구,1326
2025-04-10,영등포구,1364
2025-04-10,용산구,773
2025-04-10,은평구,1294
2025-04-10,종로구,346
2025-04-10,중구,334
2025-04-10,중랑구,996
2025-04-11,강남구,2502
2025-04-11,강동구,1577
2025-04-11,강북구,775
2025-04-11,강서구,2102
2025-04-11,관악구,1830
2025-04-11,광진구,1073
2025-04-11,구로구,1270
2025-04-11,금천구,610
2025-04-11,노원구,1591
2025-04-11,도봉구,769
2025-04-11,동대문구,1056
2025-04-11,동작구,1245
2025-04-11,마포구,1531
2025-04-11,서대문구,966
2025-04-11,서초구,1673
2025-04-11,성동구,1015
2025-04-11,성북구,1259
2025-04-11,송파구,2873
2025-04-11,양천구,1432
2025-04-11,영등포구,1481
2025-04-11,용산구,775
2025-04-11,은평구,1394
2025-04-11,종로구,422
2025-04-11,중구,340
2025-04-11,중랑구,1080
2025-04-12,강남구,1960
2025-04-12,강동구,1166
2025-04-12,강북구,556
2025-04-12,강서구,1644
2025-04-12,관악구,1277
2025-04-12,광진구,838
2025-04-12,구로구,967
2025-04-12,금천구,471
2025-04-12,노원구,1145
2025-04-12,도봉구,572
2025-04-12,동대문구,814
2025-04-12,동작구,986
2025-04-12,마포구,1170
2025-04-12,서대문구,733
2025-04-12,서초구,1206
2025-04-12,성동구,770
2025-04-12,성북구,1013
2025-04-12,송파구,2234
2025-04-12,양천구,1039
2025-04-12,영등포구,1072
2025-04-12,용산구,576
2025-04-12,은평구,1003
2025-04-12,종로구,305
2025-04-12,중구,240
2025-04-12,중랑구,852
2025-04-13,강남구,1917
2025-04-13,강동구,1085
2025-04-13,강북구,573
2025-04-13,강서구,1464
2025-04-13,관악구,1278
2025-04-13,광진구,833
2025-04-13,구로구,914
2025-04-13,금천구,456
2025-04-13,노원구,1093
2025-04-13,도봉구,587
2025-04-13,동대문구,766
2025-04-13,동작구,864
2025-04-13,마포구,1092
2025-04-13,서대문구,647
2025-04-13,서초구,1172
2025-04-13,성동구,737
2025-04-13,성북구,941
2025-04-13,송파구,2086
2025-04-13,양천구,1031
2025-04-13,영등포구,1059
2025-04-13,용산구,569
2025-04-13,은평구,993
2025-04-13,종로구,266
2025-04-13,중구,273
2025-04-13,중랑구,777
2025-04-14,강남구,2909
2025-04-14,강동구,1835
2025-04-14,강북구,844
2025-04-14,강서구,2371
2025-04-14,관악구,1981
2025-04-14,광진구,1214
2025-04-14,구로구,1459
2025-04-14,금천구,659
2025-04-14,노원구,1732
2025-04-14,도봉구,861
2025-04-14,동대문구,1175
2025-04-14,동작구,1342
2025-04-14,마포구,1732
2025-04-14,서대문구,1115
2025-04-14,서초구,1922
2025-04-14,성동구,1117
2025-04-14,성북구,1401
2025-04-14,송파구,3137
2025-04-14,양천구,1621
2025-04-14,영등포구,1728
2025-04-14,용산구,885
2025-04-14,은평구,1647
2025-04-14,종로구,423
2025-04-14,중구,405
2025-04-14,중랑구,1160
2025-04-15,강남구,2689
2025-04-15,강동구,1654
2025-04-15,강북구,792
2025-04-15,강서구,2219
2025-04-15,관악구,1938
2025-04-15,광진구,1107
2025-04-15,구로구,1276
2025-04-15,금천구,609
2025-04-15,노원구,1663
2025-04-15,도봉구,824
2025-04-15,동대문구,1101
2025-04-15,동작구,1298
2025-04-15,마포구,1554
2025-04-15,서대문구,996
2025-04-15,서초구,1712
2025-04-15,성동구,1026
2025-04-15,성북구,1341
2025-04-15,송파구,3052
2025-04-15,양천구,1452
2025-04-15,영등포구,1521
2025-04-15,용산구,811
2025-04-15,은평구,1440
2025-04-15,종로구,437
2025-04-15,중구,379
2025-04-15,중랑구,1194
2025-04-16,강남구,2453
2025-04-16,강동구,1509
2025-04-16,강북구,718
2025-04-16,강서구,2153
2025-04-16,관악구,1696
2025-04-16,광진구,1079
2025-04-16,구로구,1235
2025-04-16,금천구,618
2025-04-16,노원구,1504
2025-04-16,도봉구,736
2025-04-16,동대문구,1107
2025-04-16,동작구,1171
2025-04-16,마포구,1460
2025-04-16,서대문구,947
2025-04-16,서초구,1634
2025-04-16,성동구,962
2025-04-16,성북구,1292
2025-04-16,송파구,2789
2025-04-16,양천구,1380
2025-04-16,영등포구,1409
2025-04-16,용산구,730
2025-04-16,은평구,1356
2025-04-16,종로구,404
2025-04-16,중구,336
2025-04-16,중랑구,1031
2025-04-17,강남구,2397
2025-04-17,강동구,1405
2025-04-17,강북구,711
2025-04-17,강서구,2012
2025-04-17,관악구,1678
2025-04-17,광진구,1045
2025-04-17,구로구,1141
2025-04-17,금천구,562
2025-04-17,노원구,1432
2025-04-17,도봉구,729
2025-04-17,동대문구,980
2025-04-17,동작구,1175
2025-04-17,마포구,1399
2025-04-17,서대문구,891
2025-04-17,서초구,1545
2025-04-17,성동구,978
2025-04-17,성북구,1224
2025-04-17,송파구,2659
2025-04-17,양천구,1304
2025-04-17,영등포구,1333
2025-04-17,용산구,745
2025-04-17,은평구,1308
2025-04-17,종로구,370
2025-04-17,중구,304
2025-04-17,중랑구,1020
2025-04-18,강남구,2440
2025-04-18,강동구,1519
2025-04-18,강북구,722
2025-04-18,강서구,2037
2025-04-18,관악구,1787
2025-04-18,광진구,1065
2025-04-18,구로구,1254
2025-04-18,금천구,574
2025-04-18,노원구,1445
2025-04-18,도봉구,759
2025-04-18,동대문구,1038
2025-04-18,동작구,1197
2025-04-18,마포구,1441
2025-04-18,서대문구,923
2025-04-18,서초구,1608
2025-04-18,성동구,981
2025-04-18,성북구,1190
2025-04-18,송파구,2750
2025-04-18,양천구,1280
2025-04-18,영등포구,1399
2025-04-18,용산구,712
2025-04-18,은평구,1375
2025-04-18,종로구,369
2025-04-18,중구,300
2025-04-18,중랑구,1057
2025-04-19,강남구,1887
2025-04-19,강동구,1172
2025-04-19,강북구,652
2025-04-19,강서구,1653
2025-04-19,관악구,1337
2025-04-19,광진구,868
2025-04-19,구로구,982
2025-04-19,금천구,471
2025-04-19,노원구,1175
2025-04-19,도봉구,609
2025-04-19,동대문구,795
2025-04-19,동작구,932
2025-04-19,마포구,1181
2025-04-19,서대문구,719
2025-04-19,서초구,1302
2025-04-19,성동구,799
2025-04-19,성북구,1019
2025-04-19,송파구,2257
2025-04-19,양천구,1086
2025-04-19,영등포구,1129
2025-04-19,용산구,625
2025-04-19,은평구,1005
2025-04-19,종로구,293
2025-04-19,중구,276
2025-04-19,중랑구,878
2025-04-20,강남구,1814
2025-04-20,강동구,1110
2025-04-20,강북구,516
2025-04-20,강서구,1579
2025-04-20,관악구,1306
2025-04-20,광진구,842
2025-04-20,구로구,922
2025-04-20,금천구,450
2025-04-20,노원구,1152
2025-04-20,도봉구,552
2025-04-20,동대문구,744
2025-04-20,동작구,943
2025-04-20,마포구,1071
2025-04-20,서대문구,697
2025-04-20,서초구,1147
2025-04-20,성동구,742
2025-04-20,성북구,977
2025-04-20,송파구,2110
2025-04-20,양천구,1032
2025-04-20,영등포구,943
2025-04-20,용산구,558
2025-04-20,은평구,1013
2025-04-20,종로구,278
2025-04-20,중구,253
2025-04-20,중랑구,789
2025-04-21,강남구,3081
2025-04-21,강동구,1822
2025-04-21,강북구,881
2025-04-21,강서구,2532
2025-04-21,관악구,2128
2025-04-21,광진구,1322
2025-04-21,구로구,1460
2025-04-21,금천구,707
2025-04-21,노원구,1862
2025-04-21,도봉구,907
2025-04-21,동대문구,1222
2025-04-21,동작구,1495
2025-04-21,마포구,1728
2025-04-21,서대문구,1146
2025-04-21,서초구,1928
2025-04-21,성동구,1216
2025-04-21,성북구,1570
2025-04-21,송파구,3424
2025-04-21,양천구,1675
2025-04-21,영등포구,1840
2025-04-21,용산구,879
2025-04-21,은평구,1715
2025-04-21,종로구,460
2025-04-21,중구,392
2025-04-21,중랑구,1273
2025-04-22,강남구,2754
2025-04-22,강동구,1545
2025-04-22,강북구,786
2025-04-22,강서구,2333
2025-04-22,관악구,1892
2025-04-22,광진구,1131
2025-04-22,구로구,1348
2025-04-22,금천구,651
2025-04-22,노원구,1597
2025-04-22,도봉구,814
2025-04-22,동대문구,1125
2025-04-22,동작구,1272
2025-04-22,마포구,1586
2025-04-22,서대문구,1059
2025-04-22,서초구,1750
2025-04-22,성동구,1021
2025-04-22,성북구,1379
2025-04-22,송파구,3080
2025-04-22,양천구,1454
2025-04-22,영등포구,1572
2025-04-22,용산구,842
2025-04-22,은평구,1464
2025-04-22,종로구,407
2025-04-22,중구,358
2025-04-22,중랑구,1093
2025-04-23,강남구,2492
2025-04-23,강동구,1495
2025-04-23,강북구,725
2025-04-23,강서구,2105
2025-04-23,관악구,1658
2025-04-23,광진구,1072
2025-04-23,구로구,1191
2025-04-23,금천구,601
2025-04-23,노원구,1530
2025-04-23,도봉구,777
2025-04-23,동대문구,1016
2025-04-23,동작구,1234
2025-04-23,마포구,1455
2025-04-23,서대문구,910
2025-04-23,서초구,1618
2025-04-23,성동구,958
2025-04-23,성북구,1233
2025-04-23,송파구,2820
2025-04-23,양천구,1334
2025-04-23,영등포구,1394
2025-04-23,용산구,771
2025-04-23,은평구,1399
2025-04-23,종로구,351
2025-04-23,중구,298
2025-04-23,중랑구,1002
2025-04-24,강남구,2424
2025-04-24,강동구,1457
2025-04-24,강북구,685
2025-04-24,강서구,2050
2025-04-24,관악구,1676
2025-04-24,광진구,1017
2025-04-24,구로구,1154
2025-04-24,금천구,596
2025-04-24,노원구,1454
2025-04-24,도봉구,721
2025-04-24,동대문구,1003
2025-04-24,동작구,1169
2025-04-24,마포구,1368
2025-04-24,서대문구,901
2025-04-24,서초구,1600
2025-04-24,성동구,915
2025-04-24,성북구,1161
2025-04-24,송파구,2706
2025-04-24,양천구,1327
2025-04-24,영등포구,1380
2025-04-24,용산구,760
2025-04-24,은평구,1286
2025-04-24,종로구,341
2025-04-24,중구,300
2025-04-24,중랑구,1032
2025-04-25,강남구,2462
2025-04-25,강동구,1530
2025-04-25,강북구,721
2025-04-25,강서구,2114
2025-04-25,관악구,1640
2025-04-25,광진구,1034
2025-04-25,구로구,1186
2025-04-25,금천구,627
2025-04-25,노원구,1493
2025-04-25,도봉구,720
2025-04-25,동대문구,1008
2025-04-25,동작구,1241
2025-04-25,마포구,1389
2025-04-25,서대문구,985
2025-04-25,서초구,1609
2025-04-25,성동구,997
2025-04-25,성북구,1236
2025-04-25,송파구,2740
2025-04-25,양천구,1315
2025-04-25,영등포구,1404
2025-04-25,용산구,753
2025-04-25,은평구,1328
2025-04-25,종로구,365
2025-04-25,중구,318
2025-04-25,중랑구,973
2025-04-26,강남구,1948
2025-04-26,강동구,1206
2025-04-26,강북구,531
2025-04-26,강서구,1663
2025-04-26,관악구,1366
2025-04-26,광진구,857
2025-04-26,구로구,999
2025-04-26,금천구,519
2025-04-26,노원구,1201
2025-04-26,도봉구,580
2025-04-26,동대문구,799
2025-04-26,동작구,916
2025-04-26,마포구,1096
2025-04-26,서대문구,709
2025-04-26,서초구,1287
2025-04-26,성동구,744
2025-04-26,성북구,954
2025-04-26,송파구,2212
2025-04-26,양천구,1083
2025-04-26,영등포구,1114
2025-04-26,용산구,597
2025-04-26,은평구,1057
2025-04-26,종로구,290
2025-04-26,중구,234
2025-04-26,중랑구,819
2025-04-27,강남구,1835
2025-04-27,강동구,1156
2025-04-27,강북구,537
2025-04-27,강서구,1532
2025-04-27,관악구,1253
2025-04-27,광진구,797
2025-04-27,구로구,969
2025-04-27,금천구,447
2025-04-27,노원구,1124
2025-04-27,도봉구,541
2025-04-27,동대문구,720
2025-04-27,동작구,940
2025-04-27,마포구,1089
2025-04-27,서대문구,684
2025-04-27,서초구,1206
2025-04-27,성동구,718
2025-04-27,성북구,914
2025-04-27,송파구,2046
2025-04-27,양천구,957
2025-04-27,영등포구,1081
2025-04-27,용산구,559
2025-04-27,은평구,1030
2025-04-27,종로구,278
2025-04-27,중구,264
2025-04-27,중랑구,781
2025-04-28,강남구,2917
2025-04-28,강동구,1739
2025-04-28,강북구,837
2025-04-28,강서구,2346
2025-04-28,관악구,2064
2025-04-28,광진구,1176
2025-04-28,구로구,1443
2025-04-28,금천구,690
2025-04-28,노원구,1711
2025-04-28,도봉구,911
2025-04-28,동대문구,1221
2025-04-28,동작구,1464
2025-04-28,마포구,1720
2025-04-28,서대문구,1074
2025-04-28,서초구,1835
2025-04-28,성동구,1120
2025-04-28,성북구,1489
2025-04-28,송파구,3271
2025-04-28,양천구,1562
2025-04-28,영등포구,1662
2025-04-28,용산구,900
2025-04-28,은평구,1532
2025-04-28,종로구,425
2025-04-28,중구,382
2025-04-28,중랑구,1204
2025-04-29,강남구,2652
2025-04-29,강동구,1600
2025-04-29,강북구,801
2025-04-29,강서구,2247
2025-04-29,관악구,1876
2025-04-29,광진구,1114
2025-04-29,구로구,1324
2025-04-29,금천구,664
2025-04-29,노원구,1610
2025-04-29,도봉구,789
2025-04-29,동대문구,1131
2025-04-29,동작구,1315
2025-04-29,마포구,1576
2025-04-29,서대문구,1033
2025-04-29,서초구,1712
2025-04-29,성동구,1026
2025-04-29,성북구,1376
2025-04-29,송파구,3056
2025-04-29,양천구,1525
2025-04-29,영등포구,1520
2025-04-29,용산구,877
2025-04-29,은평구,1545
2025-04-29,종로구,402
2025-04-29,중구,394
2025-04-29,중랑구,1147
2025-04-30,강남구,2531
2025-04-30,강동구,1489
2025-04-30,강북구,754
2025-04-30,강서구,2108
2025-04-30,관악구,1783
2025-04-30,광진구,1033
2025-04-30,구로구,1248
2025-04-30,금천구,589
2025-04-30,노원구,1517
2025-04-30,도봉구,808
2025-04-30,동대문구,1007
2025-04-30,동작구,1272
2025-04-30,마포구,1376
2025-04-30,서대문구,917
2025-04-30,서초구,1600
2025-04-30,성동구,989
2025-04-30,성북구,1281
2025-04-30,송파구,2681
2025-04-30,양천구,1413
2025-04-30,영등포구,1442
2025-04-30,용산구,750
2025-04-30,은평구,1357
2025-04-30,종로구,373
2025-04-30,중구,329
2025-04-30,중랑구,1018
2025-05-01,강남구,2643
2025-05-01,강동구,1578
2025-05-01,강북구,775
2025-05-01,강서구,2232
2025-05-01,관악구,1854
2025-05-01,광진구,1153
2025-05-01,구로구,1304
2025-05-01,금천구,647
2025-05-01,노원구,1551
2025-05-01,도봉구,839
2025-05-01,동대문구,1065
2025-05-01,동작구,1216
2025-05-01,마포구,1550
2025-05-01,서대문구,1027
2025-05-01,서초구,1658
2025-05-01,성동구,1032
2025-05-01,성북구,1344
2025-05-01,송파구,2923
2025-05-01,양천구,1417
2025-05-01,영등포구,1525
2025-05-01,용산구,819
2025-05-01,은평구,1412
2025-05-01,종로구,414
2025-05-01,중구,362
2025-05-01,중랑구,1112
2025-05-02,강남구,2651
2025-05-02,강동구,1613
2025-05-02,강북구,773
2025-05-02,강서구,2234
2025-05-02,관악구,1853
2025-05-02,광진구,1125
2025-05-02,구로구,1292
2025-05-02,금천구,586
2025-05-02,노원구,1578
2025-05-02,도봉구,818
2025-05-02,동대문구,1098
2025-05-02,동작구,1265
2025-05-02,마포구,1532
2025-05-02,서대문구,949
2025-05-02,서초구,1672
2025-05-02,성동구,1045
2025-05-02,성북구,1387
2025-05-02,송파구,3047
2025-05-02,양천구,1439
2025-05-02,영등포구,1513
2025-05-02,용산구,817
2025-05-02,은평구,1507
2025-05-02,종로구,413
2025-05-02,중구,331
2025-05-02,중랑구,1102
2025-05-03,강남구,2080
2025-05-03,강동구,1266
2025-05-03,강북구,637
2025-05-03,강서구,1822
2025-05-03,관악구,1408
2025-05-03,광진구,881
2025-05-03,구로구,1018
2025-05-03,금천구,512
2025-05-03,노원구,1249
2025-05-03,도봉구,644
2025-05-03,동대문구,918
2025-05-03,동작구,1017
2025-05-03,마포구,1245
2025-05-03,서대문구,811
2025-05-03,서초구,1276
2025-05-03,성동구,794
2025-05-03,성북구,1093
2025-05-03,송파구,2369
2025-05-03,양천구,1151
2025-05-03,영등포구,1161
2025-05-03,용산구,666
2025-05-03,은평구,1175
2025-05-03,종로구,307
2025-05-03,중구,270
2025-05-03,중랑구,841
2025-05-04,강남구,2069
2025-05-04,강동구,1209
2025-05-04,강북구,588
2025-05-04,강서구,1686
2025-05-04,관악구,1407
2025-05-04,광진구,843
2025-05-04,구로구,987
2025-05-04,금천구,469
2025-05-04,노원구,1217
2025-05-04,도봉구,614
2025-05-04,동대문구,841
2025-05-04,동작구,971
2025-05-04,마포구,1159
2025-05-04,서대문구,767
2025-05-04,서초구,1314
2025-05-04,성동구,805
2025-05-04,성북구,947
2025-05-04,송파구,2226
2025-05-04,양천구,1093
2025-05-04,영등포구,1094
2025-05-04,용산구,628
2025-05-04,은평구,1092
2025-05-04,종로구,297
2025-05-04,중구,273
2025-05-04,중랑구,826
2025-05-05,강남구,2237
2025-05-05,강동구,1410
2025-05-05,강북구,652
2025-05-05,강서구,1886
2025-05-05,관악구,1549
2025-05-05,광진구,891
2025-05-05,구로구,1131
2025-05-05,금천구,506
2025-05-05,노원구,1306
2025-05-05,도봉구,622
2025-05-05,동대문구,967
2025-05-05,동작구,1079
2025-05-05,마포구,1336
2025-05-05,서대문구,853
2025-05-05,서초구,1482
2025-05-05,성동구,902
2025-05-05,성북구,1111
2025-05-05,송파구,2500
2025-05-05,양천구,1221
2025-05-05,영등포구,1306
2025-05-05,용산구,659
2025-05-05,은평구,1159
2025-05-05,종로구,311
2025-05-05,중구,270
2025-05-05,중랑구,908
2025-05-06,강남구,2971
2025-05-06,강동구,1781
2025-05-06,강북구,839
2025-05-06,강서구,2486
2025-05-06,관악구,2026
2025-05-06,광진구,1261
2025-05-06,구로구,1459
2025-05-06,금천구,707
2025-05-06,노원구,1778
2025-05-06,도봉구,870
2025-05-06,동대문구,1178
2025-05-06,동작구,1449
2025-05-06,마포구,1656
2025-05-06,서대문구,1093
2025-05-06,서초구,1933
2025-05-06,성동구,1194
2025-05-06,성북구,1441
2025-05-06,송파구,3231
2025-05-06,양천구,1567
2025-05-06,영등포구,1627
2025-05-06,용산구,890
2025-05-06,은평구,1573
2025-05-06,종로구,390
2025-05-06,중구,392
2025-05-06,중랑구,1193
2025-05-07,강남구,2623
2025-05-07,강동구,1667
2025-05-07,강북구,748
2025-05-07,강서구,2178
2025-05-07,관악구,1906
2025-05-07,광진구,1154
2025-05-07,구로구,1345
2025-05-07,금천구,634
2025-05-07,노원구,1550
2025-05-07,도봉구,770
2025-05-07,동대문구,1113
2025-05-07,동작구,1258
2025-05-07,마포구,1555
2025-05-07,서대문구,999
2025-05-07,서초구,1715
2025-05-07,성동구,1034
2025-05-07,성북구,1293
2025-05-07,송파구,3071
2025-05-07,양천구,1463
2025-05-07,영등포구,1563
2025-05-07,용산구,803
2025-05-07,은평구,1482
2025-05-07,종로구,421
2025-05-07,중구,371
2025-05-07,중랑구,1112
2025-05-08,강남구,2566
2025-05-08,강동구,1512
2025-05-08,강북구,744
2025-05-08,강서구,2156
2025-05-08,관악구,1767
2025-05-08,광진구,1115
2025-05-08,구로구,1270
2025-05-08,금천구,588
2025-05-08,노원구,1509
2025-05-08,도봉구,755
2025-05-08,동대문구,1031
2025-05-08,동작구,1294
2025-05-08,마포구,1487
2025-05-08,서대문구,958
2025-05-08,서초구,1691
2025-05-08,성동구,1003
2025-05-08,성북구,1215
2025-05-08,송파구,2804
2025-05-08,양천구,1394
2025-05-08,영등포구,1416
2025-05-08,용산구,779
2025-05-08,은평구,1333
2025-05-08,종로구,338
2025-05-08,중구,345
2025-05-08,중랑구,1054
2025-05-09,강남구,2717
2025-05-09,강동구,1667
2025-05-09,강북구,781
2025-05-09,강서구,2200
2025-05-09,관악구,1911
2025-05-09,광진구,1076
2025-05-09,구로구,1305
2025-05-09,금천구,623
2025-05-09,노원구,1529
2025-05-09,도봉구,821
2025-05-09,동대문구,1062
2025-05-09,동작구,1348
2025-05-09,마포구,1552
2025-05-09,서대문구,959
2025-05-09,서초구,1624
2025-05-09,성동구,1120
2025-05-09,성북구,1377
2025-05-09,송파구,2977
2025-05-09,양천구,1438
2025-05-09,영등포구,1560
2025-05-09,용산구,796
2025-05-09,은평구,1429
2025-05-09,종로구,407
2025-05-09,중구,365
2025-05-09,중랑구,1082
2025-05-10,강남구,2154
2025-05-10,강동구,1305
2025-05-10,강북구,597
2025-05-10,강서구,1789
2025-05-10,관악구,1474
2025-05-10,광진구,920
2025-05-10,구로구,1041
2025-05-10,금천구,501
2025-05-10,노원구,1276
2025-05-10,도봉구,619
2025-05-10,동대문구,814
2025-05-10,동작구,987
2025-05-10,마포구,1179
2025-05-10,서대문구,764
2025-05-10,서초구,1363
2025-05-10,성동구,827
2025-05-10,성북구,1015
2025-05-10,송파구,2287
2025-05-10,양천구,1122
2025-05-10,영등포구,1220
2025-05-10,용산구,663
2025-05-10,은평구,1090
2025-05-10,종로구,296
2025-05-10,중구,268
2025-05-10,중랑구,873
2025-05-11,강남구,2114
2025-05-11,강동구,1245
2025-05-11,강북구,613
2025-05-11,강서구,1750
2025-05-11,관악구,1471
2025-05-11,광진구,897
2025-05-11,구로구,1012
2025-05-11,금천구,533
2025-05-11,노원구,1263
2025-05-11,도봉구,624
2025-05-11,동대문구,781
2025-05-11,동작구,1075
2025-05-11,마포구,1283
2025-05-11,서대문구,765
2025-05-11,서초구,1364
2025-05-11,성동구,776
2025-05-11,성북구,1048
2025-05-11,송파구,2448
2025-05-11,양천구,1101
2025-05-11,영등포구,1178
2025-05-11,용산구,643
2025-05-11,은평구,1155
2025-05-11,종로구,283
2025-05-11,중구,273
2025-05-11,중랑구,793
2025-05-12,강남구,3137
2025-05-12,강동구,1881
2025-05-12,강북구,897
2025-05-12,강서구,2621
2025-05-12,관악구,2129
2025-05-12,광진구,1348
2025-05-12,구로구,1504
2025-05-12,금천구,701
2025-05-12,노원구,1842
2025-05-12,도봉구,987
2025-05-12,동대문구,1247
2025-05-12,동작구,1536
2025-05-12,마포구,1854
2025-05-12,서대문구,1170
2025-05-12,서초구,2062
2025-05-12,성동구,1203
2025-05-12,성북구,1500
2025-05-12,송파구,3652
2025-05-12,양천구,1638
2025-05-12,영등포구,1705
2025-05-12,용산구,925
2025-05-12,은평구,1608
2025-05-12,종로구,476
2025-05-12,중구,378
2025-05-12,중랑구,1258
2025-05-13,강남구,2926
2025-05-13,강동구,1756
2025-05-13,강북구,850
2025-05-13,강서구,2378
2025-05-13,관악구,1915
2025-05-13,광진구,1226
2025-05-13,구로구,1393
2025-05-13,금천구,681
2025-05-13,노원구,1755
2025-05-13,도봉구,877
2025-05-13,동대문구,1219
2025-05-13,동작구,1368
2025-05-13,마포구,1617
2025-05-13,서대문구,1039
2025-05-13,서초구,1872
2025-05-13,성동구,1079
2025-05-13,성북구,1447
2025-05-13,송파구,3342
2025-05-13,양천구,1579
2025-05-13,영등포구,1697
2025-05-13,용산구,894
2025-05-13,은평구,1536
2025-05-13,종로구,406
2025-05-13,중구,362
2025-05-13,중랑구,1191
2025-05-14,강남구,2667
2025-05-14,강동구,1537
2025-05-14,강북구,801
2025-05-14,강서구,2242
2025-05-14,관악구,1877
2025-05-14,광진구,1184
2025-05-14,구로구,1310
2025-05-14,금천구,626
2025-05-14,노원구,1623
2025-05-14,도봉구,850
2025-05-14,동대문구,1090
2025-05-14,동작구,1283
2025-05-14,마포구,1580
2025-05-14,서대문구,1051
2025-05-14,서초구,1698
2025-05-14,성동구,1073
2025-05-14,성북구,1325
2025-05-14,송파구,2986
2025-05-14,양천구,1497
2025-05-14,영등포구,1442
2025-05-14,용산구,818
2025-05-14,은평구,1386
2025-05-14,종로구,407
2025-05-14,중구,354
2025-05-14,중랑구,1086
2025-05-15,강남구,2707
2025-05-15,강동구,1506
2025-05-15,강북구,696
2025-05-15,강서구,2143
2025-05-15,관악구,1724
2025-05-15,광진구,1083
2025-05-15,구로구,1241
2025-05-15,금천구,591
2025-05-15,노원구,1450
2025-05-15,도봉구,796
2025-05-15,동대문구,1026
2025-05-15,동작구,1238
2025-05-15,마포구,1496
2025-05-15,서대문구,945
2025-05-15,서초구,1592
2025-05-15,성동구,935
2025-05-15,성북구,1359
2025-05-15,송파구,2783
2025-05-15,양천구,1376
2025-05-15,영등포구,1377
2025-05-15,용산구,762
2025-05-15,은평구,1343
2025-05-15,종로구,439
2025-05-15,중구,337
2025-05-15,중랑구,1054
2025-05-16,강남구,2590
2025-05-16,강동구,1595
2025-05-16,강북구,777
2025-05-16,강서구,2226
2025-05-16,관악구,1804
2025-05-16,광진구,1170
2025-05-16,구로구,1226
2025-05-16,금천구,621
2025-05-16,노원구,1605
2025-05-16,도봉구,785
2025-05-16,동대문구,1135
2025-05-16,동작구,1228
2025-05-16,마포구,1521
2025-05-16,서대문구,936
2025-05-16,서초구,1679
2025-05-16,성동구,1030
2025-05-16,성북구,1283
2025-05-16,송파구,2982
2025-05-16,양천구,1492
2025-05-16,영등포구,1494
2025-05-16,용산구,798
2025-05-16,은평구,1417
2025-05-16,종로구,406
2025-05-16,중구,334
2025-05-16,중랑구,1087
2025-05-17,강남구,2045
2025-05-17,강동구,1232
2025-05-17,강북구,576
2025-05-17,강서구,1738
2025-05-17,관악구,1398
2025-05-17,광진구,842
2025-05-17,구로구,1034
2025-05-17,금천구,520
2025-05-17,노원구,1266
2025-05-17,도봉구,616
2025-05-17,동대문구,814
2025-05-17,동작구,988
2025-05-17,마포구,1161
2025-05-17,서대문구,756
2025-05-17,서초구,1291
2025-05-17,성동구,829
2025-05-17,성북구,1002
2025-05-17,송파구,2351
2025-05-17,양천구,1165
2025-05-17,영등포구,1186
2025-05-17,용산구,636
2025-05-17,은평구,1156
2025-05-17,종로구,346
2025-05-17,중구,284
2025-05-17,중랑구,886
2025-05-18,강남구,1937
2025-05-18,강동구,1128
2025-05-18,강북구,566
2025-05-18,강서구,1633
2025-05-18,관악구,1332
2025-05-18,광진구,849
2025-05-18,구로구,1041
2025-05-18,금천구,446
2025-05-18,노원구,1165
2025-05-18,도봉구,547
2025-05-18,동대문구,783
2025-05-18,동작구,993
2025-05-18,마포구,1153
2025-05-18,서대문구,742
2025-05-18,서초구,1224
2025-05-18,성동구,739
2025-05-18,성북구,979
2025-05-18,송파구,2290
2025-05-18,양천구,1052
2025-05-18,영등포구,1147
2025-05-18,용산구,600
2025-05-18,은평구,1124
2025-05-18,종로구,282
2025-05-18,중구,285
2025-05-18,중랑구,807
2025-05-19,강남구,3016
2025-05-19,강동구,1868
2025-05-19,강북구,896
2025-05-19,강서구,2551
2025-05-19,관악구,2086
2025-05-19,광진구,1216
2025-05-19,구로구,1547
2025-05-19,금천구,722
2025-05-19,노원구,1820
2025-05-19,도봉구,930
2025-05-19,동대문구,1265
2025-05-19,동작구,1422
2025-05-19,마포구,1779
2025-05-19,서대문구,1172
2025-05-19,서초구,2017
2025-05-19,성동구,1186
2025-05-19,성북구,1484
2025-05-19,송파구,3499
2025-05-19,양천구,1720
2025-05-19,영등포구,1738
2025-05-19,용산구,861
2025-05-19,은평구,1693
2025-05-19,종로구,486
2025-05-19,중구,391
2025-05-19,중랑구,1240
2025-05-20,강남구,2950
2025-05-20,강동구,1672
2025-05-20,강북구,819
2025-05-20,강서구,2361
2025-05-20,관악구,1914
2025-05-20,광진구,1224
2025-05-20,구로구,1438
2025-05-20,금천구,696
2025-05-20,노원구,1738
2025-05-20,도봉구,857
2025-05-20,동대문구,1190
2025-05-20,동작구,1394
2025-05-20,마포구,1620
2025-05-20,서대문구,1093
2025-05-20,서초구,1924
2025-05-20,성동구,1133
2025-05-20,성북구,1450
2025-05-20,송파구,3198
2025-05-20,양천구,1587
2025-05-20,영등포구,1627
2025-05-20,용산구,897
2025-05-20,은평구,1581
2025-05-20,종로구,451
2025-05-20,중구,378
2025-05-20,중랑구,1214
2025-05-21,강남구,2835
2025-05-21,강동구,1735
2025-05-21,강북구,795
2025-05-21,강서구,2418
2025-05-21,관악구,1980
2025-05-21,광진구,1129
2025-05-21,구로구,1383
2025-05-21,금천구,635
2025-05-21,노원구,1647
2025-05-21,도봉구,795
2025-05-21,동대문구,1180
2025-05-21,동작구,1372
2025-05-21,마포구,1582
2025-05-21,서대문구,1001
2025-05-21,서초구,1738
2025-05-21,성동구,1052
2025-05-21,성북구,1374
2025-05-21,송파구,3142
2025-05-21,양천구,1513
2025-05-21,영등포구,1621
2025-05-21,용산구,831
2025-05-21,은평구,1461
2025-05-21,종로구,400
2025-05-21,중구,348
2025-05-21,중랑구,1091
2025-05-22,강남구,2568
2025-05-22,강동구,1572
2025-05-22,강북구,756
2025-05-22,강서구,2155
2025-05-22,관악구,1778
2025-05-22,광진구,1074
2025-05-22,구로구,1245
2025-05-22,금천구,571
2025-05-22,노원구,1546
2025-05-22,도봉구,723
2025-05-22,동대문구,1016
2025-05-22,동작구,1201
2025-05-22,마포구,1406
2025-05-22,서대문구,917
2025-05-22,서초구,1570
2025-05-22,성동구,940
2025-05-22,성북구,1257
2025-05-22,송파구,2919
2025-05-22,양천구,1312
2025-05-22,영등포구,1413
2025-05-22,용산구,757
2025-05-22,은평구,1401
2025-05-22,종로구,407
2025-05-22,중구,336
2025-05-22,중랑구,986
2025-05-23,강남구,2685
2025-05-23,강동구,1517
2025-05-23,강북구,807
2025-05-23,강서구,2250
2025-05-23,관악구,1872
2025-05-23,광진구,1137
2025-05-23,구로구,1287
2025-05-23,금천구,610
2025-05-23,노원구,1600
2025-05-23,도봉구,785
2025-05-23,동대문구,1109
2025-05-23,동작구,1315
2025-05-23,마포구,1581
2025-05-23,서대문구,945
2025-05-23,서초구,1618
2025-05-23,성동구,1012
2025-05-23,성북구,1308
2025-05-23,송파구,2944
2025-05-23,양천구,1428
2025-05-23,영등포구,1489
2025-05-23,용산구,790
2025-05-23,은평구,1381
2025-05-23,종로구,390
2025-05-23,중구,372
2025-05-23,중랑구,1079
2025-05-24,강남구,2115
2025-05-24,강동구,1244
2025-05-24,강북구,596
2025-05-24,강서구,1731
2025-05-24,관악구,1448
2025-05-24,광진구,892
2025-05-24,구로구,1042
2025-05-24,금천구,524
2025-05-24,노원구,1236
2025-05-24,도봉구,633
2025-05-24,동대문구,844
2025-05-24,동작구,971
2025-05-24,마포구,1149
2025-05-24,서대문구,695
2025-05-24,서초구,1334
2025-05-24,성동구,847
2025-05-24,성북구,1027
2025-05-24,송파구,2392
2025-05-24,양천구,1104
2025-05-24,영등포구,1181
2025-05-24,용산구,624
2025-05-24,은평구,1105
2025-05-24,종로구,317
2025-05-24,중구,258
2025-05-24,중랑구,829
2025-05-25,강남구,1973
2025-05-25,강동구,1196
2025-05-25,강북구,560
2025-05-25,강서구,1652
2025-05-25,관악구,1366
2025-05-25,광진구,849
2025-05-25,구로구,972
2025-05-25,금천구,482
2025-05-25,노원구,1155
2025-05-25,도봉구,590
2025-05-25,동대문구,803
2025-05-25,동작구,973
2025-05-25,마포구,1142
2025-05-25,서대문구,729
2025-05-25,서초구,1188
2025-05-25,성동구,762
2025-05-25,성북구,1031
2025-05-25,송파구,2216
2025-05-25,양천구,1053
2025-05-25,영등포구,1090
2025-05-25,용산구,564
2025-05-25,은평구,1019
2025-05-25,종로구,308
2025-05-25,중구,260
2025-05-25,중랑구,805
2025-05-26,강남구,3130
2025-05-26,강동구,1955
2025-05-26,강북구,910
2025-05-26,강서구,2594
2025-05-26,관악구,2133
2025-05-26,광진구,1326
2025-05-26,구로구,1431
2025-05-26,금천구,719
2025-05-26,노원구,1872
2025-05-26,도봉구,892
2025-05-26,동대문구,1255
2025-05-26,동작구,1479
2025-05-26,마포구,1784
2025-05-26,서대문구,1111
2025-05-26,서초구,1992
2025-05-26,성동구,1221
2025-05-26,성북구,1529
2025-05-26,송파구,3471
2025-05-26,양천구,1636
2025-05-26,영등포구,1743
2025-05-26,용산구,908
2025-05-26,은평구,1689
2025-05-26,종로구,475
2025-05-26,중구,433
2025-05-26,중랑구,1194
2025-05-27,강남구,2911
2025-05-27,강동구,1832
2025-05-27,강북구,806
2025-05-27,강서구,2377
2025-05-27,관악구,1938
2025-05-27,광진구,1211
2025-05-27,구로구,1447
2025-05-27,금천구,680
2025-05-27,노원구,1666
2025-05-27,도봉구,872
2025-05-27,동대문구,1120
2025-05-27,동작구,1429
2025-05-27,마포구,1698
2025-05-27,서대문구,1074
2025-05-27,서초구,1818
2025-05-27,성동구,1112
2025-05-27,성북구,1469
2025-05-27,송파구,3233
2025-05-27,양천구,1529
2025-05-27,영등포구,1598
2025-05-27,용산구,858
2025-05-27,은평구,1527
2025-05-27,종로구,440
2025-05-27,중구,392
2025-05-27,중랑구,1203
2025-05-28,강남구,2644
2025-05-28,강동구,1552
2025-05-28,강북구,796
2025-05-28,강서구,2110
2025-05-28,관악구,1770
2025-05-28,광진구,1067
2025-05-28,구로구,1291
2025-05-28,금천구,622
2025-05-28,노원구,1604
2025-05-28,도봉구,826
2025-05-28,동대문구,1053
2025-05-28,동작구,1227
2025-05-28,마포구,1645
2025-05-28,서대문구,1008
2025-05-28,서초구,1736
2025-05-28,성동구,1060
2025-05-28,성북구,1341
2025-05-28,송파구,2986
2025-05-28,양천구,1364
2025-05-28,영등포구,1439
2025-05-28,용산구,750
2025-05-28,은평구,1430
2025-05-28,종로구,404
2025-05-28,중구,324
2025-05-28,중랑구,1079
2025-05-29,강남구,2671
2025-05-29,강동구,1524
2025-05-29,강북구,713
2025-05-29,강서구,2143
2025-05-29,관악구,1755
2025-05-29,광진구,1034
2025-05-29,구로구,1241
2025-05-29,금천구,571
2025-05-29,노원구,1485
2025-05-29,도봉구,737
2025-05-29,동대문구,1029
2025-05-29,동작구,1175
2025-05-29,마포구,1422
2025-05-29,서대문구,952
2025-05-29,서초구,1563
2025-05-29,성동구,1039
2025-05-29,성북구,1216
2025-05-29,송파구,2877
2025-05-29,양천구,1414
2025-05-29,영등포구,1483
2025-05-29,용산구,746
2025-05-29,은평구,1341
2025-05-29,종로구,359
2025-05-29,중구,331
2025-05-29,중랑구,1019
2025-05-30,강남구,2747
2025-05-30,강동구,1574
2025-05-30,강북구,726
2025-05-30,강서구,2116
2025-05-30,관악구,1820
2025-05-30,광진구,1111
2025-05-30,구로구,1269
2025-05-30,금천구,606
2025-05-30,노원구,1617
2025-05-30,도봉구,716
2025-05-30,동대문구,1127
2025-05-30,동작구,1247
2025-05-30,마포구,1528
2025-05-30,서대문구,961
2025-05-30,서초구,1731
2025-05-30,성동구,1033
2025-05-30,성북구,1316
2025-05-30,송파구,2929
2025-05-30,양천구,1418
2025-05-30,영등포구,1551
2025-05-30,용산구,806
2025-05-30,은평구,1420
2025-05-30,종로구,385
2025-05-30,중구,366
2025-05-30,중랑구,1079
2025-05-31,강남구,1985
2025-05-31,강동구,1248
2025-05-31,강북구,633
2025-05-31,강서구,1742
2025-05-31,관악구,1378
2025-05-31,광진구,833
2025-05-31,구로구,1077
2025-05-31,금천구,453
2025-05-31,노원구,1210
2025-05-31,도봉구,626
2025-05-31,동대문구,809
2025-05-31,동작구,1014
2025-05-31,마포구,1137
2025-05-31,서대문구,730
2025-05-31,서초구,1362
2025-05-31,성동구,796
2025-05-31,성북구,1031
2025-05-31,송파구,2268
2025-05-31,양천구,1121
2025-05-31,영등포구,1171
2025-05-31,용산구,585
2025-05-31,은평구,1125
2025-05-31,종로구,291
2025-05-31,중구,268
2025-05-31,중랑구,859
2025-06-01,강남구,1878
2025-06-01,강동구,1097
2025-06-01,강북구,513
2025-06-01,강서구,1581
2025-06-01,관악구,1274
2025-06-01,광진구,763
2025-06-01,구로구,875
2025-06-01,금천구,441
2025-06-01,노원구,1099
2025-06-01,도봉구,571
2025-06-01,동대문구,742
2025-06-01,동작구,876
2025-06-01,마포구,1045
2025-06-01,서대문구,622
2025-06-01,서초구,1170
2025-06-01,성동구,691
2025-06-01,성북구,887
2025-06-01,송파구,2081
2025-06-01,양천구,976
2025-06-01,영등포구,1025
2025-06-01,용산구,571
2025-06-01,은평구,1048
2025-06-01,종로구,255
2025-06-01,중구,242
2025-06-01,중랑구,784
2025-06-02,강남구,2716
2025-06-02,강동구,1656
2025-06-02,강북구,784
2025-06-02,강서구,2239
2025-06-02,관악구,1907
2025-06-02,광진구,1146
2025-06-02,구로구,1346
2025-06-02,금천구,621
2025-06-02,노원구,1649
2025-06-02,도봉구,791
2025-06-02,동대문구,1100
2025-06-02,동작구,1346
2025-06-02,마포구,1575
2025-06-02,서대문구,979
2025-06-02,서초구,1680
2025-06-02,성동구,1060
2025-06-02,성북구,1365
2025-06-02,송파구,3052
2025-06-02,양천구,1437
2025-06-02,영등포구,1588
2025-06-02,용산구,819
2025-06-02,은평구,1485
2025-06-02,종로구,383
2025-06-02,중구,373
2025-06-02,중랑구,1131
2025-06-03,강남구,2459
2025-06-03,강동구,1490
2025-06-03,강북구,766
2025-06-03,강서구,2112
2025-06-03,관악구,1743
2025-06-03,광진구,1060
2025-06-03,구로구,1254
2025-06-03,금천구,560
2025-06-03,노원구,1543
2025-06-03,도봉구,712
2025-06-03,동대문구,1003
2025-06-03,동작구,1223
2025-06-03,마포구,1427
2025-06-03,서대문구,899
2025-06-03,서초구,1679
2025-06-03,성동구,969
2025-06-03,성북구,1289
2025-06-03,송파구,2853
2025-06-03,양천구,1361
2025-06-03,영등포구,1449
2025-06-03,용산구,757
2025-06-03,은평구,1332
2025-06-03,종로구,397
2025-06-03,중구,340
2025-06-03,중랑구,1066
2025-06-04,강남구,2308
2025-06-04,강동구,1415
2025-06-04,강북구,679
2025-06-04,강서구,1918
2025-06-04,관악구,1572
2025-06-04,광진구,1031
2025-06-04,구로구,1111
2025-06-04,금천구,538
2025-06-04,노원구,1379
2025-06-04,도봉구,709
2025-06-04,동대문구,912
2025-06-04,동작구,1070
2025-06-04,마포구,1298
2025-06-04,서대문구,888
2025-06-04,서초구,1459
2025-06-04,성동구,942
2025-06-04,성북구,1141
2025-06-04,송파구,2678
2025-06-04,양천구,1250
2025-06-04,영등포구,1378
2025-06-04,용산구,712
2025-06-04,은평구,1215
2025-06-04,종로구,334
2025-06-04,중구,301
2025-06-04,중랑구,1028
2025-06-05,강남구,2232
2025-06-05,강동구,1364
2025-06-05,강북구,612
2025-06-05,강서구,1901
2025-06-05,관악구,1538
2025-06-05,광진구,908
2025-06-05,구로구,1131
2025-06-05,금천구,512
2025-06-05,노원구,1301
2025-06-05,도봉구,635
2025-06-05,동대문구,895
2025-06-05,동작구,1092
2025-06-05,마포구,1305
2025-06-05,서대문구,868
2025-06-05,서초구,1386
2025-06-05,성동구,817
2025-06-05,성북구,1074
2025-06-05,송파구,2476
2025-06-05,양천구,1171
2025-06-05,영등포구,1269
2025-06-05,용산구,629
2025-06-05,은평구,1185
2025-06-05,종로구,294
2025-06-05,중구,325
2025-06-05,중랑구,933
2025-06-06,강남구,2277
2025-06-06,강동구,1386
2025-06-06,강북구,690
2025-06-06,강서구,1973
2025-06-06,관악구,1551
2025-06-06,광진구,1013
2025-06-06,구로구,1077
2025-06-06,금천구,548
2025-06-06,노원구,1422
2025-06-06,도봉구,665
2025-06-06,동대문구,956
2025-06-06,동작구,1041
2025-06-06,마포구,1318
2025-06-06,서대문구,826
2025-06-06,서초구,1445
2025-06-06,성동구,964
2025-06-06,성북구,1160
2025-06-06,송파구,2682
2025-06-06,양천구,1295
2025-06-06,영등포구,1317
2025-06-06,용산구,681
2025-06-06,은평구,1235
2025-06-06,종로구,330
2025-06-06,중구,302
2025-06-06,중랑구,937
2025-06-07,강남구,1836
2025-06-07,강동구,1059
2025-06-07,강북구,528
2025-06-07,강서구,1568
2025-06-07,관악구,1206
2025-06-07,광진구,784
2025-06-07,구로구,876
2025-06-07,금천구,465
2025-06-07,노원구,1081
2025-06-07,도봉구,562
2025-06-07,동대문구,751
2025-06-07,동작구,885
2025-06-07,마포구,1019
2025-06-07,서대문구,712
2025-06-07,서초구,1138
2025-06-07,성동구,716
2025-06-07,성북구,894
2025-06-07,송파구,2016
2025-06-07,양천구,1038
2025-06-07,영등포구,1000
2025-06-07,용산구,588
2025-06-07,은평구,949
2025-06-07,종로구,261
2025-06-07,중구,231
2025-06-07,중랑구,746
2025-06-08,강남구,1665
2025-06-08,강동구,1016
2025-06-08,강북구,486
2025-06-08,강서구,1460
2025-06-08,관악구,1197
2025-06-08,광진구,767
2025-06-08,구로구,840
2025-06-08,금천구,398
2025-06-08,노원구,1015
2025-06-08,도봉구,560
2025-06-08,동대문구,691
2025-06-08,동작구,858
2025-06-08,마포구,1021
2025-06-08,서대문구,629
2025-06-08,서초구,1156
2025-06-08,성동구,676
2025-06-08,성북구,892
2025-06-08,송파구,1919
2025-06-08,양천구,885
2025-06-08,영등포구,950
2025-06-08,용산구,515
2025-06-08,은평구,910
2025-06-08,종로구,279
2025-06-08,중구,240
2025-06-08,중랑구,698
2025-06-09,강남구,2658
2025-06-09,강동구,1634
2025-06-09,강북구,762
2025-06-09,강서구,2208
2025-06-09,관악구,1897
2025-06-09,광진구,1119
2025-06-09,구로구,1322
2025-06-09,금천구,656
2025-06-09,노원구,1583
2025-06-09,도봉구,849
2025-06-09,동대문구,1084
2025-06-09,동작구,1249
2025-06-09,마포구,1558
2025-06-09,서대문구,1007
2025-06-09,서초구,1695
2025-06-09,성동구,1046
2025-06-09,성북구,1320
2025-06-09,송파구,2967
2025-06-09,양천구,1504
2025-06-09,영등포구,1505
2025-06-09,용산구,860
2025-06-09,은평구,1405
2025-06-09,종로구,376
2025-06-09,중구,395
2025-06-09,중랑구,1088
2025-06-10,강남구,2529
2025-06-10,강동구,1640
2025-06-10,강북구,695
2025-06-10,강서구,2017
2025-06-10,관악구,1800
2025-06-10,광진구,1038
2025-06-10,구로구,1222
2025-06-10,금천구,571
2025-06-10,노원구,1453
2025-06-10,도봉구,730
2025-06-10,동대문구,1011
2025-06-10,동작구,1171
2025-06-10,마포구,1462
2025-06-10,서대문구,917
2025-06-10,서초구,1594
2025-06-10,성동구,1019
2025-06-10,성북구,1217
2025-06-10,송파구,2811
2025-06-10,양천구,1349
2025-06-10,영등포구,1347
2025-06-10,용산구,747
2025-06-10,은평구,1390
2025-06-10,종로구,393
2025-06-10,중구,330
2025-06-10,중랑구,1024
2025-06-11,강남구,2416
2025-06-11,강동구,1513
2025-06-11,강북구,722
2025-06-11,강서구,1981
2025-06-11,관악구,1641
2025-06-11,광진구,1024
2025-06-11,구로구,1170
2025-06-11,금천구,556
2025-06-11,노원구,1375
2025-06-11,도봉구,668
2025-06-11,동대문구,1003
2025-06-11,동작구,1172
2025-06-11,마포구,1431
2025-06-11,서대문구,964
2025-06-11,서초구,1570
2025-06-11,성동구,915
2025-06-11,성북구,1161
2025-06-11,송파구,2714
2025-06-11,양천구,1293
2025-06-11,영등포구,1397
2025-06-11,용산구,731
2025-06-11,은평구,1248
2025-06-11,종로구,350
2025-06-11,중구,324
2025-06-11,중랑구,962
2025-06-12,강남구,2226
2025-06-12,강동구,1388
2025-06-12,강북구,632
2025-06-12,강서구,1815
2025-06-12,관악구,1531
2025-06-12,광진구,885
2025-06-12,구로구,1115
2025-06-12,금천구,531
2025-06-12,노원구,1298
2025-06-12,도봉구,618
2025-06-12,동대문구,935
2025-06-12,동작구,1047
2025-06-12,마포구,1283
2025-06-12,서대문구,822
2025-06-12,서초구,1494
2025-06-12,성동구,867
2025-06-12,성북구,1077
2025-06-12,송파구,2417
2025-06-12,양천구,1166
2025-06-12,영등포구,1190
2025-06-12,용산구,667
2025-06-12,은평구,1227
2025-06-12,종로구,338
2025-06-12,중구,315
2025-06-12,중랑구,946
2025-06-13,강남구,2274
2025-06-13,강동구,1345
2025-06-13,강북구,657
2025-06-13,강서구,1922
2025-06-13,관악구,1553
2025-06-13,광진구,908
2025-06-13,구로구,1115
2025-06-13,금천구,517
2025-06-13,노원구,1394
2025-06-13,도봉구,668
2025-06-13,동대문구,869
2025-06-13,동작구,1145
2025-06-13,마포구,1310
2025-06-13,서대문구,891
2025-06-13,서초구,1443
2025-06-13,성동구,898
2025-06-13,성북구,1105
2025-06-13,송파구,2494
2025-06-13,양천구,1255
2025-06-13,영등포구,1274
2025-06-13,용산구,697
2025-06-13,은평구,1164
2025-06-13,종로구,364
2025-06-13,중구,254
2025-06-13,중랑구,933
2025-06-14,강남구,1829
2025-06-14,강동구,1109
2025-06-14,강북구,503
2025-06-14,강서구,1514
2025-06-14,관악구,1217
2025-06-14,광진구,739
2025-06-14,구로구,883
2025-06-14,금천구,434
2025-06-14,노원구,1113
2025-06-14,도봉구,494
2025-06-14,동대문구,711
2025-06-14,동작구,860
2025-06-14,마포구,1049
2025-06-14,서대문구,709
2025-06-14,서초구,1172
2025-06-14,성동구,695
2025-06-14,성북구,872
2025-06-14,송파구,2031
2025-06-14,양천구,956
2025-06-14,영등포구,1069
2025-06-14,용산구,519
2025-06-14,은평구,988
2025-06-14,종로구,276
2025-06-14,중구,257
2025-06-14,중랑구,758
2025-06-15,강남구,1723
2025-06-15,강동구,1044
2025-06-15,강북구,525
2025-06-15,강서구,1380
2025-06-15,관악구,1118
2025-06-15,광진구,737
2025-06-15,구로구,864
2025-06-15,금천구,407
2025-06-15,노원구,1007
2025-06-15,도봉구,511
2025-06-15,동대문구,714
2025-06-15,동작구,873
2025-06-15,마포구,1015
2025-06-15,서대문구,638
2025-06-15,서초구,1061
2025-06-15,성동구,665
2025-06-15,성북구,855
2025-06-15,송파구,1963
2025-06-15,양천구,891
2025-06-15,영등포구,934
2025-06-15,용산구,549
2025-06-15,은평구,906
2025-06-15,종로구,248
2025-06-15,중구,251
2025-06-15,중랑구,699
2025-06-16,강남구,2616
2025-06-16,강동구,1695
2025-06-16,강북구,757
2025-06-16,강서구,2175
2025-06-16,관악구,1838
2025-06-16,광진구,1064
2025-06-16,구로구,1282
2025-06-16,금천구,606
2025-06-16,노원구,1580
2025-06-16,도봉구,844
2025-06-16,동대문구,1079
2025-06-16,동작구,1293
2025-06-16,마포구,1510
2025-06-16,서대문구,991
2025-06-16,서초구,1697
2025-06-16,성동구,997
2025-06-16,성북구,1351
2025-06-16,송파구,2985
2025-06-16,양천구,1454
2025-06-16,영등포구,1523
2025-06-16,용산구,828
2025-06-16,은평구,1397
2025-06-16,종로구,363
2025-06-16,중구,339
2025-06-16,중랑구,1121
2025-06-17,강남구,2517
2025-06-17,강동구,1526
2025-06-17,강북구,737
2025-06-17,강서구,2030
2025-06-17,관악구,1689
2025-06-17,광진구,1043
2025-06-17,구로구,1222
2025-06-17,금천구,557
2025-06-17,노원구,1459
2025-06-17,도봉구,769
2025-06-17,동대문구,1072
2025-06-17,동작구,1181
2025-06-17,마포구,1426
2025-06-17,서대문구,937
2025-06-17,서초구,1535
2025-06-17,성동구,969
2025-06-17,성북구,1215
2025-06-17,송파구,2869
2025-06-17,양천구,1318
2025-06-17,영등포구,1385
2025-06-17,용산구,715
2025-06-17,은평구,1341
2025-06-17,종로구,370
2025-06-17,중구,331
2025-06-17,중랑구,986
2025-06-18,강남구,2340
2025-06-18,강동구,1406
2025-06-18,강북구,628
2025-06-18,강서구,1832
2025-06-18,관악구,1570
2025-06-18,광진구,950
2025-06-18,구로구,1154
2025-06-18,금천구,532
2025-06-18,노원구,1276
2025-06-18,도봉구,679
2025-06-18,동대문구,928
2025-06-18,동작구,1111
2025-06-18,마포구,1370
2025-06-18,서대문구,857
2025-06-18,서초구,1448
2025-06-18,성동구,918
2025-06-18,성북구,1096
2025-06-18,송파구,2570
2025-06-18,양천구,1223
2025-06-18,영등포구,1280
2025-06-18,용산구,668
2025-06-18,은평구,1186
2025-06-18,종로구,317
2025-06-18,중구,280
2025-06-18,중랑구,978
2025-06-19,강남구,2292
2025-06-19,강동구,1344
2025-06-19,강북구,666
2025-06-19,강서구,1805
2025-06-19,관악구,1608
2025-06-19,광진구,969
2025-06-19,구로구,1060
2025-06-19,금천구,515
2025-06-19,노원구,1288
2025-06-19,도봉구,602
2025-06-19,동대문구,918
2025-06-19,동작구,1012
2025-06-19,마포구,1257
2025-06-19,서대문구,807
2025-06-19,서초구,1389
2025-06-19,성동구,843
2025-06-19,성북구,1087
2025-06-19,송파구,2482
2025-06-19,양천구,1219
2025-06-19,영등포구,1235
2025-06-19,용산구,642
2025-06-19,은평구,1136
2025-06-19,종로구,323
2025-06-19,중구,286
2025-06-19,중랑구,868
2025-06-20,강남구,2221
2025-06-20,강동구,1385
2025-06-20,강북구,660
2025-06-20,강서구,1795
2025-06-20,관악구,1600
2025-06-20,광진구,976
2025-06-20,구로구,1117
2025-06-20,금천구,521
2025-06-20,노원구,1405
2025-06-20,도봉구,681
2025-06-20,동대문구,860
2025-06-20,동작구,1084
2025-06-20,마포구,1266
2025-06-20,서대문구,813
2025-06-20,서초구,1395
2025-06-20,성동구,810
2025-06-20,성북구,1105
2025-06-20,송파구,2545
2025-06-20,양천구,1278
2025-06-20,영등포구,1284
2025-06-20,용산구,633
2025-06-20,은평구,1222
2025-06-20,종로구,319
2025-06-20,중구,298
2025-06-20,중랑구,953
2025-06-21,강남구,1950
2025-06-21,강동구,1173
2025-06-21,강북구,524
2025-06-21,강서구,1581
2025-06-21,관악구,1311
2025-06-21,광진구,816
2025-06-21,구로구,937
2025-06-21,금천구,445
2025-06-21,노원구,1090
2025-06-21,도봉구,563
2025-06-21,동대문구,734
2025-06-21,동작구,959
2025-06-21,마포구,1023
2025-06-21,서대문구,687
2025-06-21,서초구,1226
2025-06-21,성동구,768
2025-06-21,성북구,971
2025-06-21,송파구,2091
2025-06-21,양천구,1036
2025-06-21,영등포구,1065
2025-06-21,용산구,601
2025-06-21,은평구,973
2025-06-21,종로구,278
2025-06-21,중구,264
2025-06-21,중랑구,755
2025-06-22,강남구,1690
2025-06-22,강동구,1050
2025-06-22,강북구,459
2025-06-22,강서구,1423
2025-06-22,관악구,1096
2025-06-22,광진구,738
2025-06-22,구로구,839
2025-06-22,금천구,356
2025-06-22,노원구,1039
2025-06-22,도봉구,517
2025-06-22,동대문구,718
2025-06-22,동작구,770
2025-06-22,마포구,1019
2025-06-22,서대문구,648
2025-06-22,서초구,1092
2025-06-22,성동구,666
2025-06-22,성북구,866
2025-06-22,송파구,1885
2025-06-22,양천구,880
2025-06-22,영등포구,972
2025-06-22,용산구,494
2025-06-22,은평구,894
2025-06-22,종로구,211
2025-06-22,중구,197
2025-06-22,중랑구,680
2025-06-23,강남구,2723
2025-06-23,강동구,1589
2025-06-23,강북구,769
2025-06-23,강서구,2243
2025-06-23,관악구,1811
2025-06-23,광진구,1107
2025-06-23,구로구,1307
2025-06-23,금천구,649
2025-06-23,노원구,1582
2025-06-23,도봉구,820
2025-06-23,동대문구,1098
2025-06-23,동작구,1239
2025-06-23,마포구,1570
2025-06-23,서대문구,975
2025-06-23,서초구,1710
2025-06-23,성동구,1017
2025-06-23,성북구,1341
2025-06-23,송파구,2969
2025-06-23,양천구,1393
2025-06-23,영등포구,1510
2025-06-23,용산구,815
2025-06-23,은평구,1407
2025-06-23,종로구,367
2025-06-23,중구,361
2025-06-23,중랑구,1084
2025-06-24,강남구,2530
2025-06-24,강동구,1576
2025-06-24,강북구,758
2025-06-24,강서구,2091
2025-06-24,관악구,1714
2025-06-24,광진구,1043
2025-06-24,구로구,1198
2025-06-24,금천구,546
2025-06-24,노원구,1512
2025-06-24,도봉구,717
2025-06-24,동대문구,984
2025-06-24,동작구,1213
2025-06-24,마포구,1472
2025-06-24,서대문구,862
2025-06-24,서초구,1528
2025-06-24,성동구,989
2025-06-24,성북구,1185
2025-06-24,송파구,2779
2025-06-24,양천구,1308
2025-06-24,영등포구,1403
2025-06-24,용산구,771
2025-06-24,은평구,1274
2025-06-24,종로구,375
2025-06-24,중구,361
2025-06-24,중랑구,1005
2025-06-25,강남구,2278
2025-06-25,강동구,1406
2025-06-25,강북구,619
2025-06-25,강서구,1937
2025-06-25,관악구,1532
2025-06-25,광진구,958
2025-06-25,구로구,1079
2025-06-25,금천구,492
2025-06-25,노원구,1362
2025-06-25,도봉구,675
2025-06-25,동대문구,956
2025-06-25,동작구,1104
2025-06-25,마포구,1260
2025-06-25,서대문구,822
2025-06-25,서초구,1421
2025-06-25,성동구,873
2025-06-25,성북구,1087
2025-06-25,송파구,2536
2025-06-25,양천구,1195
2025-06-25,영등포구,1238
2025-06-25,용산구,684
2025-06-25,은평구,1245
2025-06-25,종로구,343
2025-06-25,중구,276
2025-06-25,중랑구,957
2025-06-26,강남구,2301
2025-06-26,강동구,1334
2025-06-26,강북구,577
2025-06-26,강서구,1801
2025-06-26,관악구,1503
2025-06-26,광진구,889
2025-06-26,구로구,1028
2025-06-26,금천구,498
2025-06-26,노원구,1259
2025-06-26,도봉구,597
2025-06-26,동대문구,876
2025-06-26,동작구,975
2025-06-26,마포구,1295
2025-06-26,서대문구,784
2025-06-26,서초구,1349
2025-06-26,성동구,863
2025-06-26,성북구,1061
2025-06-26,송파구,2494
2025-06-26,양천구,1166
2025-06-26,영등포구,1219
2025-06-26,용산구,603
2025-06-26,은평구,1113
2025-06-26,종로구,317
2025-06-26,중구,282
2025-06-26,중랑구,881
2025-06-27,강남구,2340
2025-06-27,강동구,1349
2025-06-27,강북구,645
2025-06-27,강서구,1873
2025-06-27,관악구,1551
2025-06-27,광진구,926
2025-06-27,구로구,1051
2025-06-27,금천구,516
2025-06-27,노원구,1353
2025-06-27,도봉구,679
2025-06-27,동대문구,860
2025-06-27,동작구,1070
2025-06-27,마포구,1286
2025-06-27,서대문구,890
2025-06-27,서초구,1502
2025-06-27,성동구,908
2025-06-27,성북구,1107
2025-06-27,송파구,2590
2025-06-27,양천구,1208
2025-06-27,영등포구,1271
2025-06-27,용산구,713
2025-06-27,은평구,1179
2025-06-27,종로구,339
2025-06-27,중구,282
2025-06-27,중랑구,953
2025-06-28,강남구,1833
2025-06-28,강동구,1102
2025-06-28,강북구,472
2025-06-28,강서구,1475
2025-06-28,관악구,1212
2025-06-28,광진구,758
2025-06-28,구로구,814
2025-06-28,금천구,425
2025-06-28,노원구,1093
2025-06-28,도봉구,515
2025-06-28,동대문구,691
2025-06-28,동작구,858
2025-06-28,마포구,1067
2025-06-28,서대문구,643
2025-06-28,서초구,1148
2025-06-28,성동구,709
2025-06-28,성북구,910
2025-06-28,송파구,2019
2025-06-28,양천구,1000
2025-06-28,영등포구,987
2025-06-28,용산구,565
2025-06-28,은평구,1003
2025-06-28,종로구,241
2025-06-28,중구,239
2025-06-28,중랑구,729
2025-06-29,강남구,1640
2025-06-29,강동구,1087
2025-06-29,강북구,496
2025-06-29,강서구,1408
2025-06-29,관악구,1160
2025-06-29,광진구,749
2025-06-29,구로구,795
2025-06-29,금천구,382
2025-06-29,노원구,1008
2025-06-29,도봉구,519
2025-06-29,동대문구,691
2025-06-29,동작구,828
2025-06-29,마포구,932
2025-06-29,서대문구,626
2025-06-29,서초구,1046
2025-06-29,성동구,628
2025-06-29,성북구,776
2025-06-29,송파구,1958
2025-06-29,양천구,912
2025-06-29,영등포구,956
2025-06-29,용산구,474
2025-06-29,은평구,929
2025-06-29,종로구,259
2025-06-29,중구,227
2025-06-29,중랑구,714
2025-06-30,강남구,2607
2025-06-30,강동구,1578
2025-06-30,강북구,717
2025-06-30,강서구,2222
2025-06-30,관악구,1760
2025-06-30,광진구,1157
2025-06-30,구로구,1209
2025-06-30,금천구,591
2025-06-30,노원구,1553
2025-06-30,도봉구,806
2025-06-30,동대문구,1064
2025-06-30,동작구,1284
2025-06-30,마포구,1517
2025-06-30,서대문구,930
2025-06-30,서초구,1635
2025-06-30,성동구,1056
2025-06-30,성북구,1311
2025-06-30,송파구,2847
2025-06-30,양천구,1413
2025-06-30,영등포구,1544
2025-06-30,용산구,779
2025-06-30,은평구,1384
2025-06-30,종로구,387
2025-06-30,중구,313
2025-06-30,중랑구,1018
2025-07-01,강남구,2626
2025-07-01,강동구,1594
2025-07-01,강북구,724
2025-07-01,강서구,2227
2025-07-01,관악구,1768
2025-07-01,광진구,1070
2025-07-01,구로구,1277
2025-07-01,금천구,591
2025-07-01,노원구,1538
2025-07-01,도봉구,764
2025-07-01,동대문구,997
2025-07-01,동작구,1258
2025-07-01,마포구,1455
2025-07-01,서대문구,1021
2025-07-01,서초구,1625
2025-07-01,성동구,1004
2025-07-01,성북구,1218
2025-07-01,송파구,2885
2025-07-01,양천구,1331
2025-07-01,영등포구,1411
2025-07-01,용산구,844
2025-07-01,은평구,1378
2025-07-01,종로구,359
2025-07-01,중구,334
2025-07-01,중랑구,1083
2025-07-02,강남구,2320
2025-07-02,강동구,1367
2025-07-02,강북구,649
2025-07-02,강서구,1809
2025-07-02,관악구,1550
2025-07-02,광진구,923
2025-07-02,구로구,1013
2025-07-02,금천구,524
2025-07-02,노원구,1339
2025-07-02,도봉구,675
2025-07-02,동대문구,978
2025-07-02,동작구,1072
2025-07-02,마포구,1279
2025-07-02,서대문구,797
2025-07-02,서초구,1461
2025-07-02,성동구,947
2025-07-02,성북구,1088
2025-07-02,송파구,2522
2025-07-02,양천구,1203
2025-07-02,영등포구,1264
2025-07-02,용산구,705
2025-07-02,은평구,1194
2025-07-02,종로구,336
2025-07-02,중구,292
2025-07-02,중랑구,936
2025-07-03,강남구,2194
2025-07-03,강동구,1254
2025-07-03,강북구,616
2025-07-03,강서구,1782
2025-07-03,관악구,1467
2025-07-03,광진구,945
2025-07-03,구로구,1022
2025-07-03,금천구,470
2025-07-03,노원구,1273
2025-07-03,도봉구,627
2025-07-03,동대문구,915
2025-07-03,동작구,1012
2025-07-03,마포구,1240
2025-07-03,서대문구,762
2025-07-03,서초구,1377
2025-07-03,성동구,828
2025-07-03,성북구,1036
2025-07-03,송파구,2443
2025-07-03,양천구,1147
2025-07-03,영등포구,1327
2025-07-03,용산구,611
2025-07-03,은평구,1102
2025-07-03,종로구,303
2025-07-03,중구,291
2025-07-03,중랑구,868
2025-07-04,강남구,2196
2025-07-04,강동구,1334
2025-07-04,강북구,615
2025-07-04,강서구,1848
2025-07-04,관악구,1426
2025-07-04,광진구,933
2025-07-04,구로구,1117
2025-07-04,금천구,561
2025-07-04,노원구,1280
2025-07-04,도봉구,706
2025-07-04,동대문구,849
2025-07-04,동작구,1085
2025-07-04,마포구,1299
2025-07-04,서대문구,826
2025-07-04,서초구,1409
2025-07-04,성동구,900
2025-07-04,성북구,1125
2025-07-04,송파구,2431
2025-07-04,양천구,1161
2025-07-04,영등포구,1224
2025-07-04,용산구,679
2025-07-04,은평구,1165
2025-07-04,종로구,325
2025-07-04,중구,288
2025-07-04,중랑구,874
2025-07-05,강남구,1778
2025-07-05,강동구,1075
2025-07-05,강북구,541
2025-07-05,강서구,1432
2025-07-05,관악구,1171
2025-07-05,광진구,748
2025-07-05,구로구,841
2025-07-05,금천구,398
2025-07-05,노원구,1051
2025-07-05,도봉구,509
2025-07-05,동대문구,667
2025-07-05,동작구,836
2025-07-05,마포구,1012
2025-07-05,서대문구,670
2025-07-05,서초구,1125
2025-07-05,성동구,692
2025-07-05,성북구,863
2025-07-05,송파구,1960
2025-07-05,양천구,966
2025-07-05,영등포구,959
2025-07-05,용산구,524
2025-07-05,은평구,880
2025-07-05,종로구,244
2025-07-05,중구,255
2025-07-05,중랑구,770
2025-07-06,강남구,1671
2025-07-06,강동구,1016
2025-07-06,강북구,434
2025-07-06,강서구,1382
2025-07-06,관악구,1134
2025-07-06,광진구,704
2025-07-06,구로구,819
2025-07-06,금천구,407
2025-07-06,노원구,1033
2025-07-06,도봉구,496
2025-07-06,동대문구,620
2025-07-06,동작구,804
2025-07-06,마포구,923
2025-07-06,서대문구,590
2025-07-06,서초구,1082
2025-07-06,성동구,691
2025-07-06,성북구,834
2025-07-06,송파구,1902
2025-07-06,양천구,881
2025-07-06,영등포구,979
2025-07-06,용산구,485
2025-07-06,은평구,878
2025-07-06,종로구,236
2025-07-06,중구,228
2025-07-06,중랑구,672
2025-07-07,강남구,2647
2025-07-07,강동구,1553
2025-07-07,강북구,774
2025-07-07,강서구,2142
2025-07-07,관악구,1795
2025-07-07,광진구,1091
2025-07-07,구로구,1244
2025-07-07,금천구,615
2025-07-07,노원구,1581
2025-07-07,도봉구,691
2025-07-07,동대문구,1060
2025-07-07,동작구,1273
2025-07-07,마포구,1511
2025-07-07,서대문구,987
2025-07-07,서초구,1610
2025-07-07,성동구,1006
2025-07-07,성북구,1266
2025-07-07,송파구,2897
2025-07-07,양천구,1433
2025-07-07,영등포구,1501
2025-07-07,용산구,784
2025-07-07,은평구,1415
2025-07-07,종로구,384
2025-07-07,중구,365
2025-07-07,중랑구,1017
2025-07-08,강남구,2473
2025-07-08,강동구,1398
2025-07-08,강북구,771
2025-07-08,강서구,2089
2025-07-08,관악구,1607
2025-07-08,광진구,1011
2025-07-08,구로구,1171
2025-07-08,금천구,618
2025-07-08,노원구,1466
2025-07-08,도봉구,707
2025-07-08,동대문구,1004
2025-07-08,동작구,1226
2025-07-08,마포구,1389
2025-07-08,서대문구,861
2025-07-08,서초구,1604
2025-07-08,성동구,959
2025-07-08,성북구,1174
2025-07-08,송파구,2812
2025-07-08,양천구,1319
2025-07-08,영등포구,1384
2025-07-08,용산구,723
2025-07-08,은평구,1253
2025-07-08,종로구,371
2025-07-08,중구,296
2025-07-08,중랑구,1026
2025-07-09,강남구,2271
2025-07-09,강동구,1352
2025-07-09,강북구,657
2025-07-09,강서구,1824
2025-07-09,관악구,1538
2025-07-09,광진구,954
2025-07-09,구로구,1074
2025-07-09,금천구,483
2025-07-09,노원구,1263
2025-07-09,도봉구,643
2025-07-09,동대문구,918
2025-07-09,동작구,987
2025-07-09,마포구,1326
2025-07-09,서대문구,823
2025-07-09,서초구,1444
2025-07-09,성동구,881
2025-07-09,성북구,1042
2025-07-09,송파구,2458
2025-07-09,양천구,1189
2025-07-09,영등포구,1296
2025-07-09,용산구,647
2025-07-09,은평구,1180
2025-07-09,종로구,332
2025-07-09,중구,282
2025-07-09,중랑구,891
2025-07-10,강남구,2218
2025-07-10,강동구,1283
2025-07-10,강북구,597
2025-07-10,강서구,1796
2025-07-10,관악구,1474
2025-07-10,광진구,881
2025-07-10,구로구,1008
2025-07-10,금천구,492
2025-07-10,노원구,1318
2025-07-10,도봉구,610
2025-07-10,동대문구,830
2025-07-10,동작구,1058
2025-07-10,마포구,1281
2025-07-10,서대문구,820
2025-07-10,서초구,1377
2025-07-10,성동구,851
2025-07-10,성북구,1076
2025-07-10,송파구,2391
2025-07-10,양천구,1084
2025-07-10,영등포구,1171
2025-07-10,용산구,649
2025-07-10,은평구,1163
2025-07-10,종로구,295
2025-07-10,중구,278
2025-07-10,중랑구,851
2025-07-11,강남구,2366
2025-07-11,강동구,1378
2025-07-11,강북구,641
2025-07-11,강서구,1938
2025-07-11,관악구,1566
2025-07-11,광진구,992
2025-07-11,구로구,1144
2025-07-11,금천구,561
2025-07-11,노원구,1343
2025-07-11,도봉구,623
2025-07-11,동대문구,938
2025-07-11,동작구,1130
2025-07-11,마포구,1336
2025-07-11,서대문구,850
2025-07-11,서초구,1496
2025-07-11,성동구,912
2025-07-11,성북구,1190
2025-07-11,송파구,2626
2025-07-11,양천구,1254
2025-07-11,영등포구,1311
2025-07-11,용산구,701
2025-07-11,은평구,1214
2025-07-11,종로구,311
2025-07-11,중구,303
2025-07-11,중랑구,944
2025-07-12,강남구,1741
2025-07-12,강동구,1052
2025-07-12,강북구,551
2025-07-12,강서구,1490
2025-07-12,관악구,1188
2025-07-12,광진구,732
2025-07-12,구로구,838
2025-07-12,금천구,410
2025-07-12,노원구,1039
2025-07-12,도봉구,532
2025-07-12,동대문구,708
2025-07-12,동작구,863
2025-07-12,마포구,976
2025-07-12,서대문구,637
2025-07-12,서초구,1156
2025-07-12,성동구,664
2025-07-12,성북구,873
2025-07-12,송파구,1913
2025-07-12,양천구,962
2025-07-12,영등포구,924
2025-07-12,용산구,488
2025-07-12,은평구,927
2025-07-12,종로구,271
2025-07-12,중구,242
2025-07-12,중랑구,696
2025-07-13,강남구,1707
2025-07-13,강동구,976
2025-07-13,강북구,455
2025-07-13,강서구,1413
2025-07-13,관악구,1205
2025-07-13,광진구,647
2025-07-13,구로구,750
2025-07-13,금천구,412
2025-07-13,노원구,976
2025-07-13,도봉구,455
2025-07-13,동대문구,669
2025-07-13,동작구,816
2025-07-13,마포구,913
2025-07-13,서대문구,604
2025-07-13,서초구,1086
2025-07-13,성동구,657
2025-07-13,성북구,780
2025-07-13,송파구,1899
2025-07-13,양천구,927
2025-07-13,영등포구,925
2025-07-13,용산구,507
2025-07-13,은평구,851
2025-07-13,종로구,217
2025-07-13,중구,219
2025-07-13,중랑구,682
2025-07-14,강남구,2504
2025-07-14,강동구,1586
2025-07-14,강북구,703
2025-07-14,강서구,2151
2025-07-14,관악구,1774
2025-07-14,광진구,1071
2025-07-14,구로구,1206
2025-07-14,금천구,569
2025-07-14,노원구,1579
2025-07-14,도봉구,755
2025-07-14,동대문구,1087
2025-07-14,동작구,1191
2025-07-14,마포구,1483
2025-07-14,서대문구,924
2025-07-14,서초구,1653
2025-07-14,성동구,961
2025-07-14,성북구,1279
2025-07-14,송파구,2898
2025-07-14,양천구,1418
2025-07-14,영등포구,1432
2025-07-14,용산구,803
2025-07-14,은평구,1394
2025-07-14,종로구,391
2025-07-14,중구,318
2025-07-14,중랑구,1062
2025-07-15,강남구,2567
2025-07-15,강동구,1503
2025-07-15,강북구,715
2025-07-15,강서구,1988
2025-07-15,관악구,1709
2025-07-15,광진구,975
2025-07-15,구로구,1193
2025-07-15,금천구,550
2025-07-15,노원구,1439
2025-07-15,도봉구,694
2025-07-15,동대문구,936
2025-07-15,동작구,1129
2025-07-15,마포구,1422
2025-07-15,서대문구,851
2025-07-15,서초구,1566
2025-07-15,성동구,995
2025-07-15,성북구,1177
2025-07-15,송파구,2814
2025-07-15,양천구,1213
2025-07-15,영등포구,1374
2025-07-15,용산구,809
2025-07-15,은평구,1242
2025-07-15,종로구,383
2025-07-15,중구,309
2025-07-15,중랑구,934
2025-07-16,강남구,2120
2025-07-16,강동구,1325
2025-07-16,강북구,665
2025-07-16,강서구,1891
2025-07-16,관악구,1582
2025-07-16,광진구,918
2025-07-16,구로구,1121
2025-07-16,금천구,490
2025-07-16,노원구,1346
2025-07-16,도봉구,618
2025-07-16,동대문구,867
2025-07-16,동작구,1066
2025-07-16,마포구,1324
2025-07-16,서대문구,825
2025-07-16,서초구,1404
2025-07-16,성동구,921
2025-07-16,성북구,1055
2025-07-16,송파구,2578
2025-07-16,양천구,1161
2025-07-16,영등포구,1290
2025-07-16,용산구,645
2025-07-16,은평구,1226
2025-07-16,종로구,327
2025-07-16,중구,289
2025-07-16,중랑구,901
2025-07-17,강남구,2058
2025-07-17,강동구,1273
2025-07-17,강북구,612
2025-07-17,강서구,1789
2025-07-17,관악구,1551
2025-07-17,광진구,890
2025-07-17,구로구,1032
2025-07-17,금천구,470
2025-07-17,노원구,1164
2025-07-17,도봉구,595
2025-07-17,동대문구,867
2025-07-17,동작구,997
2025-07-17,마포구,1218
2025-07-17,서대문구,732
2025-07-17,서초구,1372
2025-07-17,성동구,774
2025-07-17,성북구,1062
2025-07-17,송파구,2441
2025-07-17,양천구,1090
2025-07-17,영등포구,1184
2025-07-17,용산구,684
2025-07-17,은평구,1169
2025-07-17,종로구,299
2025-07-17,중구,270
2025-07-17,중랑구,899
2025-07-18,강남구,2232
2025-07-18,강동구,1317
2025-07-18,강북구,612
2025-07-18,강서구,1792
2025-07-18,관악구,1499
2025-07-18,광진구,895
2025-07-18,구로구,1075
2025-07-18,금천구,507
2025-07-18,노원구,1298
2025-07-18,도봉구,687
2025-07-18,동대문구,900
2025-07-18,동작구,1013
2025-07-18,마포구,1268
2025-07-18,서대문구,824
2025-07-18,서초구,1412
2025-07-18,성동구,898
2025-07-18,성북구,1137
2025-07-18,송파구,2435
2025-07-18,양천구,1192
2025-07-18,영등포구,1200
2025-07-18,용산구,633
2025-07-18,은평구,1170
2025-07-18,종로구,307
2025-07-18,중구,307
2025-07-18,중랑구,917
2025-07-19,강남구,1708
2025-07-19,강동구,1066
2025-07-19,강북구,494
2025-07-19,강서구,1501
2025-07-19,관악구,1214
2025-07-19,광진구,739
2025-07-19,구로구,825
2025-07-19,금천구,403
2025-07-19,노원구,1061
2025-07-19,도봉구,499
2025-07-19,동대문구,672
2025-07-19,동작구,845
2025-07-19,마포구,992
2025-07-19,서대문구,640
2025-07-19,서초구,1124
2025-07-19,성동구,674
2025-07-19,성북구,857
2025-07-19,송파구,1949
2025-07-19,양천구,960
2025-07-19,영등포구,985
2025-07-19,용산구,504
2025-07-19,은평구,902
2025-07-19,종로구,284
2025-07-19,중구,217
2025-07-19,중랑구,691
2025-07-20,강남구,1651
2025-07-20,강동구,974
2025-07-20,강북구,462
2025-07-20,강서구,1403
2025-07-20,관악구,1076
2025-07-20,광진구,667
2025-07-20,구로구,820
2025-07-20,금천구,397
2025-07-20,노원구,971
2025-07-20,도봉구,487
2025-07-20,동대문구,713
2025-07-20,동작구,738
2025-07-20,마포구,914
2025-07-20,서대문구,575
2025-07-20,서초구,1061
2025-07-20,성동구,669
2025-07-20,성북구,777
2025-07-20,송파구,1848
2025-07-20,양천구,909
2025-07-20,영등포구,902
2025-07-20,용산구,503
2025-07-20,은평구,909
2025-07-20,종로구,243
2025-07-20,중구,211
2025-07-20,중랑구,668
2025-07-21,강남구,2732
2025-07-21,강동구,1638
2025-07-21,강북구,784
2025-07-21,강서구,2295
2025-07-21,관악구,1854
2025-07-21,광진구,1174
2025-07-21,구로구,1294
2025-07-21,금천구,599
2025-07-21,노원구,1583
2025-07-21,도봉구,778
2025-07-21,동대문구,1049
2025-07-21,동작구,1274
2025-07-21,마포구,1622
2025-07-21,서대문구,966
2025-07-21,서초구,1739
2025-07-21,성동구,1045
2025-07-21,성북구,1281
2025-07-21,송파구,3050
2025-07-21,양천구,1439
2025-07-21,영등포구,1491
2025-07-21,용산구,805
2025-07-21,은평구,1410
2025-07-21,종로구,380
2025-07-21,중구,350
2025-07-21,중랑구,1095
2025-07-22,강남구,2380
2025-07-22,강동구,1471
2025-07-22,강북구,697
2025-07-22,강서구,2030
2025-07-22,관악구,1638
2025-07-22,광진구,1023
2025-07-22,구로구,1156
2025-07-22,금천구,533
2025-07-22,노원구,1391
2025-07-22,도봉구,708
2025-07-22,동대문구,975
2025-07-22,동작구,1172
2025-07-22,마포구,1415
2025-07-22,서대문구,842
2025-07-22,서초구,1518
2025-07-22,성동구,938
2025-07-22,성북구,1194
2025-07-22,송파구,2697
2025-07-22,양천구,1317
2025-07-22,영등포구,1302
2025-07-22,용산구,775
2025-07-22,은평구,1276
2025-07-22,종로구,340
2025-07-22,중구,297
2025-07-22,중랑구,954
2025-07-23,강남구,2270
2025-07-23,강동구,1294
2025-07-23,강북구,651
2025-07-23,강서구,1833
2025-07-23,관악구,1504
2025-07-23,광진구,939
2025-07-23,구로구,1057
2025-07-23,금천구,571
2025-07-23,노원구,1362
2025-07-23,도봉구,633
2025-07-23,동대문구,950
2025-07-23,동작구,1097
2025-07-23,마포구,1278
2025-07-23,서대문구,862
2025-07-23,서초구,1480
2025-07-23,성동구,855
2025-07-23,성북구,1067
2025-07-23,송파구,2551
2025-07-23,양천구,1242
2025-07-23,영등포구,1229
2025-07-23,용산구,643
2025-07-23,은평구,1209
2025-07-23,종로구,331
2025-07-23,중구,312
2025-07-23,중랑구,915
2025-07-24,강남구,2074
2025-07-24,강동구,1253
2025-07-24,강북구,580
2025-07-24,강서구,1743
2025-07-24,관악구,1488
2025-07-24,광진구,882
2025-07-24,구로구,1023
2025-07-24,금천구,473
2025-07-24,노원구,1281
2025-07-24,도봉구,670
2025-07-24,동대문구,851
2025-07-24,동작구,994
2025-07-24,마포구,1205
2025-07-24,서대문구,800
2025-07-24,서초구,1408
2025-07-24,성동구,840
2025-07-24,성북구,1099
2025-07-24,송파구,2367
2025-07-24,양천구,1149
2025-07-24,영등포구,1236
2025-07-24,용산구,628
2025-07-24,은평구,1134
2025-07-24,종로구,316
2025-07-24,중구,253
2025-07-24,중랑구,880
2025-07-25,강남구,2185
2025-07-25,강동구,1332
2025-07-25,강북구,589
2025-07-25,강서구,1845
2025-07-25,관악구,1524
2025-07-25,광진구,917
2025-07-25,구로구,1094
2025-07-25,금천구,514
2025-07-25,노원구,1299
2025-07-25,도봉구,650
2025-07-25,동대문구,875
2025-07-25,동작구,1031
2025-07-25,마포구,1258
2025-07-25,서대문구,809
2025-07-25,서초구,1409
2025-07-25,성동구,855
2025-07-25,성북구,1091
2025-07-25,송파구,2536
2025-07-25,양천구,1128
2025-07-25,영등포구,1251
2025-07-25,용산구,647
2025-07-25,은평구,1152
2025-07-25,종로구,309
2025-07-25,중구,294
2025-07-25,중랑구,896
2025-07-26,강남구,1780
2025-07-26,강동구,1015
2025-07-26,강북구,484
2025-07-26,강서구,1451
2025-07-26,관악구,1218
2025-07-26,광진구,761
2025-07-26,구로구,837
2025-07-26,금천구,388
2025-07-26,노원구,963
2025-07-26,도봉구,472
2025-07-26,동대문구,741
2025-07-26,동작구,812
2025-07-26,마포구,1038
2025-07-26,서대문구,633
2025-07-26,서초구,1099
2025-07-26,성동구,681
2025-07-26,성북구,851
2025-07-26,송파구,1870
2025-07-26,양천구,911
2025-07-26,영등포구,960
2025-07-26,용산구,534
2025-07-26,은평구,910
2025-07-26,종로구,228
2025-07-26,중구,247
2025-07-26,중랑구,725
2025-07-27,강남구,1671
2025-07-27,강동구,982
2025-07-27,강북구,476
2025-07-27,강서구,1404
2025-07-27,관악구,1073
2025-07-27,광진구,666
2025-07-27,구로구,798
2025-07-27,금천구,381
2025-07-27,노원구,954
2025-07-27,도봉구,462
2025-07-27,동대문구,626
2025-07-27,동작구,812
2025-07-27,마포구,951
2025-07-27,서대문구,564
2025-07-27,서초구,1036
2025-07-27,성동구,588
2025-07-27,성북구,787
2025-07-27,송파구,1833
2025-07-27,양천구,862
2025-07-27,영등포구,946
2025-07-27,용산구,488
2025-07-27,은평구,918
2025-07-27,종로구,264
2025-07-27,중구,194
2025-07-27,중랑구,680
2025-07-28,강남구,2534
2025-07-28,강동구,1490
2025-07-28,강북구,701
2025-07-28,강서구,2133
2025-07-28,관악구,1812
2025-07-28,광진구,1057
2025-07-28,구로구,1223
2025-07-28,금천구,581
2025-07-28,노원구,1485
2025-07-28,도봉구,760
2025-07-28,동대문구,1027
2025-07-28,동작구,1251
2025-07-28,마포구,1526
2025-07-28,서대문구,941
2025-07-28,서초구,1635
2025-07-28,성동구,1011
2025-07-28,성북구,1246
2025-07-28,송파구,2869
2025-07-28,양천구,1363
2025-07-28,영등포구,1460
2025-07-28,용산구,766
2025-07-28,은평구,1321
2025-07-28,종로구,364
2025-07-28,중구,312
2025-07-28,중랑구,1033
2025-07-29,강남구,2386
2025-07-29,강동구,1444
2025-07-29,강북구,635
2025-07-29,강서구,1967
2025-07-29,관악구,1616
2025-07-29,광진구,1010
2025-07-29,구로구,1178
2025-07-29,금천구,569
2025-07-29,노원구,1399
2025-07-29,도봉구,668
2025-07-29,동대문구,959
2025-07-29,동작구,1102
2025-07-29,마포구,1384
2025-07-29,서대문구,868
2025-07-29,서초구,1542
2025-07-29,성동구,920
2025-07-29,성북구,1138
2025-07-29,송파구,2573
2025-07-29,양천구,1295
2025-07-29,영등포구,1350
2025-07-29,용산구,706
2025-07-29,은평구,1264
2025-07-29,종로구,365
2025-07-29,중구,317
2025-07-29,중랑구,966
