date_key,dest_region_id,category_id,inbound_volume
2025-01-01,1,1,424
2025-01-01,1,2,396
2025-01-01,1,3,433
2025-01-01,1,4,195
2025-01-01,1,5,151
2025-01-01,2,1,242
2025-01-01,2,2,262
2025-01-01,2,3,298
2025-01-01,2,4,126
2025-01-01,2,5,113
2025-01-01,3,1,126
2025-01-01,3,2,142
2025-01-01,3,3,113
2025-01-01,3,4,72
2025-01-01,3,5,38
2025-01-01,4,1,336
2025-01-01,4,2,375
2025-01-01,4,3,383
2025-01-01,4,4,152
2025-01-01,4,5,130
2025-01-01,5,1,261
2025-01-01,5,2,261
2025-01-01,5,3,344
2025-01-01,5,4,143
2025-01-01,5,5,118
2025-01-01,6,1,174
2025-01-01,6,2,157
2025-01-01,6,3,214
2025-01-01,6,4,86
2025-01-01,6,5,59
2025-01-01,7,1,213
2025-01-01,7,2,195
2025-01-01,7,3,239
2025-01-01,7,4,99
2025-01-01,7,5,86
2025-01-01,8,1,112
2025-01-01,8,2,90
2025-01-01,8,3,113
2025-01-01,8,4,49
2025-01-01,8,5,45
2025-01-01,9,1,245
2025-01-01,9,2,269
2025-01-01,9,3,302
2025-01-01,9,4,127
2025-01-01,9,5,91
2025-01-01,10,1,133
2025-01-01,10,2,136
2025-01-01,10,3,138
2025-01-01,10,4,60
2025-01-01,10,5,53
2025-01-01,11,1,188
2025-01-01,11,2,130
2025-01-01,11,3,193
2025-01-01,11,4,85
2025-01-01,11,5,76
2025-01-01,12,1,206
2025-01-01,12,2,196
2025-01-01,12,3,207
2025-01-01,12,4,97
2025-01-01,12,5,83
2025-01-01,13,1,228
2025-01-01,13,2,216
2025-01-01,13,3,256
2025-01-01,13,4,124
2025-01-01,13,5,60
2025-01-01,14,1,179
2025-01-01,14,2,146
2025-01-01,14,3,207
2025-01-01,14,4,70
2025-01-01,14,5,63
2025-01-01,15,1,249
2025-01-01,15,2,264
2025-01-01,15,3,310
2025-01-01,15,4,109
2025-01-01,15,5,80
2025-01-01,16,1,164
2025-01-01,16,2,154
2025-01-01,16,3,196
2025-01-01,16,4,82
2025-01-01,16,5,65
2025-01-01,17,1,163
2025-01-01,17,2,216
2025-01-01,17,3,224
2025-01-01,17,4,88
2025-01-01,17,5,99
2025-01-01,18,1,462
2025-01-01,18,2,436
2025-01-01,18,3,525
2025-01-01,18,4,208
2025-01-01,18,5,187
2025-01-01,19,1,246
2025-01-01,19,2,226
2025-01-01,19,3,255
2025-01-01,19,4,93
2025-01-01,19,5,92
2025-01-01,20,1,229
2025-01-01,20,2,195
2025-01-01,20,3,237
2025-01-01,20,4,97
2025-01-01,20,5,102
2025-01-01,21,1,122
2025-01-01,21,2,111
2025-01-01,21,3,144
2025-01-01,21,4,64
2025-01-01,21,5,54
2025-01-01,22,1,222
2025-01-01,22,2,234
2025-01-01,22,3,256
2025-01-01,22,4,102
2025-01-01,22,5,93
2025-01-01,23,1,81
2025-01-01,23,2,58
2025-01-01,23,3,65
2025-01-01,23,4,31
2025-01-01,23,5,25
2025-01-01,24,1,51
2025-01-01,24,2,56
2025-01-01,24,3,55
2025-01-01,24,4,29
2025-01-01,24,5,25
2025-01-01,25,1,185
2025-01-01,25,2,174
2025-01-01,25,3,198
2025-01-01,25,4,77
2025-01-01,25,5,70
2025-01-02,1,1,529
2025-01-02,1,2,440
2025-01-02,1,3,633
2025-01-02,1,4,252
2025-01-02,1,5,196
2025-01-02,2,1,335
2025-01-02,2,2,284
2025-01-02,2,3,351
2025-01-02,2,4,158
2025-01-02,2,5,121
2025-01-02,3,1,160
2025-01-02,3,2,144
2025-01-02,3,3,209
2025-01-02,3,4,66
2025-01-02,3,5,57
2025-01-02,4,1,427
2025-01-02,4,2,388
2025-01-02,4,3,533
2025-01-02,4,4,220
2025-01-02,4,5,166
2025-01-02,5,1,395
2025-01-02,5,2,292
2025-01-02,5,3,447
2025-01-02,5,4,165
2025-01-02,5,5,136
2025-01-02,6,1,201
2025-01-02,6,2,215
2025-01-02,6,3,285
2025-01-02,6,4,129
2025-01-02,6,5,81
2025-01-02,7,1,264
2025-01-02,7,2,207
2025-01-02,7,3,302
2025-01-02,7,4,127
2025-01-02,7,5,109
2025-01-02,8,1,123
2025-01-02,8,2,135
2025-01-02,8,3,142
2025-01-02,8,4,58
2025-01-02,8,5,57
2025-01-02,9,1,303
2025-01-02,9,2,289
2025-01-02,9,3,342
2025-01-02,9,4,170
2025-01-02,9,5,118
2025-01-02,10,1,167
2025-01-02,10,2,157
2025-01-02,10,3,188
2025-01-02,10,4,76
2025-01-02,10,5,65
2025-01-02,11,1,240
2025-01-02,11,2,207
2025-01-02,11,3,223
2025-01-02,11,4,115
2025-01-02,11,5,74
2025-01-02,12,1,252
2025-01-02,12,2,243
2025-01-02,12,3,302
2025-01-02,12,4,128
2025-01-02,12,5,95
2025-01-02,13,1,303
2025-01-02,13,2,275
2025-01-02,13,3,344
2025-01-02,13,4,140
2025-01-02,13,5,95
2025-01-02,14,1,183
2025-01-02,14,2,180
2025-01-02,14,3,235
2025-01-02,14,4,96
2025-01-02,14,5,79
2025-01-02,15,1,362
2025-01-02,15,2,280
2025-01-02,15,3,384
2025-01-02,15,4,133
2025-01-02,15,5,141
2025-01-02,16,1,189
2025-01-02,16,2,159
2025-01-02,16,3,245
2025-01-02,16,4,89
2025-01-02,16,5,83
2025-01-02,17,1,248
2025-01-02,17,2,230
2025-01-02,17,3,313
2025-01-02,17,4,120
2025-01-02,17,5,93
2025-01-02,18,1,606
2025-01-02,18,2,480
2025-01-02,18,3,716
2025-01-02,18,4,284
2025-01-02,18,5,220
2025-01-02,19,1,273
2025-01-02,19,2,263
2025-01-02,19,3,342
2025-01-02,19,4,141
2025-01-02,19,5,133
2025-01-02,20,1,293
2025-01-02,20,2,255
2025-01-02,20,3,346
2025-01-02,20,4,142
2025-01-02,20,5,132
2025-01-02,21,1,187
2025-01-02,21,2,125
2025-01-02,21,3,181
2025-01-02,21,4,69
2025-01-02,21,5,60
2025-01-02,22,1,302
2025-01-02,22,2,267
2025-01-02,22,3,368
2025-01-02,22,4,150
2025-01-02,22,5,103
2025-01-02,23,1,86
2025-01-02,23,2,68
2025-01-02,23,3,90
2025-01-02,23,4,38
2025-01-02,23,5,29
2025-01-02,24,1,76
2025-01-02,24,2,61
2025-01-02,24,3,75
2025-01-02,24,4,31
2025-01-02,24,5,19
2025-01-02,25,1,223
2025-01-02,25,2,203
2025-01-02,25,3,248
2025-01-02,25,4,106
2025-01-02,25,5,95
2025-01-03,1,1,614
2025-01-03,1,2,456
2025-01-03,1,3,668
2025-01-03,1,4,255
2025-01-03,1,5,197
2025-01-03,2,1,352
2025-01-03,2,2,309
2025-01-03,2,3,388
2025-01-03,2,4,146
2025-01-03,2,5,126
2025-01-03,3,1,171
2025-01-03,3,2,137
2025-01-03,3,3,183
2025-01-03,3,4,69
2025-01-03,3,5,59
2025-01-03,4,1,444
2025-01-03,4,2,391
2025-01-03,4,3,521
2025-01-03,4,4,248
2025-01-03,4,5,158
2025-01-03,5,1,366
2025-01-03,5,2,361
2025-01-03,5,3,438
2025-01-03,5,4,179
2025-01-03,5,5,142
2025-01-03,6,1,267
2025-01-03,6,2,225
2025-01-03,6,3,242
2025-01-03,6,4,95
2025-01-03,6,5,96
2025-01-03,7,1,295
2025-01-03,7,2,261
2025-01-03,7,3,326
2025-01-03,7,4,136
2025-01-03,7,5,108
2025-01-03,8,1,132
2025-01-03,8,2,124
2025-01-03,8,3,155
2025-01-03,8,4,66
2025-01-03,8,5,53
2025-01-03,9,1,334
2025-01-03,9,2,298
2025-01-03,9,3,379
2025-01-03,9,4,153
2025-01-03,9,5,122
2025-01-03,10,1,169
2025-01-03,10,2,145
2025-01-03,10,3,188
2025-01-03,10,4,83
2025-01-03,10,5,64
2025-01-03,11,1,247
2025-01-03,11,2,215
2025-01-03,11,3,245
2025-01-03,11,4,116
2025-01-03,11,5,85
2025-01-03,12,1,274
2025-01-03,12,2,230
2025-01-03,12,3,264
2025-01-03,12,4,125
2025-01-03,12,5,125
2025-01-03,13,1,321
2025-01-03,13,2,287
2025-01-03,13,3,380
2025-01-03,13,4,136
2025-01-03,13,5,121
2025-01-03,14,1,210
2025-01-03,14,2,186
2025-01-03,14,3,256
2025-01-03,14,4,99
2025-01-03,14,5,87
2025-01-03,15,1,334
2025-01-03,15,2,300
2025-01-03,15,3,385
2025-01-03,15,4,171
2025-01-03,15,5,140
2025-01-03,16,1,242
2025-01-03,16,2,203
2025-01-03,16,3,261
2025-01-03,16,4,98
2025-01-03,16,5,78
2025-01-03,17,1,286
2025-01-03,17,2,253
2025-01-03,17,3,314
2025-01-03,17,4,144
2025-01-03,17,5,96
2025-01-03,18,1,597
2025-01-03,18,2,535
2025-01-03,18,3,724
2025-01-03,18,4,247
2025-01-03,18,5,218
2025-01-03,19,1,309
2025-01-03,19,2,304
2025-01-03,19,3,306
2025-01-03,19,4,145
2025-01-03,19,5,104
2025-01-03,20,1,289
2025-01-03,20,2,260
2025-01-03,20,3,355
2025-01-03,20,4,140
2025-01-03,20,5,107
2025-01-03,21,1,187
2025-01-03,21,2,137
2025-01-03,21,3,210
2025-01-03,21,4,83
2025-01-03,21,5,70
2025-01-03,22,1,308
2025-01-03,22,2,258
2025-01-03,22,3,346
2025-01-03,22,4,134
2025-01-03,22,5,137
2025-01-03,23,1,106
2025-01-03,23,2,76
2025-01-03,23,3,82
2025-01-03,23,4,48
2025-01-03,23,5,26
2025-01-03,24,1,68
2025-01-03,24,2,64
2025-01-03,24,3,88
2025-01-03,24,4,38
2025-01-03,24,5,29
2025-01-03,25,1,240
2025-01-03,25,2,232
2025-01-03,25,3,268
2025-01-03,25,4,108
2025-01-03,25,5,94
2025-01-04,1,1,408
2025-01-04,1,2,373
2025-01-04,1,3,448
2025-01-04,1,4,178
2025-01-04,1,5,151
2025-01-04,2,1,262
2025-01-04,2,2,248
2025-01-04,2,3,270
2025-01-04,2,4,132
2025-01-04,2,5,108
2025-01-04,3,1,142
2025-01-04,3,2,114
2025-01-04,3,3,156
2025-01-04,3,4,54
2025-01-04,3,5,55
2025-01-04,4,1,351
2025-01-04,4,2,329
2025-01-04,4,3,445
2025-01-04,4,4,162
2025-01-04,4,5,130
2025-01-04,5,1,315
2025-01-04,5,2,268
2025-01-04,5,3,360
2025-01-04,5,4,123
2025-01-04,5,5,93
2025-01-04,6,1,212
2025-01-04,6,2,165
2025-01-04,6,3,203
2025-01-04,6,4,80
2025-01-04,6,5,73
2025-01-04,7,1,228
2025-01-04,7,2,206
2025-01-04,7,3,256
2025-01-04,7,4,110
2025-01-04,7,5,85
2025-01-04,8,1,115
2025-01-04,8,2,106
2025-01-04,8,3,118
2025-01-04,8,4,43
2025-01-04,8,5,44
2025-01-04,9,1,256
2025-01-04,9,2,210
2025-01-04,9,3,293
2025-01-04,9,4,135
2025-01-04,9,5,90
2025-01-04,10,1,136
2025-01-04,10,2,114
2025-01-04,10,3,156
2025-01-04,10,4,58
2025-01-04,10,5,45
2025-01-04,11,1,171
2025-01-04,11,2,169
2025-01-04,11,3,232
2025-01-04,11,4,84
2025-01-04,11,5,75
2025-01-04,12,1,232
2025-01-04,12,2,181
2025-01-04,12,3,249
2025-01-04,12,4,94
2025-01-04,12,5,95
2025-01-04,13,1,236
2025-01-04,13,2,245
2025-01-04,13,3,285
2025-01-04,13,4,109
2025-01-04,13,5,93
2025-01-04,14,1,171
2025-01-04,14,2,140
2025-01-04,14,3,179
2025-01-04,14,4,81
2025-01-04,14,5,62
2025-01-04,15,1,287
2025-01-04,15,2,243
2025-01-04,15,3,334
2025-01-04,15,4,148
2025-01-04,15,5,105
2025-01-04,16,1,170
2025-01-04,16,2,155
2025-01-04,16,3,181
2025-01-04,16,4,83
2025-01-04,16,5,71
2025-01-04,17,1,215
2025-01-04,17,2,201
2025-01-04,17,3,295
2025-01-04,17,4,98
2025-01-04,17,5,92
2025-01-04,18,1,498
2025-01-04,18,2,441
2025-01-04,18,3,513
2025-01-04,18,4,237
2025-01-04,18,5,205
2025-01-04,19,1,239
2025-01-04,19,2,202
2025-01-04,19,3,267
2025-01-04,19,4,91
2025-01-04,19,5,103
2025-01-04,20,1,249
2025-01-04,20,2,222
2025-01-04,20,3,279
2025-01-04,20,4,98
2025-01-04,20,5,92
2025-01-04,21,1,129
2025-01-04,21,2,118
2025-01-04,21,3,120
2025-01-04,21,4,54
2025-01-04,21,5,57
2025-01-04,22,1,246
2025-01-04,22,2,184
2025-01-04,22,3,289
2025-01-04,22,4,100
2025-01-04,22,5,101
2025-01-04,23,1,84
2025-01-04,23,2,59
2025-01-04,23,3,79
2025-01-04,23,4,41
2025-01-04,23,5,26
2025-01-04,24,1,62
2025-01-04,24,2,52
2025-01-04,24,3,74
2025-01-04,24,4,30
2025-01-04,24,5,24
2025-01-04,25,1,191
2025-01-04,25,2,177
2025-01-04,25,3,219
2025-01-04,25,4,86
2025-01-04,25,5,80
2025-01-05,1,1,425
2025-01-05,1,2,389
2025-01-05,1,3,451
2025-01-05,1,4,191
2025-01-05,1,5,148
2025-01-05,2,1,270
2025-01-05,2,2,217
2025-01-05,2,3,296
2025-01-05,2,4,120
2025-01-05,2,5,95
2025-01-05,3,1,116
2025-01-05,3,2,101
2025-01-05,3,3,140
2025-01-05,3,4,68
2025-01-05,3,5,52
2025-01-05,4,1,347
2025-01-05,4,2,303
2025-01-05,4,3,410
2025-01-05,4,4,147
2025-01-05,4,5,124
2025-01-05,5,1,308
2025-01-05,5,2,216
2025-01-05,5,3,318
2025-01-05,5,4,129
2025-01-05,5,5,107
2025-01-05,6,1,168
2025-01-05,6,2,151
2025-01-05,6,3,213
2025-01-05,6,4,98
2025-01-05,6,5,51
2025-01-05,7,1,228
2025-01-05,7,2,215
2025-01-05,7,3,235
2025-01-05,7,4,113
2025-01-05,7,5,67
2025-01-05,8,1,85
2025-01-05,8,2,73
2025-01-05,8,3,123
2025-01-05,8,4,51
2025-01-05,8,5,34
2025-01-05,9,1,246
2025-01-05,9,2,228
2025-01-05,9,3,287
2025-01-05,9,4,121
2025-01-05,9,5,94
2025-01-05,10,1,133
2025-01-05,10,2,102
2025-01-05,10,3,136
2025-01-05,10,4,61
2025-01-05,10,5,47
2025-01-05,11,1,178
2025-01-05,11,2,153
2025-01-05,11,3,192
2025-01-05,11,4,68
2025-01-05,11,5,58
2025-01-05,12,1,205
2025-01-05,12,2,207
2025-01-05,12,3,226
2025-01-05,12,4,109
2025-01-05,12,5,83
2025-01-05,13,1,249
2025-01-05,13,2,200
2025-01-05,13,3,283
2025-01-05,13,4,114
2025-01-05,13,5,80
2025-01-05,14,1,184
2025-01-05,14,2,144
2025-01-05,14,3,201
2025-01-05,14,4,76
2025-01-05,14,5,46
2025-01-05,15,1,250
2025-01-05,15,2,200
2025-01-05,15,3,293
2025-01-05,15,4,123
2025-01-05,15,5,87
2025-01-05,16,1,167
2025-01-05,16,2,143
2025-01-05,16,3,201
2025-01-05,16,4,70
2025-01-05,16,5,63
2025-01-05,17,1,212
2025-01-05,17,2,207
2025-01-05,17,3,236
2025-01-05,17,4,113
2025-01-05,17,5,93
2025-01-05,18,1,478
2025-01-05,18,2,410
2025-01-05,18,3,517
2025-01-05,18,4,196
2025-01-05,18,5,186
2025-01-05,19,1,235
2025-01-05,19,2,195
2025-01-05,19,3,273
2025-01-05,19,4,109
2025-01-05,19,5,103
2025-01-05,20,1,222
2025-01-05,20,2,210
2025-01-05,20,3,267
2025-01-05,20,4,111
2025-01-05,20,5,91
2025-01-05,21,1,132
2025-01-05,21,2,107
2025-01-05,21,3,134
2025-01-05,21,4,67
2025-01-05,21,5,45
2025-01-05,22,1,240
2025-01-05,22,2,199
2025-01-05,22,3,259
2025-01-05,22,4,105
2025-01-05,22,5,76
2025-01-05,23,1,62
2025-01-05,23,2,63
2025-01-05,23,3,73
2025-01-05,23,4,25
2025-01-05,23,5,31
2025-01-05,24,1,68
2025-01-05,24,2,48
2025-01-05,24,3,61
2025-01-05,24,4,15
2025-01-05,24,5,23
2025-01-05,25,1,156
2025-01-05,25,2,145
2025-01-05,25,3,220
2025-01-05,25,4,86
2025-01-05,25,5,60
2025-01-06,1,1,648
2025-01-06,1,2,628
2025-01-06,1,3,711
2025-01-06,1,4,289
2025-01-06,1,5,221
2025-01-06,2,1,387
2025-01-06,2,2,395
2025-01-06,2,3,430
2025-01-06,2,4,188
2025-01-06,2,5,156
2025-01-06,3,1,195
2025-01-06,3,2,197
2025-01-06,3,3,228
2025-01-06,3,4,98
2025-01-06,3,5,81
2025-01-06,4,1,566
2025-01-06,4,2,510
2025-01-06,4,3,574
2025-01-06,4,4,265
2025-01-06,4,5,205
2025-01-06,5,1,463
2025-01-06,5,2,418
2025-01-06,5,3,501
2025-01-06,5,4,191
2025-01-06,5,5,183
2025-01-06,6,1,299
2025-01-06,6,2,269
2025-01-06,6,3,303
2025-01-06,6,4,137
2025-01-06,6,5,108
2025-01-06,7,1,337
2025-01-06,7,2,321
2025-01-06,7,3,326
2025-01-06,7,4,140
2025-01-06,7,5,118
2025-01-06,8,1,138
2025-01-06,8,2,147
2025-01-06,8,3,172
2025-01-06,8,4,62
2025-01-06,8,5,70
2025-01-06,9,1,387
2025-01-06,9,2,435
2025-01-06,9,3,423
2025-01-06,9,4,186
2025-01-06,9,5,142
2025-01-06,10,1,184
2025-01-06,10,2,190
2025-01-06,10,3,218
2025-01-06,10,4,92
2025-01-06,10,5,54
2025-01-06,11,1,283
2025-01-06,11,2,264
2025-01-06,11,3,266
2025-01-06,11,4,113
2025-01-06,11,5,114
2025-01-06,12,1,325
2025-01-06,12,2,291
2025-01-06,12,3,358
2025-01-06,12,4,156
2025-01-06,12,5,138
2025-01-06,13,1,353
2025-01-06,13,2,326
2025-01-06,13,3,414
2025-01-06,13,4,171
2025-01-06,13,5,148
2025-01-06,14,1,226
2025-01-06,14,2,225
2025-01-06,14,3,272
2025-01-06,14,4,103
2025-01-06,14,5,82
2025-01-06,15,1,438
2025-01-06,15,2,402
2025-01-06,15,3,428
2025-01-06,15,4,171
2025-01-06,15,5,149
2025-01-06,16,1,255
2025-01-06,16,2,244
2025-01-06,16,3,253
2025-01-06,16,4,102
2025-01-06,16,5,76
2025-01-06,17,1,348
2025-01-06,17,2,309
2025-01-06,17,3,387
2025-01-06,17,4,151
2025-01-06,17,5,132
2025-01-06,18,1,714
2025-01-06,18,2,693
2025-01-06,18,3,817
2025-01-06,18,4,305
2025-01-06,18,5,245
2025-01-06,19,1,373
2025-01-06,19,2,335
2025-01-06,19,3,393
2025-01-06,19,4,170
2025-01-06,19,5,136
2025-01-06,20,1,305
2025-01-06,20,2,326
2025-01-06,20,3,394
2025-01-06,20,4,173
2025-01-06,20,5,155
2025-01-06,21,1,193
2025-01-06,21,2,179
2025-01-06,21,3,224
2025-01-06,21,4,92
2025-01-06,21,5,79
2025-01-06,22,1,331
2025-01-06,22,2,371
2025-01-06,22,3,392
2025-01-06,22,4,152
2025-01-06,22,5,114
2025-01-06,23,1,104
2025-01-06,23,2,95
2025-01-06,23,3,116
2025-01-06,23,4,45
2025-01-06,23,5,32
2025-01-06,24,1,94
2025-01-06,24,2,89
2025-01-06,24,3,88
2025-01-06,24,4,37
2025-01-06,24,5,36
2025-01-06,25,1,291
2025-01-06,25,2,257
2025-01-06,25,3,292
2025-01-06,25,4,123
2025-01-06,25,5,111
2025-01-07,1,1,573
2025-01-07,1,2,575
2025-01-07,1,3,612
2025-01-07,1,4,294
2025-01-07,1,5,244
2025-01-07,2,1,363
2025-01-07,2,2,371
2025-01-07,2,3,432
2025-01-07,2,4,172
2025-01-07,2,5,141
2025-01-07,3,1,174
2025-01-07,3,2,195
2025-01-07,3,3,213
2025-01-07,3,4,95
2025-01-07,3,5,79
2025-01-07,4,1,480
2025-01-07,4,2,522
2025-01-07,4,3,563
2025-01-07,4,4,244
2025-01-07,4,5,180
2025-01-07,5,1,419
2025-01-07,5,2,397
2025-01-07,5,3,484
2025-01-07,5,4,195
2025-01-07,5,5,163
2025-01-07,6,1,279
2025-01-07,6,2,271
2025-01-07,6,3,285
2025-01-07,6,4,125
2025-01-07,6,5,91
2025-01-07,7,1,294
2025-01-07,7,2,296
2025-01-07,7,3,347
2025-01-07,7,4,135
2025-01-07,7,5,88
2025-01-07,8,1,145
2025-01-07,8,2,145
2025-01-07,8,3,178
2025-01-07,8,4,46
2025-01-07,8,5,62
2025-01-07,9,1,388
2025-01-07,9,2,373
2025-01-07,9,3,424
2025-01-07,9,4,167
2025-01-07,9,5,129
2025-01-07,10,1,187
2025-01-07,10,2,174
2025-01-07,10,3,201
2025-01-07,10,4,85
2025-01-07,10,5,81
2025-01-07,11,1,261
2025-01-07,11,2,261
2025-01-07,11,3,277
2025-01-07,11,4,115
2025-01-07,11,5,88
2025-01-07,12,1,286
2025-01-07,12,2,285
2025-01-07,12,3,345
2025-01-07,12,4,136
2025-01-07,12,5,115
2025-01-07,13,1,348
2025-01-07,13,2,362
2025-01-07,13,3,389
2025-01-07,13,4,147
2025-01-07,13,5,147
2025-01-07,14,1,210
2025-01-07,14,2,214
2025-01-07,14,3,216
2025-01-07,14,4,105
2025-01-07,14,5,76
2025-01-07,15,1,426
2025-01-07,15,2,372
2025-01-07,15,3,411
2025-01-07,15,4,163
2025-01-07,15,5,149
2025-01-07,16,1,263
2025-01-07,16,2,251
2025-01-07,16,3,249
2025-01-07,16,4,95
2025-01-07,16,5,92
2025-01-07,17,1,333
2025-01-07,17,2,289
2025-01-07,17,3,348
2025-01-07,17,4,129
2025-01-07,17,5,114
2025-01-07,18,1,672
2025-01-07,18,2,661
2025-01-07,18,3,692
2025-01-07,18,4,317
2025-01-07,18,5,264
2025-01-07,19,1,346
2025-01-07,19,2,314
2025-01-07,19,3,364
2025-01-07,19,4,140
2025-01-07,19,5,129
2025-01-07,20,1,333
2025-01-07,20,2,318
2025-01-07,20,3,371
2025-01-07,20,4,176
2025-01-07,20,5,126
2025-01-07,21,1,182
2025-01-07,21,2,180
2025-01-07,21,3,233
2025-01-07,21,4,75
2025-01-07,21,5,63
2025-01-07,22,1,394
2025-01-07,22,2,353
2025-01-07,22,3,347
2025-01-07,22,4,156
2025-01-07,22,5,118
2025-01-07,23,1,97
2025-01-07,23,2,89
2025-01-07,23,3,98
2025-01-07,23,4,30
2025-01-07,23,5,29
2025-01-07,24,1,82
2025-01-07,24,2,79
2025-01-07,24,3,111
2025-01-07,24,4,45
2025-01-07,24,5,37
2025-01-07,25,1,255
2025-01-07,25,2,254
2025-01-07,25,3,264
2025-01-07,25,4,108
2025-01-07,25,5,103
2025-01-08,1,1,583
2025-01-08,1,2,532
2025-01-08,1,3,586
2025-01-08,1,4,267
2025-01-08,1,5,208
2025-01-08,2,1,325
2025-01-08,2,2,321
2025-01-08,2,3,381
2025-01-08,2,4,163
2025-01-08,2,5,134
2025-01-08,3,1,154
2025-01-08,3,2,165
2025-01-08,3,3,203
2025-01-08,3,4,70
2025-01-08,3,5,73
2025-01-08,4,1,433
2025-01-08,4,2,462
2025-01-08,4,3,524
2025-01-08,4,4,204
2025-01-08,4,5,169
2025-01-08,5,1,366
2025-01-08,5,2,368
2025-01-08,5,3,439
2025-01-08,5,4,167
2025-01-08,5,5,134
2025-01-08,6,1,228
2025-01-08,6,2,262
2025-01-08,6,3,264
2025-01-08,6,4,115
2025-01-08,6,5,85
2025-01-08,7,1,277
2025-01-08,7,2,278
2025-01-08,7,3,291
2025-01-08,7,4,123
2025-01-08,7,5,123
2025-01-08,8,1,121
2025-01-08,8,2,127
2025-01-08,8,3,138
2025-01-08,8,4,68
2025-01-08,8,5,48
2025-01-08,9,1,366
2025-01-08,9,2,341
2025-01-08,9,3,376
2025-01-08,9,4,161
2025-01-08,9,5,158
2025-01-08,10,1,167
2025-01-08,10,2,178
2025-01-08,10,3,187
2025-01-08,10,4,80
2025-01-08,10,5,76
2025-01-08,11,1,227
2025-01-08,11,2,234
2025-01-08,11,3,269
2025-01-08,11,4,110
2025-01-08,11,5,81
2025-01-08,12,1,267
2025-01-08,12,2,266
2025-01-08,12,3,303
2025-01-08,12,4,131
2025-01-08,12,5,122
2025-01-08,13,1,301
2025-01-08,13,2,306
2025-01-08,13,3,339
2025-01-08,13,4,139
2025-01-08,13,5,112
2025-01-08,14,1,210
2025-01-08,14,2,220
2025-01-08,14,3,239
2025-01-08,14,4,96
2025-01-08,14,5,70
2025-01-08,15,1,354
2025-01-08,15,2,362
2025-01-08,15,3,418
2025-01-08,15,4,160
2025-01-08,15,5,140
2025-01-08,16,1,239
2025-01-08,16,2,242
2025-01-08,16,3,250
2025-01-08,16,4,81
2025-01-08,16,5,93
2025-01-08,17,1,288
2025-01-08,17,2,305
2025-01-08,17,3,317
2025-01-08,17,4,124
2025-01-08,17,5,104
2025-01-08,18,1,626
2025-01-08,18,2,639
2025-01-08,18,3,654
2025-01-08,18,4,296
2025-01-08,18,5,219
2025-01-08,19,1,337
2025-01-08,19,2,307
2025-01-08,19,3,350
2025-01-08,19,4,154
2025-01-08,19,5,106
2025-01-08,20,1,301
2025-01-08,20,2,329
2025-01-08,20,3,307
2025-01-08,20,4,156
2025-01-08,20,5,129
2025-01-08,21,1,169
2025-01-08,21,2,174
2025-01-08,21,3,167
2025-01-08,21,4,73
2025-01-08,21,5,74
2025-01-08,22,1,323
2025-01-08,22,2,333
2025-01-08,22,3,336
2025-01-08,22,4,138
2025-01-08,22,5,93
2025-01-08,23,1,71
2025-01-08,23,2,82
2025-01-08,23,3,91
2025-01-08,23,4,33
2025-01-08,23,5,33
2025-01-08,24,1,85
2025-01-08,24,2,61
2025-01-08,24,3,78
2025-01-08,24,4,29
2025-01-08,24,5,28
2025-01-08,25,1,227
2025-01-08,25,2,250
2025-01-08,25,3,259
2025-01-08,25,4,119
2025-01-08,25,5,101
2025-01-09,1,1,534
2025-01-09,1,2,434
2025-01-09,1,3,577
2025-01-09,1,4,251
2025-01-09,1,5,188
2025-01-09,2,1,334
2025-01-09,2,2,273
2025-01-09,2,3,337
2025-01-09,2,4,168
2025-01-09,2,5,110
2025-01-09,3,1,163
2025-01-09,3,2,147
2025-01-09,3,3,192
2025-01-09,3,4,64
2025-01-09,3,5,70
2025-01-09,4,1,455
2025-01-09,4,2,379
2025-01-09,4,3,528
2025-01-09,4,4,225
2025-01-09,4,5,175
2025-01-09,5,1,359
2025-01-09,5,2,334
2025-01-09,5,3,455
2025-01-09,5,4,193
2025-01-09,5,5,133
2025-01-09,6,1,247
2025-01-09,6,2,215
2025-01-09,6,3,274
2025-01-09,6,4,103
2025-01-09,6,5,85
2025-01-09,7,1,250
2025-01-09,7,2,243
2025-01-09,7,3,287
2025-01-09,7,4,118
2025-01-09,7,5,112
2025-01-09,8,1,164
2025-01-09,8,2,116
2025-01-09,8,3,134
2025-01-09,8,4,59
2025-01-09,8,5,46
2025-01-09,9,1,365
2025-01-09,9,2,273
2025-01-09,9,3,383
2025-01-09,9,4,162
2025-01-09,9,5,147
2025-01-09,10,1,150
2025-01-09,10,2,135
2025-01-09,10,3,193
2025-01-09,10,4,75
2025-01-09,10,5,66
2025-01-09,11,1,212
2025-01-09,11,2,168
2025-01-09,11,3,256
2025-01-09,11,4,91
2025-01-09,11,5,94
2025-01-09,12,1,263
2025-01-09,12,2,225
2025-01-09,12,3,283
2025-01-09,12,4,146
2025-01-09,12,5,104
2025-01-09,13,1,308
2025-01-09,13,2,297
2025-01-09,13,3,358
2025-01-09,13,4,151
2025-01-09,13,5,108
2025-01-09,14,1,192
2025-01-09,14,2,171
2025-01-09,14,3,256
2025-01-09,14,4,91
2025-01-09,14,5,73
2025-01-09,15,1,327
2025-01-09,15,2,283
2025-01-09,15,3,371
2025-01-09,15,4,148
2025-01-09,15,5,114
2025-01-09,16,1,188
2025-01-09,16,2,212
2025-01-09,16,3,245
2025-01-09,16,4,106
2025-01-09,16,5,79
2025-01-09,17,1,281
2025-01-09,17,2,228
2025-01-09,17,3,322
2025-01-09,17,4,122
2025-01-09,17,5,113
2025-01-09,18,1,609
2025-01-09,18,2,559
2025-01-09,18,3,675
2025-01-09,18,4,271
2025-01-09,18,5,200
2025-01-09,19,1,305
2025-01-09,19,2,276
2025-01-09,19,3,314
2025-01-09,19,4,134
2025-01-09,19,5,112
2025-01-09,20,1,300
2025-01-09,20,2,272
2025-01-09,20,3,331
2025-01-09,20,4,151
2025-01-09,20,5,96
2025-01-09,21,1,189
2025-01-09,21,2,140
2025-01-09,21,3,179
2025-01-09,21,4,76
2025-01-09,21,5,51
2025-01-09,22,1,326
2025-01-09,22,2,267
2025-01-09,22,3,328
2025-01-09,22,4,144
2025-01-09,22,5,128
2025-01-09,23,1,73
2025-01-09,23,2,77
2025-01-09,23,3,91
2025-01-09,23,4,43
2025-01-09,23,5,31
2025-01-09,24,1,64
2025-01-09,24,2,59
2025-01-09,24,3,90
2025-01-09,24,4,37
2025-01-09,24,5,28
2025-01-09,25,1,229
2025-01-09,25,2,183
2025-01-09,25,3,229
2025-01-09,25,4,102
2025-01-09,25,5,86
2025-01-10,1,1,571
2025-01-10,1,2,508
2025-01-10,1,3,657
2025-01-10,1,4,257
2025-01-10,1,5,213
2025-01-10,2,1,332
2025-01-10,2,2,325
2025-01-10,2,3,416
2025-01-10,2,4,177
2025-01-10,2,5,117
2025-01-10,3,1,147
2025-01-10,3,2,171
2025-01-10,3,3,193
2025-01-10,3,4,86
2025-01-10,3,5,68
2025-01-10,4,1,504
2025-01-10,4,2,429
2025-01-10,4,3,563
2025-01-10,4,4,207
2025-01-10,4,5,198
2025-01-10,5,1,382
2025-01-10,5,2,309
2025-01-10,5,3,463
2025-01-10,5,4,183
2025-01-10,5,5,191
2025-01-10,6,1,240
2025-01-10,6,2,200
2025-01-10,6,3,276
2025-01-10,6,4,108
2025-01-10,6,5,93
2025-01-10,7,1,281
2025-01-10,7,2,257
2025-01-10,7,3,334
2025-01-10,7,4,114
2025-01-10,7,5,95
2025-01-10,8,1,135
2025-01-10,8,2,104
2025-01-10,8,3,155
2025-01-10,8,4,49
2025-01-10,8,5,46
2025-01-10,9,1,347
2025-01-10,9,2,318
2025-01-10,9,3,368
2025-01-10,9,4,163
2025-01-10,9,5,134
2025-01-10,10,1,158
2025-01-10,10,2,169
2025-01-10,10,3,173
2025-01-10,10,4,72
2025-01-10,10,5,49
2025-01-10,11,1,222
2025-01-10,11,2,212
2025-01-10,11,3,294
2025-01-10,11,4,133
2025-01-10,11,5,82
2025-01-10,12,1,281
2025-01-10,12,2,258
2025-01-10,12,3,316
2025-01-10,12,4,118
2025-01-10,12,5,107
2025-01-10,13,1,345
2025-01-10,13,2,294
2025-01-10,13,3,381
2025-01-10,13,4,157
2025-01-10,13,5,125
2025-01-10,14,1,224
2025-01-10,14,2,200
2025-01-10,14,3,246
2025-01-10,14,4,127
2025-01-10,14,5,82
2025-01-10,15,1,397
2025-01-10,15,2,340
2025-01-10,15,3,417
2025-01-10,15,4,146
2025-01-10,15,5,124
2025-01-10,16,1,243
2025-01-10,16,2,176
2025-01-10,16,3,280
2025-01-10,16,4,128
2025-01-10,16,5,92
2025-01-10,17,1,283
2025-01-10,17,2,256
2025-01-10,17,3,296
2025-01-10,17,4,144
2025-01-10,17,5,105
2025-01-10,18,1,588
2025-01-10,18,2,501
2025-01-10,18,3,729
2025-01-10,18,4,246
2025-01-10,18,5,234
2025-01-10,19,1,307
2025-01-10,19,2,292
2025-01-10,19,3,328
2025-01-10,19,4,138
2025-01-10,19,5,113
2025-01-10,20,1,328
2025-01-10,20,2,285
2025-01-10,20,3,370
2025-01-10,20,4,136
2025-01-10,20,5,127
2025-01-10,21,1,168
2025-01-10,21,2,140
2025-01-10,21,3,200
2025-01-10,21,4,65
2025-01-10,21,5,69
2025-01-10,22,1,322
2025-01-10,22,2,261
2025-01-10,22,3,361
2025-01-10,22,4,153
2025-01-10,22,5,109
2025-01-10,23,1,85
2025-01-10,23,2,63
2025-01-10,23,3,103
2025-01-10,23,4,40
2025-01-10,23,5,36
2025-01-10,24,1,88
2025-01-10,24,2,63
2025-01-10,24,3,106
2025-01-10,24,4,35
2025-01-10,24,5,37
2025-01-10,25,1,259
2025-01-10,25,2,221
2025-01-10,25,3,301
2025-01-10,25,4,117
2025-01-10,25,5,85
2025-01-11,1,1,505
2025-01-11,1,2,436
2025-01-11,1,3,526
2025-01-11,1,4,220
2025-01-11,1,5,185
2025-01-11,2,1,265
2025-01-11,2,2,249
2025-01-11,2,3,338
2025-01-11,2,4,128
2025-01-11,2,5,123
2025-01-11,3,1,131
2025-01-11,3,2,111
2025-01-11,3,3,147
2025-01-11,3,4,55
2025-01-11,3,5,55
2025-01-11,4,1,403
2025-01-11,4,2,331
2025-01-11,4,3,438
2025-01-11,4,4,182
2025-01-11,4,5,151
2025-01-11,5,1,307
2025-01-11,5,2,269
2025-01-11,5,3,388
2025-01-11,5,4,157
2025-01-11,5,5,138
2025-01-11,6,1,212
2025-01-11,6,2,190
2025-01-11,6,3,230
2025-01-11,6,4,85
2025-01-11,6,5,97
2025-01-11,7,1,245
2025-01-11,7,2,212
2025-01-11,7,3,267
2025-01-11,7,4,83
2025-01-11,7,5,78
2025-01-11,8,1,113
2025-01-11,8,2,89
2025-01-11,8,3,140
2025-01-11,8,4,46
2025-01-11,8,5,41
2025-01-11,9,1,284
2025-01-11,9,2,267
2025-01-11,9,3,341
2025-01-11,9,4,126
2025-01-11,9,5,127
2025-01-11,10,1,157
2025-01-11,10,2,134
2025-01-11,10,3,142
2025-01-11,10,4,61
2025-01-11,10,5,50
2025-01-11,11,1,200
2025-01-11,11,2,152
2025-01-11,11,3,190
2025-01-11,11,4,84
2025-01-11,11,5,66
2025-01-11,12,1,247
2025-01-11,12,2,220
2025-01-11,12,3,264
2025-01-11,12,4,126
2025-01-11,12,5,89
2025-01-11,13,1,276
2025-01-11,13,2,225
2025-01-11,13,3,316
2025-01-11,13,4,113
2025-01-11,13,5,103
2025-01-11,14,1,171
2025-01-11,14,2,140
2025-01-11,14,3,174
2025-01-11,14,4,98
2025-01-11,14,5,83
2025-01-11,15,1,307
2025-01-11,15,2,262
2025-01-11,15,3,327
2025-01-11,15,4,143
2025-01-11,15,5,88
2025-01-11,16,1,190
2025-01-11,16,2,169
2025-01-11,16,3,242
2025-01-11,16,4,77
2025-01-11,16,5,70
2025-01-11,17,1,259
2025-01-11,17,2,229
2025-01-11,17,3,263
2025-01-11,17,4,125
2025-01-11,17,5,101
2025-01-11,18,1,509
2025-01-11,18,2,520
2025-01-11,18,3,630
2025-01-11,18,4,219
2025-01-11,18,5,184
2025-01-11,19,1,259
2025-01-11,19,2,239
2025-01-11,19,3,305
2025-01-11,19,4,122
2025-01-11,19,5,99
2025-01-11,20,1,279
2025-01-11,20,2,237
2025-01-11,20,3,295
2025-01-11,20,4,135
2025-01-11,20,5,85
2025-01-11,21,1,123
2025-01-11,21,2,117
2025-01-11,21,3,172
2025-01-11,21,4,66
2025-01-11,21,5,50
2025-01-11,22,1,239
2025-01-11,22,2,233
2025-01-11,22,3,270
2025-01-11,22,4,142
2025-01-11,22,5,110
2025-01-11,23,1,80
2025-01-11,23,2,76
2025-01-11,23,3,108
2025-01-11,23,4,28
2025-01-11,23,5,18
2025-01-11,24,1,79
2025-01-11,24,2,55
2025-01-11,24,3,73
2025-01-11,24,4,23
2025-01-11,24,5,22
2025-01-11,25,1,204
2025-01-11,25,2,204
2025-01-11,25,3,219
2025-01-11,25,4,102
2025-01-11,25,5,71
2025-01-12,1,1,454
2025-01-12,1,2,346
2025-01-12,1,3,497
2025-01-12,1,4,191
2025-01-12,1,5,155
2025-01-12,2,1,268
2025-01-12,2,2,243
2025-01-12,2,3,291
2025-01-12,2,4,152
2025-01-12,2,5,98
2025-01-12,3,1,145
2025-01-12,3,2,118
2025-01-12,3,3,134
2025-01-12,3,4,55
2025-01-12,3,5,48
2025-01-12,4,1,349
2025-01-12,4,2,288
2025-01-12,4,3,419
2025-01-12,4,4,158
2025-01-12,4,5,130
2025-01-12,5,1,281
2025-01-12,5,2,270
2025-01-12,5,3,322
2025-01-12,5,4,141
2025-01-12,5,5,98
2025-01-12,6,1,184
2025-01-12,6,2,155
2025-01-12,6,3,209
2025-01-12,6,4,84
2025-01-12,6,5,68
2025-01-12,7,1,210
2025-01-12,7,2,174
2025-01-12,7,3,221
2025-01-12,7,4,103
2025-01-12,7,5,85
2025-01-12,8,1,97
2025-01-12,8,2,92
2025-01-12,8,3,127
2025-01-12,8,4,47
2025-01-12,8,5,40
2025-01-12,9,1,267
2025-01-12,9,2,267
2025-01-12,9,3,301
2025-01-12,9,4,120
2025-01-12,9,5,100
2025-01-12,10,1,127
2025-01-12,10,2,124
2025-01-12,10,3,137
2025-01-12,10,4,68
2025-01-12,10,5,51
2025-01-12,11,1,176
2025-01-12,11,2,179
2025-01-12,11,3,195
2025-01-12,11,4,87
2025-01-12,11,5,64
2025-01-12,12,1,211
2025-01-12,12,2,189
2025-01-12,12,3,239
2025-01-12,12,4,82
2025-01-12,12,5,85
2025-01-12,13,1,240
2025-01-12,13,2,228
2025-01-12,13,3,290
2025-01-12,13,4,100
2025-01-12,13,5,81
2025-01-12,14,1,150
2025-01-12,14,2,152
2025-01-12,14,3,193
2025-01-12,14,4,67
2025-01-12,14,5,62
2025-01-12,15,1,271
2025-01-12,15,2,253
2025-01-12,15,3,290
2025-01-12,15,4,126
2025-01-12,15,5,103
2025-01-12,16,1,154
2025-01-12,16,2,162
2025-01-12,16,3,172
2025-01-12,16,4,87
2025-01-12,16,5,69
2025-01-12,17,1,247
2025-01-12,17,2,189
2025-01-12,17,3,239
2025-01-12,17,4,101
2025-01-12,17,5,83
2025-01-12,18,1,448
2025-01-12,18,2,431
2025-01-12,18,3,528
2025-01-12,18,4,222
2025-01-12,18,5,169
2025-01-12,19,1,228
2025-01-12,19,2,221
2025-01-12,19,3,277
2025-01-12,19,4,118
2025-01-12,19,5,98
2025-01-12,20,1,244
2025-01-12,20,2,196
2025-01-12,20,3,272
2025-01-12,20,4,103
2025-01-12,20,5,80
2025-01-12,21,1,134
2025-01-12,21,2,126
2025-01-12,21,3,138
2025-01-12,21,4,51
2025-01-12,21,5,51
2025-01-12,22,1,226
2025-01-12,22,2,218
2025-01-12,22,3,284
2025-01-12,22,4,107
2025-01-12,22,5,90
2025-01-12,23,1,70
2025-01-12,23,2,65
2025-01-12,23,3,84
2025-01-12,23,4,24
2025-01-12,23,5,24
2025-01-12,24,1,65
2025-01-12,24,2,35
2025-01-12,24,3,55
2025-01-12,24,4,20
2025-01-12,24,5,24
2025-01-12,25,1,176
2025-01-12,25,2,171
2025-01-12,25,3,176
2025-01-12,25,4,78
2025-01-12,25,5,66
2025-01-13,1,1,605
2025-01-13,1,2,651
2025-01-13,1,3,726
2025-01-13,1,4,302
2025-01-13,1,5,224
2025-01-13,2,1,448
2025-01-13,2,2,392
2025-01-13,2,3,423
2025-01-13,2,4,210
2025-01-13,2,5,171
2025-01-13,3,1,194
2025-01-13,3,2,187
2025-01-13,3,3,214
2025-01-13,3,4,85
2025-01-13,3,5,64
2025-01-13,4,1,540
2025-01-13,4,2,530
2025-01-13,4,3,599
2025-01-13,4,4,250
2025-01-13,4,5,198
2025-01-13,5,1,451
2025-01-13,5,2,419
2025-01-13,5,3,476
2025-01-13,5,4,215
2025-01-13,5,5,169
2025-01-13,6,1,282
2025-01-13,6,2,300
2025-01-13,6,3,321
2025-01-13,6,4,122
2025-01-13,6,5,89
2025-01-13,7,1,331
2025-01-13,7,2,297
2025-01-13,7,3,358
2025-01-13,7,4,163
2025-01-13,7,5,121
2025-01-13,8,1,132
2025-01-13,8,2,134
2025-01-13,8,3,157
2025-01-13,8,4,78
2025-01-13,8,5,70
2025-01-13,9,1,407
2025-01-13,9,2,378
2025-01-13,9,3,467
2025-01-13,9,4,182
2025-01-13,9,5,169
2025-01-13,10,1,212
2025-01-13,10,2,216
2025-01-13,10,3,241
2025-01-13,10,4,69
2025-01-13,10,5,72
2025-01-13,11,1,289
2025-01-13,11,2,286
2025-01-13,11,3,315
2025-01-13,11,4,126
2025-01-13,11,5,101
2025-01-13,12,1,327
2025-01-13,12,2,336
2025-01-13,12,3,337
2025-01-13,12,4,127
2025-01-13,12,5,112
2025-01-13,13,1,384
2025-01-13,13,2,398
2025-01-13,13,3,422
2025-01-13,13,4,198
2025-01-13,13,5,137
2025-01-13,14,1,258
2025-01-13,14,2,245
2025-01-13,14,3,298
2025-01-13,14,4,112
2025-01-13,14,5,93
2025-01-13,15,1,399
2025-01-13,15,2,381
2025-01-13,15,3,477
2025-01-13,15,4,192
2025-01-13,15,5,162
2025-01-13,16,1,249
2025-01-13,16,2,261
2025-01-13,16,3,279
2025-01-13,16,4,106
2025-01-13,16,5,95
2025-01-13,17,1,334
2025-01-13,17,2,306
2025-01-13,17,3,349
2025-01-13,17,4,152
2025-01-13,17,5,116
2025-01-13,18,1,708
2025-01-13,18,2,707
2025-01-13,18,3,838
2025-01-13,18,4,346
2025-01-13,18,5,251
2025-01-13,19,1,341
2025-01-13,19,2,350
2025-01-13,19,3,413
2025-01-13,19,4,127
2025-01-13,19,5,137
2025-01-13,20,1,341
2025-01-13,20,2,392
2025-01-13,20,3,397
2025-01-13,20,4,161
2025-01-13,20,5,148
2025-01-13,21,1,195
2025-01-13,21,2,180
2025-01-13,21,3,244
2025-01-13,21,4,106
2025-01-13,21,5,55
2025-01-13,22,1,379
2025-01-13,22,2,372
2025-01-13,22,3,409
2025-01-13,22,4,146
2025-01-13,22,5,156
2025-01-13,23,1,99
2025-01-13,23,2,94
2025-01-13,23,3,109
2025-01-13,23,4,48
2025-01-13,23,5,44
2025-01-13,24,1,111
2025-01-13,24,2,88
2025-01-13,24,3,93
2025-01-13,24,4,36
2025-01-13,24,5,36
2025-01-13,25,1,292
2025-01-13,25,2,269
2025-01-13,25,3,288
2025-01-13,25,4,125
2025-01-13,25,5,117
2025-01-14,1,1,614
2025-01-14,1,2,549
2025-01-14,1,3,703
2025-01-14,1,4,277
2025-01-14,1,5,216
2025-01-14,2,1,386
2025-01-14,2,2,367
2025-01-14,2,3,439
2025-01-14,2,4,163
2025-01-14,2,5,154
2025-01-14,3,1,195
2025-01-14,3,2,189
2025-01-14,3,3,207
2025-01-14,3,4,67
2025-01-14,3,5,72
2025-01-14,4,1,520
2025-01-14,4,2,478
2025-01-14,4,3,629
2025-01-14,4,4,255
2025-01-14,4,5,180
2025-01-14,5,1,443
2025-01-14,5,2,437
2025-01-14,5,3,455
2025-01-14,5,4,224
2025-01-14,5,5,143
2025-01-14,6,1,249
2025-01-14,6,2,283
2025-01-14,6,3,327
2025-01-14,6,4,112
2025-01-14,6,5,110
2025-01-14,7,1,293
2025-01-14,7,2,280
2025-01-14,7,3,357
2025-01-14,7,4,143
2025-01-14,7,5,117
2025-01-14,8,1,149
2025-01-14,8,2,132
2025-01-14,8,3,166
2025-01-14,8,4,71
2025-01-14,8,5,64
2025-01-14,9,1,384
2025-01-14,9,2,375
2025-01-14,9,3,447
2025-01-14,9,4,180
2025-01-14,9,5,150
2025-01-14,10,1,182
2025-01-14,10,2,188
2025-01-14,10,3,191
2025-01-14,10,4,84
2025-01-14,10,5,76
2025-01-14,11,1,242
2025-01-14,11,2,239
2025-01-14,11,3,302
2025-01-14,11,4,113
2025-01-14,11,5,101
2025-01-14,12,1,306
2025-01-14,12,2,273
2025-01-14,12,3,353
2025-01-14,12,4,143
2025-01-14,12,5,117
2025-01-14,13,1,346
2025-01-14,13,2,354
2025-01-14,13,3,375
2025-01-14,13,4,159
2025-01-14,13,5,121
2025-01-14,14,1,242
2025-01-14,14,2,231
2025-01-14,14,3,256
2025-01-14,14,4,99
2025-01-14,14,5,97
2025-01-14,15,1,402
2025-01-14,15,2,359
2025-01-14,15,3,441
2025-01-14,15,4,196
2025-01-14,15,5,132
2025-01-14,16,1,251
2025-01-14,16,2,248
2025-01-14,16,3,261
2025-01-14,16,4,118
2025-01-14,16,5,102
2025-01-14,17,1,304
2025-01-14,17,2,291
2025-01-14,17,3,363
2025-01-14,17,4,139
2025-01-14,17,5,116
2025-01-14,18,1,668
2025-01-14,18,2,680
2025-01-14,18,3,748
2025-01-14,18,4,295
2025-01-14,18,5,230
2025-01-14,19,1,347
2025-01-14,19,2,317
2025-01-14,19,3,385
2025-01-14,19,4,172
2025-01-14,19,5,135
2025-01-14,20,1,330
2025-01-14,20,2,310
2025-01-14,20,3,379
2025-01-14,20,4,162
2025-01-14,20,5,149
2025-01-14,21,1,168
2025-01-14,21,2,179
2025-01-14,21,3,199
2025-01-14,21,4,78
2025-01-14,21,5,61
2025-01-14,22,1,366
2025-01-14,22,2,355
2025-01-14,22,3,380
2025-01-14,22,4,133
2025-01-14,22,5,121
2025-01-14,23,1,101
2025-01-14,23,2,87
2025-01-14,23,3,97
2025-01-14,23,4,49
2025-01-14,23,5,37
2025-01-14,24,1,101
2025-01-14,24,2,77
2025-01-14,24,3,88
2025-01-14,24,4,38
2025-01-14,24,5,25
2025-01-14,25,1,307
2025-01-14,25,2,264
2025-01-14,25,3,303
2025-01-14,25,4,113
2025-01-14,25,5,99
2025-01-15,1,1,552
2025-01-15,1,2,555
2025-01-15,1,3,614
2025-01-15,1,4,265
2025-01-15,1,5,206
2025-01-15,2,1,354
2025-01-15,2,2,351
2025-01-15,2,3,401
2025-01-15,2,4,159
2025-01-15,2,5,143
2025-01-15,3,1,138
2025-01-15,3,2,160
2025-01-15,3,3,213
2025-01-15,3,4,88
2025-01-15,3,5,76
2025-01-15,4,1,488
2025-01-15,4,2,482
2025-01-15,4,3,512
2025-01-15,4,4,228
2025-01-15,4,5,162
2025-01-15,5,1,371
2025-01-15,5,2,361
2025-01-15,5,3,455
2025-01-15,5,4,182
2025-01-15,5,5,176
2025-01-15,6,1,254
2025-01-15,6,2,226
2025-01-15,6,3,262
2025-01-15,6,4,117
2025-01-15,6,5,90
2025-01-15,7,1,333
2025-01-15,7,2,285
2025-01-15,7,3,282
2025-01-15,7,4,132
2025-01-15,7,5,98
2025-01-15,8,1,132
2025-01-15,8,2,139
2025-01-15,8,3,157
2025-01-15,8,4,59
2025-01-15,8,5,64
2025-01-15,9,1,352
2025-01-15,9,2,334
2025-01-15,9,3,343
2025-01-15,9,4,155
2025-01-15,9,5,110
2025-01-15,10,1,174
2025-01-15,10,2,176
2025-01-15,10,3,180
2025-01-15,10,4,84
2025-01-15,10,5,68
2025-01-15,11,1,255
2025-01-15,11,2,217
2025-01-15,11,3,248
2025-01-15,11,4,118
2025-01-15,11,5,84
2025-01-15,12,1,279
2025-01-15,12,2,283
2025-01-15,12,3,323
2025-01-15,12,4,124
2025-01-15,12,5,86
2025-01-15,13,1,285
2025-01-15,13,2,298
2025-01-15,13,3,390
2025-01-15,13,4,158
2025-01-15,13,5,116
2025-01-15,14,1,186
2025-01-15,14,2,196
2025-01-15,14,3,225
2025-01-15,14,4,95
2025-01-15,14,5,83
2025-01-15,15,1,378
2025-01-15,15,2,345
2025-01-15,15,3,441
2025-01-15,15,4,162
2025-01-15,15,5,142
2025-01-15,16,1,212
2025-01-15,16,2,208
2025-01-15,16,3,243
2025-01-15,16,4,99
2025-01-15,16,5,88
2025-01-15,17,1,255
2025-01-15,17,2,290
2025-01-15,17,3,316
2025-01-15,17,4,150
2025-01-15,17,5,108
2025-01-15,18,1,602
2025-01-15,18,2,600
2025-01-15,18,3,682
2025-01-15,18,4,287
2025-01-15,18,5,237
2025-01-15,19,1,271
2025-01-15,19,2,297
2025-01-15,19,3,349
2025-01-15,19,4,137
2025-01-15,19,5,138
2025-01-15,20,1,346
2025-01-15,20,2,303
2025-01-15,20,3,355
2025-01-15,20,4,154
2025-01-15,20,5,105
2025-01-15,21,1,174
2025-01-15,21,2,177
2025-01-15,21,3,211
2025-01-15,21,4,78
2025-01-15,21,5,50
2025-01-15,22,1,287
2025-01-15,22,2,304
2025-01-15,22,3,343
2025-01-15,22,4,128
2025-01-15,22,5,106
2025-01-15,23,1,87
2025-01-15,23,2,72
2025-01-15,23,3,107
2025-01-15,23,4,45
2025-01-15,23,5,26
2025-01-15,24,1,81
2025-01-15,24,2,87
2025-01-15,24,3,98
2025-01-15,24,4,34
2025-01-15,24,5,25
2025-01-15,25,1,248
2025-01-15,25,2,233
2025-01-15,25,3,258
2025-01-15,25,4,110
2025-01-15,25,5,76
2025-01-16,1,1,514
2025-01-16,1,2,492
2025-01-16,1,3,571
2025-01-16,1,4,256
2025-01-16,1,5,208
2025-01-16,2,1,335
2025-01-16,2,2,302
2025-01-16,2,3,404
2025-01-16,2,4,175
2025-01-16,2,5,136
2025-01-16,3,1,166
2025-01-16,3,2,145
2025-01-16,3,3,180
2025-01-16,3,4,79
2025-01-16,3,5,63
2025-01-16,4,1,435
2025-01-16,4,2,382
2025-01-16,4,3,534
2025-01-16,4,4,237
2025-01-16,4,5,174
2025-01-16,5,1,388
2025-01-16,5,2,345
2025-01-16,5,3,402
2025-01-16,5,4,171
2025-01-16,5,5,145
2025-01-16,6,1,250
2025-01-16,6,2,208
2025-01-16,6,3,257
2025-01-16,6,4,109
2025-01-16,6,5,103
2025-01-16,7,1,270
2025-01-16,7,2,252
2025-01-16,7,3,314
2025-01-16,7,4,141
2025-01-16,7,5,97
2025-01-16,8,1,135
2025-01-16,8,2,133
2025-01-16,8,3,152
2025-01-16,8,4,66
2025-01-16,8,5,56
2025-01-16,9,1,332
2025-01-16,9,2,309
2025-01-16,9,3,401
2025-01-16,9,4,163
2025-01-16,9,5,124
2025-01-16,10,1,171
2025-01-16,10,2,142
2025-01-16,10,3,197
2025-01-16,10,4,79
2025-01-16,10,5,59
2025-01-16,11,1,224
2025-01-16,11,2,207
2025-01-16,11,3,266
2025-01-16,11,4,91
2025-01-16,11,5,69
2025-01-16,12,1,265
2025-01-16,12,2,236
2025-01-16,12,3,285
2025-01-16,12,4,108
2025-01-16,12,5,89
2025-01-16,13,1,296
2025-01-16,13,2,291
2025-01-16,13,3,352
2025-01-16,13,4,162
2025-01-16,13,5,131
2025-01-16,14,1,210
2025-01-16,14,2,186
2025-01-16,14,3,220
2025-01-16,14,4,110
2025-01-16,14,5,84
2025-01-16,15,1,330
2025-01-16,15,2,308
2025-01-16,15,3,420
2025-01-16,15,4,141
2025-01-16,15,5,126
2025-01-16,16,1,193
2025-01-16,16,2,179
2025-01-16,16,3,232
2025-01-16,16,4,91
2025-01-16,16,5,84
2025-01-16,17,1,266
2025-01-16,17,2,258
2025-01-16,17,3,306
2025-01-16,17,4,125
2025-01-16,17,5,105
2025-01-16,18,1,616
2025-01-16,18,2,541
2025-01-16,18,3,724
2025-01-16,18,4,267
2025-01-16,18,5,262
2025-01-16,19,1,288
2025-01-16,19,2,276
2025-01-16,19,3,350
2025-01-16,19,4,153
2025-01-16,19,5,117
2025-01-16,20,1,320
2025-01-16,20,2,310
2025-01-16,20,3,347
2025-01-16,20,4,144
2025-01-16,20,5,104
2025-01-16,21,1,152
2025-01-16,21,2,142
2025-01-16,21,3,193
2025-01-16,21,4,61
2025-01-16,21,5,68
2025-01-16,22,1,306
2025-01-16,22,2,287
2025-01-16,22,3,341
2025-01-16,22,4,125
2025-01-16,22,5,117
2025-01-16,23,1,71
2025-01-16,23,2,85
2025-01-16,23,3,92
2025-01-16,23,4,31
2025-01-16,23,5,37
2025-01-16,24,1,91
2025-01-16,24,2,65
2025-01-16,24,3,93
2025-01-16,24,4,44
2025-01-16,24,5,32
2025-01-16,25,1,230
2025-01-16,25,2,222
2025-01-16,25,3,273
2025-01-16,25,4,123
2025-01-16,25,5,97
2025-01-17,1,1,554
2025-01-17,1,2,463
2025-01-17,1,3,638
2025-01-17,1,4,259
2025-01-17,1,5,222
2025-01-17,2,1,331
2025-01-17,2,2,321
2025-01-17,2,3,393
2025-01-17,2,4,196
2025-01-17,2,5,121
2025-01-17,3,1,180
2025-01-17,3,2,160
2025-01-17,3,3,203
2025-01-17,3,4,73
2025-01-17,3,5,64
2025-01-17,4,1,488
2025-01-17,4,2,416
2025-01-17,4,3,533
2025-01-17,4,4,196
2025-01-17,4,5,196
2025-01-17,5,1,370
2025-01-17,5,2,350
2025-01-17,5,3,435
2025-01-17,5,4,160
2025-01-17,5,5,144
2025-01-17,6,1,262
2025-01-17,6,2,208
2025-01-17,6,3,254
2025-01-17,6,4,120
2025-01-17,6,5,80
2025-01-17,7,1,291
2025-01-17,7,2,278
2025-01-17,7,3,318
2025-01-17,7,4,139
2025-01-17,7,5,107
2025-01-17,8,1,148
2025-01-17,8,2,108
2025-01-17,8,3,156
2025-01-17,8,4,57
2025-01-17,8,5,43
2025-01-17,9,1,352
2025-01-17,9,2,278
2025-01-17,9,3,380
2025-01-17,9,4,156
2025-01-17,9,5,126
2025-01-17,10,1,188
2025-01-17,10,2,131
2025-01-17,10,3,191
2025-01-17,10,4,97
2025-01-17,10,5,63
2025-01-17,11,1,235
2025-01-17,11,2,209
2025-01-17,11,3,244
2025-01-17,11,4,110
2025-01-17,11,5,92
2025-01-17,12,1,288
2025-01-17,12,2,251
2025-01-17,12,3,289
2025-01-17,12,4,129
2025-01-17,12,5,114
2025-01-17,13,1,345
2025-01-17,13,2,290
2025-01-17,13,3,364
2025-01-17,13,4,144
2025-01-17,13,5,133
2025-01-17,14,1,233
2025-01-17,14,2,187
2025-01-17,14,3,226
2025-01-17,14,4,115
2025-01-17,14,5,89
2025-01-17,15,1,313
2025-01-17,15,2,338
2025-01-17,15,3,440
2025-01-17,15,4,177
2025-01-17,15,5,146
2025-01-17,16,1,204
2025-01-17,16,2,198
2025-01-17,16,3,258
2025-01-17,16,4,101
2025-01-17,16,5,86
2025-01-17,17,1,305
2025-01-17,17,2,253
2025-01-17,17,3,349
2025-01-17,17,4,126
2025-01-17,17,5,99
2025-01-17,18,1,615
2025-01-17,18,2,551
2025-01-17,18,3,698
2025-01-17,18,4,277
2025-01-17,18,5,241
2025-01-17,19,1,316
2025-01-17,19,2,263
2025-01-17,19,3,333
2025-01-17,19,4,150
2025-01-17,19,5,126
2025-01-17,20,1,299
2025-01-17,20,2,272
2025-01-17,20,3,360
2025-01-17,20,4,155
2025-01-17,20,5,124
2025-01-17,21,1,195
2025-01-17,21,2,188
2025-01-17,21,3,193
2025-01-17,21,4,82
2025-01-17,21,5,50
2025-01-17,22,1,293
2025-01-17,22,2,272
2025-01-17,22,3,336
2025-01-17,22,4,160
2025-01-17,22,5,117
2025-01-17,23,1,86
2025-01-17,23,2,99
2025-01-17,23,3,110
2025-01-17,23,4,49
2025-01-17,23,5,28
2025-01-17,24,1,85
2025-01-17,24,2,68
2025-01-17,24,3,89
2025-01-17,24,4,39
2025-01-17,24,5,28
2025-01-17,25,1,245
2025-01-17,25,2,196
2025-01-17,25,3,263
2025-01-17,25,4,101
2025-01-17,25,5,108
2025-01-18,1,1,423
2025-01-18,1,2,432
2025-01-18,1,3,475
2025-01-18,1,4,204
2025-01-18,1,5,153
2025-01-18,2,1,298
2025-01-18,2,2,253
2025-01-18,2,3,313
2025-01-18,2,4,135
2025-01-18,2,5,112
2025-01-18,3,1,128
2025-01-18,3,2,140
2025-01-18,3,3,152
2025-01-18,3,4,59
2025-01-18,3,5,38
2025-01-18,4,1,356
2025-01-18,4,2,346
2025-01-18,4,3,414
2025-01-18,4,4,177
2025-01-18,4,5,137
2025-01-18,5,1,319
2025-01-18,5,2,286
2025-01-18,5,3,346
2025-01-18,5,4,162
2025-01-18,5,5,107
2025-01-18,6,1,195
2025-01-18,6,2,156
2025-01-18,6,3,256
2025-01-18,6,4,96
2025-01-18,6,5,73
2025-01-18,7,1,200
2025-01-18,7,2,196
2025-01-18,7,3,253
2025-01-18,7,4,113
2025-01-18,7,5,95
2025-01-18,8,1,106
2025-01-18,8,2,90
2025-01-18,8,3,140
2025-01-18,8,4,66
2025-01-18,8,5,31
2025-01-18,9,1,303
2025-01-18,9,2,244
2025-01-18,9,3,330
2025-01-18,9,4,133
2025-01-18,9,5,116
2025-01-18,10,1,138
2025-01-18,10,2,116
2025-01-18,10,3,164
2025-01-18,10,4,56
2025-01-18,10,5,50
2025-01-18,11,1,192
2025-01-18,11,2,155
2025-01-18,11,3,200
2025-01-18,11,4,100
2025-01-18,11,5,60
2025-01-18,12,1,223
2025-01-18,12,2,188
2025-01-18,12,3,256
2025-01-18,12,4,96
2025-01-18,12,5,82
2025-01-18,13,1,254
2025-01-18,13,2,233
2025-01-18,13,3,314
2025-01-18,13,4,122
2025-01-18,13,5,84
2025-01-18,14,1,164
2025-01-18,14,2,142
2025-01-18,14,3,219
2025-01-18,14,4,77
2025-01-18,14,5,68
2025-01-18,15,1,303
2025-01-18,15,2,225
2025-01-18,15,3,330
2025-01-18,15,4,151
2025-01-18,15,5,123
2025-01-18,16,1,170
2025-01-18,16,2,157
2025-01-18,16,3,195
2025-01-18,16,4,78
2025-01-18,16,5,71
2025-01-18,17,1,229
2025-01-18,17,2,217
2025-01-18,17,3,295
2025-01-18,17,4,107
2025-01-18,17,5,83
2025-01-18,18,1,510
2025-01-18,18,2,403
2025-01-18,18,3,563
2025-01-18,18,4,221
2025-01-18,18,5,203
2025-01-18,19,1,245
2025-01-18,19,2,223
2025-01-18,19,3,276
2025-01-18,19,4,128
2025-01-18,19,5,94
2025-01-18,20,1,287
2025-01-18,20,2,235
2025-01-18,20,3,284
2025-01-18,20,4,105
2025-01-18,20,5,92
2025-01-18,21,1,153
2025-01-18,21,2,119
2025-01-18,21,3,123
2025-01-18,21,4,63
2025-01-18,21,5,47
2025-01-18,22,1,261
2025-01-18,22,2,219
2025-01-18,22,3,270
2025-01-18,22,4,100
2025-01-18,22,5,75
2025-01-18,23,1,63
2025-01-18,23,2,53
2025-01-18,23,3,74
2025-01-18,23,4,28
2025-01-18,23,5,24
2025-01-18,24,1,66
2025-01-18,24,2,46
2025-01-18,24,3,72
2025-01-18,24,4,29
2025-01-18,24,5,33
2025-01-18,25,1,202
2025-01-18,25,2,156
2025-01-18,25,3,177
2025-01-18,25,4,94
2025-01-18,25,5,53
2025-01-19,1,1,421
2025-01-19,1,2,345
2025-01-19,1,3,482
2025-01-19,1,4,191
2025-01-19,1,5,169
2025-01-19,2,1,243
2025-01-19,2,2,224
2025-01-19,2,3,299
2025-01-19,2,4,139
2025-01-19,2,5,127
2025-01-19,3,1,133
2025-01-19,3,2,105
2025-01-19,3,3,138
2025-01-19,3,4,57
2025-01-19,3,5,50
2025-01-19,4,1,361
2025-01-19,4,2,330
2025-01-19,4,3,383
2025-01-19,4,4,156
2025-01-19,4,5,147
2025-01-19,5,1,302
2025-01-19,5,2,258
2025-01-19,5,3,331
2025-01-19,5,4,111
2025-01-19,5,5,116
2025-01-19,6,1,164
2025-01-19,6,2,152
2025-01-19,6,3,217
2025-01-19,6,4,81
2025-01-19,6,5,59
2025-01-19,7,1,215
2025-01-19,7,2,176
2025-01-19,7,3,242
2025-01-19,7,4,102
2025-01-19,7,5,71
2025-01-19,8,1,101
2025-01-19,8,2,99
2025-01-19,8,3,129
2025-01-19,8,4,56
2025-01-19,8,5,36
2025-01-19,9,1,284
2025-01-19,9,2,208
2025-01-19,9,3,286
2025-01-19,9,4,114
2025-01-19,9,5,83
2025-01-19,10,1,139
2025-01-19,10,2,101
2025-01-19,10,3,154
2025-01-19,10,4,71
2025-01-19,10,5,50
2025-01-19,11,1,157
2025-01-19,11,2,149
2025-01-19,11,3,210
2025-01-19,11,4,94
2025-01-19,11,5,71
2025-01-19,12,1,207
2025-01-19,12,2,203
2025-01-19,12,3,270
2025-01-19,12,4,105
2025-01-19,12,5,83
2025-01-19,13,1,248
2025-01-19,13,2,198
2025-01-19,13,3,268
2025-01-19,13,4,130
2025-01-19,13,5,91
2025-01-19,14,1,160
2025-01-19,14,2,119
2025-01-19,14,3,190
2025-01-19,14,4,70
2025-01-19,14,5,70
2025-01-19,15,1,275
2025-01-19,15,2,239
2025-01-19,15,3,323
2025-01-19,15,4,129
2025-01-19,15,5,125
2025-01-19,16,1,182
2025-01-19,16,2,159
2025-01-19,16,3,193
2025-01-19,16,4,81
2025-01-19,16,5,61
2025-01-19,17,1,223
2025-01-19,17,2,196
2025-01-19,17,3,239
2025-01-19,17,4,107
2025-01-19,17,5,81
2025-01-19,18,1,473
2025-01-19,18,2,454
2025-01-19,18,3,518
2025-01-19,18,4,209
2025-01-19,18,5,184
2025-01-19,19,1,216
2025-01-19,19,2,207
2025-01-19,19,3,267
2025-01-19,19,4,112
2025-01-19,19,5,92
2025-01-19,20,1,261
2025-01-19,20,2,187
2025-01-19,20,3,266
2025-01-19,20,4,107
2025-01-19,20,5,120
2025-01-19,21,1,133
2025-01-19,21,2,109
2025-01-19,21,3,156
2025-01-19,21,4,56
2025-01-19,21,5,62
2025-01-19,22,1,211
2025-01-19,22,2,214
2025-01-19,22,3,269
2025-01-19,22,4,130
2025-01-19,22,5,81
2025-01-19,23,1,68
2025-01-19,23,2,67
2025-01-19,23,3,88
2025-01-19,23,4,30
2025-01-19,23,5,24
2025-01-19,24,1,60
2025-01-19,24,2,33
2025-01-19,24,3,61
2025-01-19,24,4,23
2025-01-19,24,5,16
2025-01-19,25,1,182
2025-01-19,25,2,164
2025-01-19,25,3,222
2025-01-19,25,4,72
2025-01-19,25,5,67
2025-01-20,1,1,627
2025-01-20,1,2,670
2025-01-20,1,3,711
2025-01-20,1,4,306
2025-01-20,1,5,236
2025-01-20,2,1,409
2025-01-20,2,2,380
2025-01-20,2,3,485
2025-01-20,2,4,164
2025-01-20,2,5,158
2025-01-20,3,1,220
2025-01-20,3,2,215
2025-01-20,3,3,215
2025-01-20,3,4,91
2025-01-20,3,5,84
2025-01-20,4,1,558
2025-01-20,4,2,514
2025-01-20,4,3,574
2025-01-20,4,4,253
2025-01-20,4,5,200
2025-01-20,5,1,489
2025-01-20,5,2,478
2025-01-20,5,3,506
2025-01-20,5,4,204
2025-01-20,5,5,194
2025-01-20,6,1,285
2025-01-20,6,2,283
2025-01-20,6,3,332
2025-01-20,6,4,122
2025-01-20,6,5,119
2025-01-20,7,1,305
2025-01-20,7,2,327
2025-01-20,7,3,334
2025-01-20,7,4,147
2025-01-20,7,5,126
2025-01-20,8,1,152
2025-01-20,8,2,162
2025-01-20,8,3,179
2025-01-20,8,4,74
2025-01-20,8,5,68
2025-01-20,9,1,401
2025-01-20,9,2,362
2025-01-20,9,3,428
2025-01-20,9,4,186
2025-01-20,9,5,148
2025-01-20,10,1,191
2025-01-20,10,2,200
2025-01-20,10,3,248
2025-01-20,10,4,85
2025-01-20,10,5,68
2025-01-20,11,1,284
2025-01-20,11,2,272
2025-01-20,11,3,298
2025-01-20,11,4,117
2025-01-20,11,5,108
2025-01-20,12,1,315
2025-01-20,12,2,278
2025-01-20,12,3,321
2025-01-20,12,4,138
2025-01-20,12,5,109
2025-01-20,13,1,389
2025-01-20,13,2,386
2025-01-20,13,3,450
2025-01-20,13,4,171
2025-01-20,13,5,114
2025-01-20,14,1,263
2025-01-20,14,2,255
2025-01-20,14,3,318
2025-01-20,14,4,114
2025-01-20,14,5,86
2025-01-20,15,1,441
2025-01-20,15,2,408
2025-01-20,15,3,472
2025-01-20,15,4,193
2025-01-20,15,5,151
2025-01-20,16,1,260
2025-01-20,16,2,247
2025-01-20,16,3,288
2025-01-20,16,4,104
2025-01-20,16,5,82
2025-01-20,17,1,348
2025-01-20,17,2,323
2025-01-20,17,3,393
2025-01-20,17,4,167
2025-01-20,17,5,128
2025-01-20,18,1,774
2025-01-20,18,2,727
2025-01-20,18,3,819
2025-01-20,18,4,305
2025-01-20,18,5,263
2025-01-20,19,1,368
2025-01-20,19,2,380
2025-01-20,19,3,402
2025-01-20,19,4,165
2025-01-20,19,5,136
2025-01-20,20,1,361
2025-01-20,20,2,375
2025-01-20,20,3,444
2025-01-20,20,4,151
2025-01-20,20,5,133
2025-01-20,21,1,198
2025-01-20,21,2,182
2025-01-20,21,3,215
2025-01-20,21,4,94
2025-01-20,21,5,78
2025-01-20,22,1,313
2025-01-20,22,2,385
2025-01-20,22,3,405
2025-01-20,22,4,166
2025-01-20,22,5,131
2025-01-20,23,1,124
2025-01-20,23,2,111
2025-01-20,23,3,118
2025-01-20,23,4,39
2025-01-20,23,5,31
2025-01-20,24,1,76
2025-01-20,24,2,88
2025-01-20,24,3,111
2025-01-20,24,4,42
2025-01-20,24,5,36
2025-01-20,25,1,274
2025-01-20,25,2,284
2025-01-20,25,3,318
2025-01-20,25,4,126
2025-01-20,25,5,115
2025-01-21,1,1,653
2025-01-21,1,2,620
2025-01-21,1,3,728
2025-01-21,1,4,288
2025-01-21,1,5,253
2025-01-21,2,1,411
2025-01-21,2,2,382
2025-01-21,2,3,482
2025-01-21,2,4,177
2025-01-21,2,5,138
2025-01-21,3,1,203
2025-01-21,3,2,214
2025-01-21,3,3,213
2025-01-21,3,4,77
2025-01-21,3,5,80
2025-01-21,4,1,540
2025-01-21,4,2,520
2025-01-21,4,3,619
2025-01-21,4,4,219
2025-01-21,4,5,193
2025-01-21,5,1,447
2025-01-21,5,2,451
2025-01-21,5,3,531
2025-01-21,5,4,216
2025-01-21,5,5,185
2025-01-21,6,1,308
2025-01-21,6,2,265
2025-01-21,6,3,330
2025-01-21,6,4,137
2025-01-21,6,5,98
2025-01-21,7,1,334
2025-01-21,7,2,310
2025-01-21,7,3,340
2025-01-21,7,4,143
2025-01-21,7,5,105
2025-01-21,8,1,135
2025-01-21,8,2,143
2025-01-21,8,3,172
2025-01-21,8,4,85
2025-01-21,8,5,57
2025-01-21,9,1,373
2025-01-21,9,2,405
2025-01-21,9,3,439
2025-01-21,9,4,202
2025-01-21,9,5,148
2025-01-21,10,1,183
2025-01-21,10,2,194
2025-01-21,10,3,252
2025-01-21,10,4,103
2025-01-21,10,5,92
2025-01-21,11,1,251
2025-01-21,11,2,284
2025-01-21,11,3,308
2025-01-21,11,4,119
2025-01-21,11,5,110
2025-01-21,12,1,304
2025-01-21,12,2,306
2025-01-21,12,3,347
2025-01-21,12,4,147
2025-01-21,12,5,120
2025-01-21,13,1,391
2025-01-21,13,2,372
2025-01-21,13,3,451
2025-01-21,13,4,155
2025-01-21,13,5,148
2025-01-21,14,1,250
2025-01-21,14,2,233
2025-01-21,14,3,300
2025-01-21,14,4,115
2025-01-21,14,5,87
2025-01-21,15,1,412
2025-01-21,15,2,419
2025-01-21,15,3,434
2025-01-21,15,4,210
2025-01-21,15,5,162
2025-01-21,16,1,258
2025-01-21,16,2,275
2025-01-21,16,3,302
2025-01-21,16,4,109
2025-01-21,16,5,96
2025-01-21,17,1,346
2025-01-21,17,2,347
2025-01-21,17,3,389
2025-01-21,17,4,148
2025-01-21,17,5,132
2025-01-21,18,1,701
2025-01-21,18,2,699
2025-01-21,18,3,809
2025-01-21,18,4,313
2025-01-21,18,5,286
2025-01-21,19,1,384
2025-01-21,19,2,368
2025-01-21,19,3,412
2025-01-21,19,4,170
2025-01-21,19,5,160
2025-01-21,20,1,409
2025-01-21,20,2,370
2025-01-21,20,3,443
2025-01-21,20,4,178
2025-01-21,20,5,144
2025-01-21,21,1,199
2025-01-21,21,2,186
2025-01-21,21,3,221
2025-01-21,21,4,86
2025-01-21,21,5,55
2025-01-21,22,1,359
2025-01-21,22,2,338
2025-01-21,22,3,445
2025-01-21,22,4,143
2025-01-21,22,5,112
2025-01-21,23,1,102
2025-01-21,23,2,103
2025-01-21,23,3,114
2025-01-21,23,4,42
2025-01-21,23,5,47
2025-01-21,24,1,83
2025-01-21,24,2,95
2025-01-21,24,3,95
2025-01-21,24,4,40
2025-01-21,24,5,27
2025-01-21,25,1,248
2025-01-21,25,2,259
2025-01-21,25,3,308
2025-01-21,25,4,108
2025-01-21,25,5,101
2025-01-22,1,1,540
2025-01-22,1,2,505
2025-01-22,1,3,598
2025-01-22,1,4,300
2025-01-22,1,5,211
2025-01-22,2,1,353
2025-01-22,2,2,329
2025-01-22,2,3,443
2025-01-22,2,4,174
2025-01-22,2,5,123
2025-01-22,3,1,153
2025-01-22,3,2,155
2025-01-22,3,3,192
2025-01-22,3,4,79
2025-01-22,3,5,73
2025-01-22,4,1,473
2025-01-22,4,2,468
2025-01-22,4,3,558
2025-01-22,4,4,203
2025-01-22,4,5,190
2025-01-22,5,1,393
2025-01-22,5,2,396
2025-01-22,5,3,428
2025-01-22,5,4,185
2025-01-22,5,5,143
2025-01-22,6,1,274
2025-01-22,6,2,227
2025-01-22,6,3,271
2025-01-22,6,4,98
2025-01-22,6,5,92
2025-01-22,7,1,255
2025-01-22,7,2,272
2025-01-22,7,3,334
2025-01-22,7,4,148
2025-01-22,7,5,92
2025-01-22,8,1,156
2025-01-22,8,2,140
2025-01-22,8,3,148
2025-01-22,8,4,62
2025-01-22,8,5,55
2025-01-22,9,1,326
2025-01-22,9,2,330
2025-01-22,9,3,409
2025-01-22,9,4,146
2025-01-22,9,5,114
2025-01-22,10,1,174
2025-01-22,10,2,162
2025-01-22,10,3,189
2025-01-22,10,4,92
2025-01-22,10,5,66
2025-01-22,11,1,235
2025-01-22,11,2,235
2025-01-22,11,3,276
2025-01-22,11,4,101
2025-01-22,11,5,89
2025-01-22,12,1,278
2025-01-22,12,2,287
2025-01-22,12,3,314
2025-01-22,12,4,126
2025-01-22,12,5,114
2025-01-22,13,1,329
2025-01-22,13,2,330
2025-01-22,13,3,368
2025-01-22,13,4,158
2025-01-22,13,5,112
2025-01-22,14,1,222
2025-01-22,14,2,214
2025-01-22,14,3,256
2025-01-22,14,4,102
2025-01-22,14,5,76
2025-01-22,15,1,366
2025-01-22,15,2,350
2025-01-22,15,3,422
2025-01-22,15,4,162
2025-01-22,15,5,130
2025-01-22,16,1,243
2025-01-22,16,2,203
2025-01-22,16,3,276
2025-01-22,16,4,96
2025-01-22,16,5,66
2025-01-22,17,1,286
2025-01-22,17,2,283
2025-01-22,17,3,337
2025-01-22,17,4,143
2025-01-22,17,5,96
2025-01-22,18,1,619
2025-01-22,18,2,623
2025-01-22,18,3,711
2025-01-22,18,4,281
2025-01-22,18,5,223
2025-01-22,19,1,293
2025-01-22,19,2,266
2025-01-22,19,3,377
2025-01-22,19,4,136
2025-01-22,19,5,124
2025-01-22,20,1,314
2025-01-22,20,2,329
2025-01-22,20,3,345
2025-01-22,20,4,152
2025-01-22,20,5,117
2025-01-22,21,1,165
2025-01-22,21,2,193
2025-01-22,21,3,181
2025-01-22,21,4,81
2025-01-22,21,5,57
2025-01-22,22,1,337
2025-01-22,22,2,310
2025-01-22,22,3,327
2025-01-22,22,4,164
2025-01-22,22,5,103
2025-01-22,23,1,92
2025-01-22,23,2,90
2025-01-22,23,3,93
2025-01-22,23,4,38
2025-01-22,23,5,28
2025-01-22,24,1,79
2025-01-22,24,2,81
2025-01-22,24,3,74
2025-01-22,24,4,28
2025-01-22,24,5,27
2025-01-22,25,1,236
2025-01-22,25,2,215
2025-01-22,25,3,245
2025-01-22,25,4,116
2025-01-22,25,5,89
2025-01-23,1,1,556
2025-01-23,1,2,476
2025-01-23,1,3,638
2025-01-23,1,4,268
2025-01-23,1,5,220
2025-01-23,2,1,366
2025-01-23,2,2,315
2025-01-23,2,3,391
2025-01-23,2,4,144
2025-01-23,2,5,143
2025-01-23,3,1,164
2025-01-23,3,2,161
2025-01-23,3,3,167
2025-01-23,3,4,85
2025-01-23,3,5,45
2025-01-23,4,1,452
2025-01-23,4,2,444
2025-01-23,4,3,533
2025-01-23,4,4,214
2025-01-23,4,5,174
2025-01-23,5,1,370
2025-01-23,5,2,321
2025-01-23,5,3,397
2025-01-23,5,4,161
2025-01-23,5,5,129
2025-01-23,6,1,217
2025-01-23,6,2,206
2025-01-23,6,3,277
2025-01-23,6,4,122
2025-01-23,6,5,84
2025-01-23,7,1,278
2025-01-23,7,2,277
2025-01-23,7,3,305
2025-01-23,7,4,130
2025-01-23,7,5,107
2025-01-23,8,1,143
2025-01-23,8,2,123
2025-01-23,8,3,141
2025-01-23,8,4,61
2025-01-23,8,5,48
2025-01-23,9,1,328
2025-01-23,9,2,306
2025-01-23,9,3,349
2025-01-23,9,4,162
2025-01-23,9,5,144
2025-01-23,10,1,176
2025-01-23,10,2,168
2025-01-23,10,3,183
2025-01-23,10,4,74
2025-01-23,10,5,60
2025-01-23,11,1,235
2025-01-23,11,2,230
2025-01-23,11,3,267
2025-01-23,11,4,111
2025-01-23,11,5,87
2025-01-23,12,1,253
2025-01-23,12,2,223
2025-01-23,12,3,285
2025-01-23,12,4,123
2025-01-23,12,5,83
2025-01-23,13,1,359
2025-01-23,13,2,266
2025-01-23,13,3,360
2025-01-23,13,4,125
2025-01-23,13,5,106
2025-01-23,14,1,203
2025-01-23,14,2,186
2025-01-23,14,3,242
2025-01-23,14,4,97
2025-01-23,14,5,80
2025-01-23,15,1,340
2025-01-23,15,2,313
2025-01-23,15,3,407
2025-01-23,15,4,149
2025-01-23,15,5,121
2025-01-23,16,1,228
2025-01-23,16,2,208
2025-01-23,16,3,265
2025-01-23,16,4,103
2025-01-23,16,5,71
2025-01-23,17,1,265
2025-01-23,17,2,244
2025-01-23,17,3,315
2025-01-23,17,4,137
2025-01-23,17,5,115
2025-01-23,18,1,600
2025-01-23,18,2,535
2025-01-23,18,3,649
2025-01-23,18,4,315
2025-01-23,18,5,211
2025-01-23,19,1,260
2025-01-23,19,2,302
2025-01-23,19,3,355
2025-01-23,19,4,136
2025-01-23,19,5,125
2025-01-23,20,1,326
2025-01-23,20,2,271
2025-01-23,20,3,342
2025-01-23,20,4,170
2025-01-23,20,5,123
2025-01-23,21,1,151
2025-01-23,21,2,147
2025-01-23,21,3,203
2025-01-23,21,4,68
2025-01-23,21,5,67
2025-01-23,22,1,284
2025-01-23,22,2,269
2025-01-23,22,3,375
2025-01-23,22,4,167
2025-01-23,22,5,110
2025-01-23,23,1,85
2025-01-23,23,2,83
2025-01-23,23,3,85
2025-01-23,23,4,38
2025-01-23,23,5,27
2025-01-23,24,1,57
2025-01-23,24,2,82
2025-01-23,24,3,73
2025-01-23,24,4,33
2025-01-23,24,5,25
2025-01-23,25,1,260
2025-01-23,25,2,191
2025-01-23,25,3,278
2025-01-23,25,4,122
2025-01-23,25,5,92
2025-01-24,1,1,579
2025-01-24,1,2,501
2025-01-24,1,3,639
2025-01-24,1,4,251
2025-01-24,1,5,213
2025-01-24,2,1,350
2025-01-24,2,2,316
2025-01-24,2,3,381
2025-01-24,2,4,168
2025-01-24,2,5,134
2025-01-24,3,1,174
2025-01-24,3,2,146
2025-01-24,3,3,221
2025-01-24,3,4,90
2025-01-24,3,5,62
2025-01-24,4,1,477
2025-01-24,4,2,462
2025-01-24,4,3,579
2025-01-24,4,4,239
2025-01-24,4,5,175
2025-01-24,5,1,417
2025-01-24,5,2,352
2025-01-24,5,3,441
2025-01-24,5,4,177
2025-01-24,5,5,152
2025-01-24,6,1,276
2025-01-24,6,2,220
2025-01-24,6,3,271
2025-01-24,6,4,112
2025-01-24,6,5,121
2025-01-24,7,1,302
2025-01-24,7,2,248
2025-01-24,7,3,327
2025-01-24,7,4,142
2025-01-24,7,5,101
2025-01-24,8,1,134
2025-01-24,8,2,137
2025-01-24,8,3,156
2025-01-24,8,4,51
2025-01-24,8,5,45
2025-01-24,9,1,361
2025-01-24,9,2,256
2025-01-24,9,3,385
2025-01-24,9,4,167
2025-01-24,9,5,139
2025-01-24,10,1,181
2025-01-24,10,2,160
2025-01-24,10,3,202
2025-01-24,10,4,80
2025-01-24,10,5,79
2025-01-24,11,1,220
2025-01-24,11,2,209
2025-01-24,11,3,267
2025-01-24,11,4,98
2025-01-24,11,5,52
2025-01-24,12,1,298
2025-01-24,12,2,240
2025-01-24,12,3,332
2025-01-24,12,4,131
2025-01-24,12,5,128
2025-01-24,13,1,333
2025-01-24,13,2,267
2025-01-24,13,3,351
2025-01-24,13,4,143
2025-01-24,13,5,115
2025-01-24,14,1,202
2025-01-24,14,2,191
2025-01-24,14,3,281
2025-01-24,14,4,102
2025-01-24,14,5,85
2025-01-24,15,1,366
2025-01-24,15,2,340
2025-01-24,15,3,418
2025-01-24,15,4,203
2025-01-24,15,5,136
2025-01-24,16,1,225
2025-01-24,16,2,213
2025-01-24,16,3,230
2025-01-24,16,4,96
2025-01-24,16,5,87
2025-01-24,17,1,314
2025-01-24,17,2,263
2025-01-24,17,3,350
2025-01-24,17,4,131
2025-01-24,17,5,104
2025-01-24,18,1,682
2025-01-24,18,2,553
2025-01-24,18,3,673
2025-01-24,18,4,297
2025-01-24,18,5,247
2025-01-24,19,1,299
2025-01-24,19,2,253
2025-01-24,19,3,305
2025-01-24,19,4,151
2025-01-24,19,5,123
2025-01-24,20,1,330
2025-01-24,20,2,258
2025-01-24,20,3,359
2025-01-24,20,4,160
2025-01-24,20,5,110
2025-01-24,21,1,185
2025-01-24,21,2,152
2025-01-24,21,3,198
2025-01-24,21,4,74
2025-01-24,21,5,69
2025-01-24,22,1,345
2025-01-24,22,2,260
2025-01-24,22,3,353
2025-01-24,22,4,140
2025-01-24,22,5,111
2025-01-24,23,1,83
2025-01-24,23,2,72
2025-01-24,23,3,97
2025-01-24,23,4,32
2025-01-24,23,5,39
2025-01-24,24,1,79
2025-01-24,24,2,71
2025-01-24,24,3,99
2025-01-24,24,4,30
2025-01-24,24,5,33
2025-01-24,25,1,238
2025-01-24,25,2,241
2025-01-24,25,3,272
2025-01-24,25,4,117
2025-01-24,25,5,78
2025-01-25,1,1,459
2025-01-25,1,2,371
2025-01-25,1,3,516
2025-01-25,1,4,203
2025-01-25,1,5,158
2025-01-25,2,1,288
2025-01-25,2,2,225
2025-01-25,2,3,312
2025-01-25,2,4,114
2025-01-25,2,5,110
2025-01-25,3,1,134
2025-01-25,3,2,120
2025-01-25,3,3,164
2025-01-25,3,4,55
2025-01-25,3,5,49
2025-01-25,4,1,386
2025-01-25,4,2,343
2025-01-25,4,3,404
2025-01-25,4,4,169
2025-01-25,4,5,132
2025-01-25,5,1,300
2025-01-25,5,2,297
2025-01-25,5,3,379
2025-01-25,5,4,129
2025-01-25,5,5,104
2025-01-25,6,1,180
2025-01-25,6,2,181
2025-01-25,6,3,226
2025-01-25,6,4,87
2025-01-25,6,5,85
2025-01-25,7,1,215
2025-01-25,7,2,204
2025-01-25,7,3,259
2025-01-25,7,4,105
2025-01-25,7,5,63
2025-01-25,8,1,102
2025-01-25,8,2,99
2025-01-25,8,3,103
2025-01-25,8,4,49
2025-01-25,8,5,37
2025-01-25,9,1,272
2025-01-25,9,2,235
2025-01-25,9,3,301
2025-01-25,9,4,131
2025-01-25,9,5,97
2025-01-25,10,1,138
2025-01-25,10,2,130
2025-01-25,10,3,166
2025-01-25,10,4,56
2025-01-25,10,5,55
2025-01-25,11,1,203
2025-01-25,11,2,161
2025-01-25,11,3,222
2025-01-25,11,4,96
2025-01-25,11,5,81
2025-01-25,12,1,216
2025-01-25,12,2,183
2025-01-25,12,3,263
2025-01-25,12,4,110
2025-01-25,12,5,69
2025-01-25,13,1,277
2025-01-25,13,2,226
2025-01-25,13,3,289
2025-01-25,13,4,112
2025-01-25,13,5,108
2025-01-25,14,1,171
2025-01-25,14,2,152
2025-01-25,14,3,178
2025-01-25,14,4,77
2025-01-25,14,5,72
2025-01-25,15,1,284
2025-01-25,15,2,267
2025-01-25,15,3,352
2025-01-25,15,4,146
2025-01-25,15,5,104
2025-01-25,16,1,184
2025-01-25,16,2,149
2025-01-25,16,3,198
2025-01-25,16,4,86
2025-01-25,16,5,58
2025-01-25,17,1,235
2025-01-25,17,2,224
2025-01-25,17,3,255
2025-01-25,17,4,97
2025-01-25,17,5,81
2025-01-25,18,1,514
2025-01-25,18,2,437
2025-01-25,18,3,557
2025-01-25,18,4,237
2025-01-25,18,5,194
2025-01-25,19,1,248
2025-01-25,19,2,191
2025-01-25,19,3,250
2025-01-25,19,4,146
2025-01-25,19,5,96
2025-01-25,20,1,247
2025-01-25,20,2,220
2025-01-25,20,3,262
2025-01-25,20,4,135
2025-01-25,20,5,85
2025-01-25,21,1,137
2025-01-25,21,2,113
2025-01-25,21,3,145
2025-01-25,21,4,58
2025-01-25,21,5,49
2025-01-25,22,1,241
2025-01-25,22,2,217
2025-01-25,22,3,282
2025-01-25,22,4,125
2025-01-25,22,5,89
2025-01-25,23,1,71
2025-01-25,23,2,52
2025-01-25,23,3,76
2025-01-25,23,4,36
2025-01-25,23,5,27
2025-01-25,24,1,54
2025-01-25,24,2,47
2025-01-25,24,3,57
2025-01-25,24,4,33
2025-01-25,24,5,27
2025-01-25,25,1,172
2025-01-25,25,2,157
2025-01-25,25,3,226
2025-01-25,25,4,72
2025-01-25,25,5,73
2025-01-26,1,1,436
2025-01-26,1,2,360
2025-01-26,1,3,496
2025-01-26,1,4,215
2025-01-26,1,5,156
2025-01-26,2,1,271
2025-01-26,2,2,233
2025-01-26,2,3,305
2025-01-26,2,4,136
2025-01-26,2,5,97
2025-01-26,3,1,126
2025-01-26,3,2,108
2025-01-26,3,3,171
2025-01-26,3,4,50
2025-01-26,3,5,49
2025-01-26,4,1,378
2025-01-26,4,2,295
2025-01-26,4,3,420
2025-01-26,4,4,154
2025-01-26,4,5,138
2025-01-26,5,1,297
2025-01-26,5,2,277
2025-01-26,5,3,328
2025-01-26,5,4,143
2025-01-26,5,5,99
2025-01-26,6,1,191
2025-01-26,6,2,163
2025-01-26,6,3,192
2025-01-26,6,4,63
2025-01-26,6,5,89
2025-01-26,7,1,195
2025-01-26,7,2,192
2025-01-26,7,3,244
2025-01-26,7,4,108
2025-01-26,7,5,81
2025-01-26,8,1,98
2025-01-26,8,2,93
2025-01-26,8,3,108
2025-01-26,8,4,54
2025-01-26,8,5,37
2025-01-26,9,1,283
2025-01-26,9,2,217
2025-01-26,9,3,297
2025-01-26,9,4,118
2025-01-26,9,5,96
2025-01-26,10,1,137
2025-01-26,10,2,107
2025-01-26,10,3,135
2025-01-26,10,4,70
2025-01-26,10,5,48
2025-01-26,11,1,186
2025-01-26,11,2,175
2025-01-26,11,3,176
2025-01-26,11,4,79
2025-01-26,11,5,90
2025-01-26,12,1,192
2025-01-26,12,2,169
2025-01-26,12,3,235
2025-01-26,12,4,114
2025-01-26,12,5,77
2025-01-26,13,1,251
2025-01-26,13,2,220
2025-01-26,13,3,238
2025-01-26,13,4,115
2025-01-26,13,5,97
2025-01-26,14,1,166
2025-01-26,14,2,148
2025-01-26,14,3,168
2025-01-26,14,4,74
2025-01-26,14,5,68
2025-01-26,15,1,239
2025-01-26,15,2,267
2025-01-26,15,3,321
2025-01-26,15,4,118
2025-01-26,15,5,88
2025-01-26,16,1,166
2025-01-26,16,2,124
2025-01-26,16,3,190
2025-01-26,16,4,69
2025-01-26,16,5,60
2025-01-26,17,1,227
2025-01-26,17,2,184
2025-01-26,17,3,267
2025-01-26,17,4,102
2025-01-26,17,5,104
2025-01-26,18,1,513
2025-01-26,18,2,427
2025-01-26,18,3,529
2025-01-26,18,4,216
2025-01-26,18,5,173
2025-01-26,19,1,244
2025-01-26,19,2,214
2025-01-26,19,3,267
2025-01-26,19,4,111
2025-01-26,19,5,90
2025-01-26,20,1,265
2025-01-26,20,2,221
2025-01-26,20,3,327
2025-01-26,20,4,117
2025-01-26,20,5,89
2025-01-26,21,1,139
2025-01-26,21,2,114
2025-01-26,21,3,138
2025-01-26,21,4,60
2025-01-26,21,5,49
2025-01-26,22,1,252
2025-01-26,22,2,193
2025-01-26,22,3,261
2025-01-26,22,4,111
2025-01-26,22,5,92
2025-01-26,23,1,69
2025-01-26,23,2,39
2025-01-26,23,3,60
2025-01-26,23,4,29
2025-01-26,23,5,28
2025-01-26,24,1,57
2025-01-26,24,2,49
2025-01-26,24,3,76
2025-01-26,24,4,26
2025-01-26,24,5,19
2025-01-26,25,1,163
2025-01-26,25,2,182
2025-01-26,25,3,211
2025-01-26,25,4,70
2025-01-26,25,5,76
2025-01-27,1,1,644
2025-01-27,1,2,633
2025-01-27,1,3,734
2025-01-27,1,4,289
2025-01-27,1,5,250
2025-01-27,2,1,402
2025-01-27,2,2,410
2025-01-27,2,3,454
2025-01-27,2,4,173
2025-01-27,2,5,170
2025-01-27,3,1,177
2025-01-27,3,2,188
2025-01-27,3,3,236
2025-01-27,3,4,94
2025-01-27,3,5,62
2025-01-27,4,1,539
2025-01-27,4,2,560
2025-01-27,4,3,613
2025-01-27,4,4,236
2025-01-27,4,5,182
2025-01-27,5,1,497
2025-01-27,5,2,406
2025-01-27,5,3,472
2025-01-27,5,4,211
2025-01-27,5,5,192
2025-01-27,6,1,272
2025-01-27,6,2,267
2025-01-27,6,3,325
2025-01-27,6,4,137
2025-01-27,6,5,111
2025-01-27,7,1,307
2025-01-27,7,2,305
2025-01-27,7,3,346
2025-01-27,7,4,173
2025-01-27,7,5,147
2025-01-27,8,1,184
2025-01-27,8,2,181
2025-01-27,8,3,193
2025-01-27,8,4,71
2025-01-27,8,5,64
2025-01-27,9,1,387
2025-01-27,9,2,370
2025-01-27,9,3,464
2025-01-27,9,4,175
2025-01-27,9,5,145
2025-01-27,10,1,176
2025-01-27,10,2,201
2025-01-27,10,3,226
2025-01-27,10,4,106
2025-01-27,10,5,87
2025-01-27,11,1,250
2025-01-27,11,2,285
2025-01-27,11,3,304
2025-01-27,11,4,136
2025-01-27,11,5,103
2025-01-27,12,1,305
2025-01-27,12,2,309
2025-01-27,12,3,375
2025-01-27,12,4,145
2025-01-27,12,5,123
2025-01-27,13,1,379
2025-01-27,13,2,384
2025-01-27,13,3,452
2025-01-27,13,4,172
2025-01-27,13,5,152
2025-01-27,14,1,259
2025-01-27,14,2,268
2025-01-27,14,3,272
2025-01-27,14,4,116
2025-01-27,14,5,93
2025-01-27,15,1,425
2025-01-27,15,2,426
2025-01-27,15,3,475
2025-01-27,15,4,172
2025-01-27,15,5,175
2025-01-27,16,1,266
2025-01-27,16,2,214
2025-01-27,16,3,308
2025-01-27,16,4,109
2025-01-27,16,5,111
2025-01-27,17,1,342
2025-01-27,17,2,328
2025-01-27,17,3,375
2025-01-27,17,4,150
2025-01-27,17,5,145
2025-01-27,18,1,726
2025-01-27,18,2,725
2025-01-27,18,3,874
2025-01-27,18,4,312
2025-01-27,18,5,260
2025-01-27,19,1,351
2025-01-27,19,2,334
2025-01-27,19,3,449
2025-01-27,19,4,164
2025-01-27,19,5,142
2025-01-27,20,1,374
2025-01-27,20,2,378
2025-01-27,20,3,459
2025-01-27,20,4,158
2025-01-27,20,5,146
2025-01-27,21,1,195
2025-01-27,21,2,201
2025-01-27,21,3,246
2025-01-27,21,4,111
2025-01-27,21,5,90
2025-01-27,22,1,339
2025-01-27,22,2,392
2025-01-27,22,3,399
2025-01-27,22,4,169
2025-01-27,22,5,143
2025-01-27,23,1,115
2025-01-27,23,2,93
2025-01-27,23,3,95
2025-01-27,23,4,44
2025-01-27,23,5,37
2025-01-27,24,1,110
2025-01-27,24,2,88
2025-01-27,24,3,96
2025-01-27,24,4,34
2025-01-27,24,5,37
2025-01-27,25,1,293
2025-01-27,25,2,295
2025-01-27,25,3,326
2025-01-27,25,4,136
2025-01-27,25,5,108
2025-01-28,1,1,419
2025-01-28,1,2,443
2025-01-28,1,3,482
2025-01-28,1,4,192
2025-01-28,1,5,165
2025-01-28,2,1,266
2025-01-28,2,2,284
2025-01-28,2,3,321
2025-01-28,2,4,134
2025-01-28,2,5,117
2025-01-28,3,1,108
2025-01-28,3,2,115
2025-01-28,3,3,138
2025-01-28,3,4,62
2025-01-28,3,5,50
2025-01-28,4,1,367
2025-01-28,4,2,360
2025-01-28,4,3,412
2025-01-28,4,4,173
2025-01-28,4,5,132
2025-01-28,5,1,314
2025-01-28,5,2,276
2025-01-28,5,3,360
2025-01-28,5,4,140
2025-01-28,5,5,116
2025-01-28,6,1,213
2025-01-28,6,2,203
2025-01-28,6,3,228
2025-01-28,6,4,85
2025-01-28,6,5,80
2025-01-28,7,1,201
2025-01-28,7,2,218
2025-01-28,7,3,278
2025-01-28,7,4,88
2025-01-28,7,5,81
2025-01-28,8,1,103
2025-01-28,8,2,117
2025-01-28,8,3,122
2025-01-28,8,4,52
2025-01-28,8,5,38
2025-01-28,9,1,249
2025-01-28,9,2,244
2025-01-28,9,3,302
2025-01-28,9,4,125
2025-01-28,9,5,101
2025-01-28,10,1,142
2025-01-28,10,2,145
2025-01-28,10,3,159
2025-01-28,10,4,64
2025-01-28,10,5,37
2025-01-28,11,1,189
2025-01-28,11,2,181
2025-01-28,11,3,233
2025-01-28,11,4,67
2025-01-28,11,5,64
2025-01-28,12,1,216
2025-01-28,12,2,195
2025-01-28,12,3,237
2025-01-28,12,4,94
2025-01-28,12,5,83
2025-01-28,13,1,266
2025-01-28,13,2,254
2025-01-28,13,3,284
2025-01-28,13,4,125
2025-01-28,13,5,114
2025-01-28,14,1,164
2025-01-28,14,2,172
2025-01-28,14,3,177
2025-01-28,14,4,67
2025-01-28,14,5,62
2025-01-28,15,1,242
2025-01-28,15,2,273
2025-01-28,15,3,297
2025-01-28,15,4,145
2025-01-28,15,5,112
2025-01-28,16,1,174
2025-01-28,16,2,186
2025-01-28,16,3,212
2025-01-28,16,4,83
2025-01-28,16,5,66
2025-01-28,17,1,236
2025-01-28,17,2,213
2025-01-28,17,3,264
2025-01-28,17,4,111
2025-01-28,17,5,82
2025-01-28,18,1,486
2025-01-28,18,2,497
2025-01-28,18,3,599
2025-01-28,18,4,223
2025-01-28,18,5,182
2025-01-28,19,1,230
2025-01-28,19,2,240
2025-01-28,19,3,287
2025-01-28,19,4,116
2025-01-28,19,5,106
2025-01-28,20,1,297
2025-01-28,20,2,252
2025-01-28,20,3,249
2025-01-28,20,4,116
2025-01-28,20,5,95
2025-01-28,21,1,142
2025-01-28,21,2,144
2025-01-28,21,3,160
2025-01-28,21,4,65
2025-01-28,21,5,59
2025-01-28,22,1,267
2025-01-28,22,2,238
2025-01-28,22,3,264
2025-01-28,22,4,121
2025-01-28,22,5,87
2025-01-28,23,1,75
2025-01-28,23,2,78
2025-01-28,23,3,96
2025-01-28,23,4,32
2025-01-28,23,5,23
2025-01-28,24,1,56
2025-01-28,24,2,63
2025-01-28,24,3,66
2025-01-28,24,4,30
2025-01-28,24,5,19
2025-01-28,25,1,209
2025-01-28,25,2,161
2025-01-28,25,3,185
2025-01-28,25,4,98
2025-01-28,25,5,78
2025-01-29,1,1,413
2025-01-29,1,2,408
2025-01-29,1,3,455
2025-01-29,1,4,196
2025-01-29,1,5,142
2025-01-29,2,1,254
2025-01-29,2,2,247
2025-01-29,2,3,278
2025-01-29,2,4,122
2025-01-29,2,5,79
2025-01-29,3,1,124
2025-01-29,3,2,121
2025-01-29,3,3,136
2025-01-29,3,4,53
2025-01-29,3,5,44
2025-01-29,4,1,312
2025-01-29,4,2,374
2025-01-29,4,3,422
2025-01-29,4,4,148
2025-01-29,4,5,125
2025-01-29,5,1,293
2025-01-29,5,2,267
2025-01-29,5,3,339
2025-01-29,5,4,147
2025-01-29,5,5,95
2025-01-29,6,1,174
2025-01-29,6,2,158
2025-01-29,6,3,192
2025-01-29,6,4,82
2025-01-29,6,5,74
2025-01-29,7,1,205
2025-01-29,7,2,215
2025-01-29,7,3,254
2025-01-29,7,4,96
2025-01-29,7,5,75
2025-01-29,8,1,95
2025-01-29,8,2,95
2025-01-29,8,3,106
2025-01-29,8,4,40
2025-01-29,8,5,36
2025-01-29,9,1,245
2025-01-29,9,2,248
2025-01-29,9,3,287
2025-01-29,9,4,118
2025-01-29,9,5,84
2025-01-29,10,1,137
2025-01-29,10,2,127
2025-01-29,10,3,140
2025-01-29,10,4,47
2025-01-29,10,5,43
2025-01-29,11,1,154
2025-01-29,11,2,167
2025-01-29,11,3,188
2025-01-29,11,4,74
2025-01-29,11,5,67
2025-01-29,12,1,182
2025-01-29,12,2,193
2025-01-29,12,3,208
2025-01-29,12,4,82
2025-01-29,12,5,69
2025-01-29,13,1,233
2025-01-29,13,2,225
2025-01-29,13,3,268
2025-01-29,13,4,107
2025-01-29,13,5,80
2025-01-29,14,1,153
2025-01-29,14,2,162
2025-01-29,14,3,168
2025-01-29,14,4,76
2025-01-29,14,5,51
2025-01-29,15,1,267
2025-01-29,15,2,263
2025-01-29,15,3,322
2025-01-29,15,4,117
2025-01-29,15,5,111
2025-01-29,16,1,167
2025-01-29,16,2,140
2025-01-29,16,3,162
2025-01-29,16,4,72
2025-01-29,16,5,69
2025-01-29,17,1,208
2025-01-29,17,2,211
2025-01-29,17,3,245
2025-01-29,17,4,104
2025-01-29,17,5,80
2025-01-29,18,1,437
2025-01-29,18,2,474
2025-01-29,18,3,524
2025-01-29,18,4,212
2025-01-29,18,5,161
2025-01-29,19,1,236
2025-01-29,19,2,233
2025-01-29,19,3,251
2025-01-29,19,4,110
2025-01-29,19,5,80
2025-01-29,20,1,232
2025-01-29,20,2,207
2025-01-29,20,3,253
2025-01-29,20,4,82
2025-01-29,20,5,105
2025-01-29,21,1,143
2025-01-29,21,2,143
2025-01-29,21,3,120
2025-01-29,21,4,60
2025-01-29,21,5,49
2025-01-29,22,1,237
2025-01-29,22,2,246
2025-01-29,22,3,259
2025-01-29,22,4,103
2025-01-29,22,5,91
2025-01-29,23,1,67
2025-01-29,23,2,62
2025-01-29,23,3,76
2025-01-29,23,4,23
2025-01-29,23,5,31
2025-01-29,24,1,53
2025-01-29,24,2,58
2025-01-29,24,3,60
2025-01-29,24,4,28
2025-01-29,24,5,22
2025-01-29,25,1,166
2025-01-29,25,2,175
2025-01-29,25,3,189
2025-01-29,25,4,77
2025-01-29,25,5,78
2025-01-30,1,1,383
2025-01-30,1,2,329
2025-01-30,1,3,455
2025-01-30,1,4,197
2025-01-30,1,5,142
2025-01-30,2,1,246
2025-01-30,2,2,204
2025-01-30,2,3,309
2025-01-30,2,4,132
2025-01-30,2,5,81
2025-01-30,3,1,136
2025-01-30,3,2,117
2025-01-30,3,3,145
2025-01-30,3,4,60
2025-01-30,3,5,56
2025-01-30,4,1,357
2025-01-30,4,2,297
2025-01-30,4,3,393
2025-01-30,4,4,145
2025-01-30,4,5,128
2025-01-30,5,1,268
2025-01-30,5,2,225
2025-01-30,5,3,322
2025-01-30,5,4,134
2025-01-30,5,5,105
2025-01-30,6,1,168
2025-01-30,6,2,146
2025-01-30,6,3,203
2025-01-30,6,4,82
2025-01-30,6,5,59
2025-01-30,7,1,188
2025-01-30,7,2,163
2025-01-30,7,3,224
2025-01-30,7,4,89
2025-01-30,7,5,66
2025-01-30,8,1,96
2025-01-30,8,2,69
2025-01-30,8,3,110
2025-01-30,8,4,52
2025-01-30,8,5,38
2025-01-30,9,1,253
2025-01-30,9,2,211
2025-01-30,9,3,242
2025-01-30,9,4,113
2025-01-30,9,5,108
2025-01-30,10,1,131
2025-01-30,10,2,133
2025-01-30,10,3,140
2025-01-30,10,4,57
2025-01-30,10,5,52
2025-01-30,11,1,184
2025-01-30,11,2,147
2025-01-30,11,3,199
2025-01-30,11,4,78
2025-01-30,11,5,71
2025-01-30,12,1,180
2025-01-30,12,2,190
2025-01-30,12,3,204
2025-01-30,12,4,74
2025-01-30,12,5,77
2025-01-30,13,1,216
2025-01-30,13,2,229
2025-01-30,13,3,275
2025-01-30,13,4,102
2025-01-30,13,5,75
2025-01-30,14,1,160
2025-01-30,14,2,135
2025-01-30,14,3,174
2025-01-30,14,4,63
2025-01-30,14,5,58
2025-01-30,15,1,260
2025-01-30,15,2,235
2025-01-30,15,3,302
2025-01-30,15,4,125
2025-01-30,15,5,84
2025-01-30,16,1,151
2025-01-30,16,2,150
2025-01-30,16,3,172
2025-01-30,16,4,68
2025-01-30,16,5,74
2025-01-30,17,1,188
2025-01-30,17,2,172
2025-01-30,17,3,274
2025-01-30,17,4,110
2025-01-30,17,5,66
2025-01-30,18,1,505
2025-01-30,18,2,413
2025-01-30,18,3,513
2025-01-30,18,4,217
2025-01-30,18,5,173
2025-01-30,19,1,228
2025-01-30,19,2,179
2025-01-30,19,3,259
2025-01-30,19,4,97
2025-01-30,19,5,72
2025-01-30,20,1,227
2025-01-30,20,2,197
2025-01-30,20,3,260
2025-01-30,20,4,106
2025-01-30,20,5,87
2025-01-30,21,1,127
2025-01-30,21,2,110
2025-01-30,21,3,131
2025-01-30,21,4,65
2025-01-30,21,5,54
2025-01-30,22,1,231
2025-01-30,22,2,215
2025-01-30,22,3,224
2025-01-30,22,4,97
2025-01-30,22,5,87
2025-01-30,23,1,64
2025-01-30,23,2,63
2025-01-30,23,3,62
2025-01-30,23,4,24
2025-01-30,23,5,29
2025-01-30,24,1,65
2025-01-30,24,2,40
2025-01-30,24,3,71
2025-01-30,24,4,31
2025-01-30,24,5,22
2025-01-30,25,1,154
2025-01-30,25,2,163
2025-01-30,25,3,192
2025-01-30,25,4,91
2025-01-30,25,5,72
2025-01-31,1,1,606
2025-01-31,1,2,499
2025-01-31,1,3,619
2025-01-31,1,4,272
2025-01-31,1,5,214
2025-01-31,2,1,369
2025-01-31,2,2,320
2025-01-31,2,3,408
2025-01-31,2,4,158
2025-01-31,2,5,123
2025-01-31,3,1,194
2025-01-31,3,2,148
2025-01-31,3,3,202
2025-01-31,3,4,77
2025-01-31,3,5,61
2025-01-31,4,1,496
2025-01-31,4,2,414
2025-01-31,4,3,492
2025-01-31,4,4,222
2025-01-31,4,5,183
2025-01-31,5,1,387
2025-01-31,5,2,346
2025-01-31,5,3,447
2025-01-31,5,4,202
2025-01-31,5,5,157
2025-01-31,6,1,248
2025-01-31,6,2,226
2025-01-31,6,3,280
2025-01-31,6,4,103
2025-01-31,6,5,68
2025-01-31,7,1,288
2025-01-31,7,2,247
2025-01-31,7,3,310
2025-01-31,7,4,132
2025-01-31,7,5,103
2025-01-31,8,1,133
2025-01-31,8,2,117
2025-01-31,8,3,150
2025-01-31,8,4,60
2025-01-31,8,5,53
2025-01-31,9,1,347
2025-01-31,9,2,345
2025-01-31,9,3,385
2025-01-31,9,4,179
2025-01-31,9,5,125
2025-01-31,10,1,179
2025-01-31,10,2,166
2025-01-31,10,3,208
2025-01-31,10,4,85
2025-01-31,10,5,64
2025-01-31,11,1,243
2025-01-31,11,2,182
2025-01-31,11,3,279
2025-01-31,11,4,95
2025-01-31,11,5,87
2025-01-31,12,1,292
2025-01-31,12,2,235
2025-01-31,12,3,341
2025-01-31,12,4,133
2025-01-31,12,5,107
2025-01-31,13,1,320
2025-01-31,13,2,270
2025-01-31,13,3,391
2025-01-31,13,4,156
2025-01-31,13,5,133
2025-01-31,14,1,236
2025-01-31,14,2,217
2025-01-31,14,3,253
2025-01-31,14,4,133
2025-01-31,14,5,92
2025-01-31,15,1,366
2025-01-31,15,2,362
2025-01-31,15,3,375
2025-01-31,15,4,163
2025-01-31,15,5,136
2025-01-31,16,1,245
2025-01-31,16,2,191
2025-01-31,16,3,263
2025-01-31,16,4,82
2025-01-31,16,5,85
2025-01-31,17,1,287
2025-01-31,17,2,262
2025-01-31,17,3,352
2025-01-31,17,4,139
2025-01-31,17,5,128
2025-01-31,18,1,632
2025-01-31,18,2,532
2025-01-31,18,3,715
2025-01-31,18,4,304
2025-01-31,18,5,225
2025-01-31,19,1,345
2025-01-31,19,2,248
2025-01-31,19,3,405
2025-01-31,19,4,165
2025-01-31,19,5,120
2025-01-31,20,1,296
2025-01-31,20,2,311
2025-01-31,20,3,351
2025-01-31,20,4,144
2025-01-31,20,5,119
2025-01-31,21,1,198
2025-01-31,21,2,153
2025-01-31,21,3,200
2025-01-31,21,4,76
2025-01-31,21,5,76
2025-01-31,22,1,316
2025-01-31,22,2,261
2025-01-31,22,3,380
2025-01-31,22,4,142
2025-01-31,22,5,117
2025-01-31,23,1,65
2025-01-31,23,2,76
2025-01-31,23,3,117
2025-01-31,23,4,35
2025-01-31,23,5,25
2025-01-31,24,1,66
2025-01-31,24,2,60
2025-01-31,24,3,96
2025-01-31,24,4,46
2025-01-31,24,5,30
2025-01-31,25,1,218
2025-01-31,25,2,205
2025-01-31,25,3,273
2025-01-31,25,4,93
2025-01-31,25,5,98
2025-02-01,1,1,476
2025-02-01,1,2,445
2025-02-01,1,3,534
2025-02-01,1,4,225
2025-02-01,1,5,167
2025-02-01,2,1,292
2025-02-01,2,2,278
2025-02-01,2,3,331
2025-02-01,2,4,132
2025-02-01,2,5,115
2025-02-01,3,1,165
2025-02-01,3,2,145
2025-02-01,3,3,155
2025-02-01,3,4,73
2025-02-01,3,5,56
2025-02-01,4,1,367
2025-02-01,4,2,327
2025-02-01,4,3,466
2025-02-01,4,4,182
2025-02-01,4,5,166
2025-02-01,5,1,345
2025-02-01,5,2,311
2025-02-01,5,3,385
2025-02-01,5,4,167
2025-02-01,5,5,107
2025-02-01,6,1,202
2025-02-01,6,2,194
2025-02-01,6,3,230
2025-02-01,6,4,86
2025-02-01,6,5,80
2025-02-01,7,1,231
2025-02-01,7,2,216
2025-02-01,7,3,280
2025-02-01,7,4,99
2025-02-01,7,5,101
2025-02-01,8,1,96
2025-02-01,8,2,113
2025-02-01,8,3,142
2025-02-01,8,4,52
2025-02-01,8,5,52
2025-02-01,9,1,297
2025-02-01,9,2,266
2025-02-01,9,3,347
2025-02-01,9,4,133
2025-02-01,9,5,106
2025-02-01,10,1,143
2025-02-01,10,2,120
2025-02-01,10,3,159
2025-02-01,10,4,82
2025-02-01,10,5,61
2025-02-01,11,1,209
2025-02-01,11,2,190
2025-02-01,11,3,239
2025-02-01,11,4,104
2025-02-01,11,5,85
2025-02-01,12,1,256
2025-02-01,12,2,214
2025-02-01,12,3,287
2025-02-01,12,4,97
2025-02-01,12,5,90
2025-02-01,13,1,249
2025-02-01,13,2,250
2025-02-01,13,3,329
2025-02-01,13,4,121
2025-02-01,13,5,120
2025-02-01,14,1,165
2025-02-01,14,2,155
2025-02-01,14,3,206
2025-02-01,14,4,74
2025-02-01,14,5,82
2025-02-01,15,1,299
2025-02-01,15,2,229
2025-02-01,15,3,341
2025-02-01,15,4,146
2025-02-01,15,5,133
2025-02-01,16,1,186
2025-02-01,16,2,159
2025-02-01,16,3,217
2025-02-01,16,4,101
2025-02-01,16,5,84
2025-02-01,17,1,244
2025-02-01,17,2,231
2025-02-01,17,3,286
2025-02-01,17,4,113
2025-02-01,17,5,111
2025-02-01,18,1,527
2025-02-01,18,2,484
2025-02-01,18,3,570
2025-02-01,18,4,261
2025-02-01,18,5,213
2025-02-01,19,1,250
2025-02-01,19,2,240
2025-02-01,19,3,298
2025-02-01,19,4,107
2025-02-01,19,5,100
2025-02-01,20,1,264
2025-02-01,20,2,245
2025-02-01,20,3,274
2025-02-01,20,4,141
2025-02-01,20,5,119
2025-02-01,21,1,148
2025-02-01,21,2,142
2025-02-01,21,3,154
2025-02-01,21,4,80
2025-02-01,21,5,69
2025-02-01,22,1,263
2025-02-01,22,2,227
2025-02-01,22,3,299
2025-02-01,22,4,125
2025-02-01,22,5,91
2025-02-01,23,1,70
2025-02-01,23,2,65
2025-02-01,23,3,112
2025-02-01,23,4,27
2025-02-01,23,5,22
2025-02-01,24,1,80
2025-02-01,24,2,48
2025-02-01,24,3,74
2025-02-01,24,4,27
2025-02-01,24,5,29
2025-02-01,25,1,211
2025-02-01,25,2,177
2025-02-01,25,3,224
2025-02-01,25,4,85
2025-02-01,25,5,74
2025-02-02,1,1,429
2025-02-02,1,2,373
2025-02-02,1,3,489
2025-02-02,1,4,191
2025-02-02,1,5,180
2025-02-02,2,1,281
2025-02-02,2,2,283
2025-02-02,2,3,316
2025-02-02,2,4,126
2025-02-02,2,5,111
2025-02-02,3,1,134
2025-02-02,3,2,108
2025-02-02,3,3,151
2025-02-02,3,4,60
2025-02-02,3,5,54
2025-02-02,4,1,362
2025-02-02,4,2,324
2025-02-02,4,3,413
2025-02-02,4,4,150
2025-02-02,4,5,155
2025-02-02,5,1,297
2025-02-02,5,2,279
2025-02-02,5,3,326
2025-02-02,5,4,144
2025-02-02,5,5,111
2025-02-02,6,1,190
2025-02-02,6,2,150
2025-02-02,6,3,204
2025-02-02,6,4,81
2025-02-02,6,5,56
2025-02-02,7,1,203
2025-02-02,7,2,173
2025-02-02,7,3,257
2025-02-02,7,4,104
2025-02-02,7,5,93
2025-02-02,8,1,112
2025-02-02,8,2,105
2025-02-02,8,3,124
2025-02-02,8,4,51
2025-02-02,8,5,44
2025-02-02,9,1,283
2025-02-02,9,2,230
2025-02-02,9,3,318
2025-02-02,9,4,128
2025-02-02,9,5,113
2025-02-02,10,1,129
2025-02-02,10,2,126
2025-02-02,10,3,148
2025-02-02,10,4,67
2025-02-02,10,5,47
2025-02-02,11,1,194
2025-02-02,11,2,137
2025-02-02,11,3,212
2025-02-02,11,4,83
2025-02-02,11,5,76
2025-02-02,12,1,228
2025-02-02,12,2,185
2025-02-02,12,3,256
2025-02-02,12,4,104
2025-02-02,12,5,95
2025-02-02,13,1,246
2025-02-02,13,2,218
2025-02-02,13,3,310
2025-02-02,13,4,101
2025-02-02,13,5,105
2025-02-02,14,1,156
2025-02-02,14,2,116
2025-02-02,14,3,179
2025-02-02,14,4,75
2025-02-02,14,5,55
2025-02-02,15,1,263
2025-02-02,15,2,242
2025-02-02,15,3,324
2025-02-02,15,4,123
2025-02-02,15,5,110
2025-02-02,16,1,177
2025-02-02,16,2,124
2025-02-02,16,3,182
2025-02-02,16,4,90
2025-02-02,16,5,78
2025-02-02,17,1,230
2025-02-02,17,2,186
2025-02-02,17,3,275
2025-02-02,17,4,109
2025-02-02,17,5,86
2025-02-02,18,1,453
2025-02-02,18,2,425
2025-02-02,18,3,507
2025-02-02,18,4,232
2025-02-02,18,5,192
2025-02-02,19,1,248
2025-02-02,19,2,222
2025-02-02,19,3,275
2025-02-02,19,4,99
2025-02-02,19,5,93
2025-02-02,20,1,240
2025-02-02,20,2,209
2025-02-02,20,3,290
2025-02-02,20,4,123
2025-02-02,20,5,89
2025-02-02,21,1,116
2025-02-02,21,2,115
2025-02-02,21,3,150
2025-02-02,21,4,61
2025-02-02,21,5,48
2025-02-02,22,1,262
2025-02-02,22,2,199
2025-02-02,22,3,272
2025-02-02,22,4,118
2025-02-02,22,5,100
2025-02-02,23,1,75
2025-02-02,23,2,63
2025-02-02,23,3,70
2025-02-02,23,4,25
2025-02-02,23,5,22
2025-02-02,24,1,49
2025-02-02,24,2,49
2025-02-02,24,3,67
2025-02-02,24,4,26
2025-02-02,24,5,18
2025-02-02,25,1,195
2025-02-02,25,2,151
2025-02-02,25,3,187
2025-02-02,25,4,103
2025-02-02,25,5,70
2025-02-03,1,1,662
2025-02-03,1,2,656
2025-02-03,1,3,712
2025-02-03,1,4,284
2025-02-03,1,5,220
2025-02-03,2,1,383
2025-02-03,2,2,388
2025-02-03,2,3,467
2025-02-03,2,4,184
2025-02-03,2,5,155
2025-02-03,3,1,192
2025-02-03,3,2,197
2025-02-03,3,3,224
2025-02-03,3,4,97
2025-02-03,3,5,84
2025-02-03,4,1,549
2025-02-03,4,2,506
2025-02-03,4,3,671
2025-02-03,4,4,241
2025-02-03,4,5,178
2025-02-03,5,1,457
2025-02-03,5,2,492
2025-02-03,5,3,515
2025-02-03,5,4,198
2025-02-03,5,5,182
2025-02-03,6,1,291
2025-02-03,6,2,290
2025-02-03,6,3,353
2025-02-03,6,4,138
2025-02-03,6,5,87
2025-02-03,7,1,311
2025-02-03,7,2,333
2025-02-03,7,3,367
2025-02-03,7,4,137
2025-02-03,7,5,133
2025-02-03,8,1,173
2025-02-03,8,2,175
2025-02-03,8,3,174
2025-02-03,8,4,79
2025-02-03,8,5,58
2025-02-03,9,1,417
2025-02-03,9,2,372
2025-02-03,9,3,475
2025-02-03,9,4,188
2025-02-03,9,5,175
2025-02-03,10,1,200
2025-02-03,10,2,210
2025-02-03,10,3,209
2025-02-03,10,4,96
2025-02-03,10,5,83
2025-02-03,11,1,275
2025-02-03,11,2,291
2025-02-03,11,3,319
2025-02-03,11,4,129
2025-02-03,11,5,96
2025-02-03,12,1,344
2025-02-03,12,2,343
2025-02-03,12,3,371
2025-02-03,12,4,165
2025-02-03,12,5,111
2025-02-03,13,1,382
2025-02-03,13,2,368
2025-02-03,13,3,416
2025-02-03,13,4,170
2025-02-03,13,5,134
2025-02-03,14,1,261
2025-02-03,14,2,259
2025-02-03,14,3,268
2025-02-03,14,4,100
2025-02-03,14,5,100
2025-02-03,15,1,450
2025-02-03,15,2,422
2025-02-03,15,3,473
2025-02-03,15,4,199
2025-02-03,15,5,163
2025-02-03,16,1,253
2025-02-03,16,2,249
2025-02-03,16,3,285
2025-02-03,16,4,117
2025-02-03,16,5,106
2025-02-03,17,1,345
2025-02-03,17,2,329
2025-02-03,17,3,399
2025-02-03,17,4,166
2025-02-03,17,5,132
2025-02-03,18,1,726
2025-02-03,18,2,720
2025-02-03,18,3,849
2025-02-03,18,4,351
2025-02-03,18,5,265
2025-02-03,19,1,376
2025-02-03,19,2,375
2025-02-03,19,3,392
2025-02-03,19,4,164
2025-02-03,19,5,132
2025-02-03,20,1,373
2025-02-03,20,2,342
2025-02-03,20,3,411
2025-02-03,20,4,155
2025-02-03,20,5,133
2025-02-03,21,1,201
2025-02-03,21,2,215
2025-02-03,21,3,235
2025-02-03,21,4,87
2025-02-03,21,5,102
2025-02-03,22,1,368
2025-02-03,22,2,350
2025-02-03,22,3,408
2025-02-03,22,4,171
2025-02-03,22,5,129
2025-02-03,23,1,111
2025-02-03,23,2,99
2025-02-03,23,3,122
2025-02-03,23,4,42
2025-02-03,23,5,46
2025-02-03,24,1,91
2025-02-03,24,2,91
2025-02-03,24,3,84
2025-02-03,24,4,52
2025-02-03,24,5,45
2025-02-03,25,1,300
2025-02-03,25,2,279
2025-02-03,25,3,283
2025-02-03,25,4,124
2025-02-03,25,5,111
2025-02-04,1,1,639
2025-02-04,1,2,616
2025-02-04,1,3,716
2025-02-04,1,4,296
2025-02-04,1,5,249
2025-02-04,2,1,374
2025-02-04,2,2,366
2025-02-04,2,3,416
2025-02-04,2,4,172
2025-02-04,2,5,133
2025-02-04,3,1,191
2025-02-04,3,2,187
2025-02-04,3,3,204
2025-02-04,3,4,75
2025-02-04,3,5,75
2025-02-04,4,1,570
2025-02-04,4,2,527
2025-02-04,4,3,615
2025-02-04,4,4,247
2025-02-04,4,5,183
2025-02-04,5,1,438
2025-02-04,5,2,458
2025-02-04,5,3,470
2025-02-04,5,4,195
2025-02-04,5,5,169
2025-02-04,6,1,257
2025-02-04,6,2,249
2025-02-04,6,3,271
2025-02-04,6,4,130
2025-02-04,6,5,122
2025-02-04,7,1,282
2025-02-04,7,2,286
2025-02-04,7,3,356
2025-02-04,7,4,126
2025-02-04,7,5,110
2025-02-04,8,1,154
2025-02-04,8,2,156
2025-02-04,8,3,209
2025-02-04,8,4,67
2025-02-04,8,5,60
2025-02-04,9,1,368
2025-02-04,9,2,365
2025-02-04,9,3,423
2025-02-04,9,4,183
2025-02-04,9,5,146
2025-02-04,10,1,195
2025-02-04,10,2,185
2025-02-04,10,3,223
2025-02-04,10,4,93
2025-02-04,10,5,77
2025-02-04,11,1,271
2025-02-04,11,2,237
2025-02-04,11,3,306
2025-02-04,11,4,108
2025-02-04,11,5,102
2025-02-04,12,1,319
2025-02-04,12,2,293
2025-02-04,12,3,342
2025-02-04,12,4,154
2025-02-04,12,5,118
2025-02-04,13,1,376
2025-02-04,13,2,347
2025-02-04,13,3,411
2025-02-04,13,4,180
2025-02-04,13,5,150
2025-02-04,14,1,219
2025-02-04,14,2,213
2025-02-04,14,3,266
2025-02-04,14,4,117
2025-02-04,14,5,85
2025-02-04,15,1,391
2025-02-04,15,2,419
2025-02-04,15,3,446
2025-02-04,15,4,168
2025-02-04,15,5,145
2025-02-04,16,1,256
2025-02-04,16,2,245
2025-02-04,16,3,281
2025-02-04,16,4,109
2025-02-04,16,5,91
2025-02-04,17,1,326
2025-02-04,17,2,346
2025-02-04,17,3,349
2025-02-04,17,4,150
2025-02-04,17,5,113
2025-02-04,18,1,703
2025-02-04,18,2,655
2025-02-04,18,3,810
2025-02-04,18,4,326
2025-02-04,18,5,244
2025-02-04,19,1,336
2025-02-04,19,2,321
2025-02-04,19,3,349
2025-02-04,19,4,140
2025-02-04,19,5,129
2025-02-04,20,1,349
2025-02-04,20,2,346
2025-02-04,20,3,405
2025-02-04,20,4,150
2025-02-04,20,5,149
2025-02-04,21,1,182
2025-02-04,21,2,191
2025-02-04,21,3,224
2025-02-04,21,4,76
2025-02-04,21,5,72
2025-02-04,22,1,348
2025-02-04,22,2,331
2025-02-04,22,3,383
2025-02-04,22,4,148
2025-02-04,22,5,130
2025-02-04,23,1,95
2025-02-04,23,2,85
2025-02-04,23,3,105
2025-02-04,23,4,42
2025-02-04,23,5,39
2025-02-04,24,1,80
2025-02-04,24,2,89
2025-02-04,24,3,109
2025-02-04,24,4,42
2025-02-04,24,5,33
2025-02-04,25,1,233
2025-02-04,25,2,261
2025-02-04,25,3,306
2025-02-04,25,4,110
2025-02-04,25,5,103
2025-02-05,1,1,551
2025-02-05,1,2,554
2025-02-05,1,3,622
2025-02-05,1,4,269
2025-02-05,1,5,210
2025-02-05,2,1,335
2025-02-05,2,2,333
2025-02-05,2,3,390
2025-02-05,2,4,158
2025-02-05,2,5,125
2025-02-05,3,1,131
2025-02-05,3,2,168
2025-02-05,3,3,203
2025-02-05,3,4,86
2025-02-05,3,5,67
2025-02-05,4,1,484
2025-02-05,4,2,465
2025-02-05,4,3,569
2025-02-05,4,4,236
2025-02-05,4,5,178
2025-02-05,5,1,428
2025-02-05,5,2,387
2025-02-05,5,3,447
2025-02-05,5,4,192
2025-02-05,5,5,134
2025-02-05,6,1,245
2025-02-05,6,2,230
2025-02-05,6,3,298
2025-02-05,6,4,114
2025-02-05,6,5,93
2025-02-05,7,1,288
2025-02-05,7,2,246
2025-02-05,7,3,352
2025-02-05,7,4,154
2025-02-05,7,5,116
2025-02-05,8,1,135
2025-02-05,8,2,118
2025-02-05,8,3,145
2025-02-05,8,4,65
2025-02-05,8,5,56
2025-02-05,9,1,354
2025-02-05,9,2,356
2025-02-05,9,3,401
2025-02-05,9,4,153
2025-02-05,9,5,118
2025-02-05,10,1,189
2025-02-05,10,2,182
2025-02-05,10,3,227
2025-02-05,10,4,77
2025-02-05,10,5,60
2025-02-05,11,1,198
2025-02-05,11,2,231
2025-02-05,11,3,281
2025-02-05,11,4,109
2025-02-05,11,5,75
2025-02-05,12,1,269
2025-02-05,12,2,255
2025-02-05,12,3,326
2025-02-05,12,4,131
2025-02-05,12,5,94
2025-02-05,13,1,288
2025-02-05,13,2,304
2025-02-05,13,3,381
2025-02-05,13,4,140
2025-02-05,13,5,121
2025-02-05,14,1,209
2025-02-05,14,2,238
2025-02-05,14,3,227
2025-02-05,14,4,94
2025-02-05,14,5,89
2025-02-05,15,1,359
2025-02-05,15,2,374
2025-02-05,15,3,425
2025-02-05,15,4,143
2025-02-05,15,5,123
2025-02-05,16,1,241
2025-02-05,16,2,193
2025-02-05,16,3,253
2025-02-05,16,4,96
2025-02-05,16,5,79
2025-02-05,17,1,285
2025-02-05,17,2,238
2025-02-05,17,3,327
2025-02-05,17,4,142
2025-02-05,17,5,103
2025-02-05,18,1,655
2025-02-05,18,2,612
2025-02-05,18,3,781
2025-02-05,18,4,292
2025-02-05,18,5,223
2025-02-05,19,1,334
2025-02-05,19,2,293
2025-02-05,19,3,370
2025-02-05,19,4,152
2025-02-05,19,5,105
2025-02-05,20,1,336
2025-02-05,20,2,338
2025-02-05,20,3,380
2025-02-05,20,4,164
2025-02-05,20,5,122
2025-02-05,21,1,166
2025-02-05,21,2,190
2025-02-05,21,3,225
2025-02-05,21,4,72
2025-02-05,21,5,65
2025-02-05,22,1,306
2025-02-05,22,2,296
2025-02-05,22,3,370
2025-02-05,22,4,125
2025-02-05,22,5,119
2025-02-05,23,1,111
2025-02-05,23,2,74
2025-02-05,23,3,90
2025-02-05,23,4,39
2025-02-05,23,5,31
2025-02-05,24,1,84
2025-02-05,24,2,86
2025-02-05,24,3,104
2025-02-05,24,4,34
2025-02-05,24,5,39
2025-02-05,25,1,249
2025-02-05,25,2,237
2025-02-05,25,3,275
2025-02-05,25,4,95
2025-02-05,25,5,80
2025-02-06,1,1,570
2025-02-06,1,2,487
2025-02-06,1,3,639
2025-02-06,1,4,234
2025-02-06,1,5,227
2025-02-06,2,1,309
2025-02-06,2,2,295
2025-02-06,2,3,384
2025-02-06,2,4,160
2025-02-06,2,5,138
2025-02-06,3,1,179
2025-02-06,3,2,134
2025-02-06,3,3,174
2025-02-06,3,4,75
2025-02-06,3,5,71
2025-02-06,4,1,450
2025-02-06,4,2,431
2025-02-06,4,3,519
2025-02-06,4,4,238
2025-02-06,4,5,171
2025-02-06,5,1,392
2025-02-06,5,2,360
2025-02-06,5,3,435
2025-02-06,5,4,159
2025-02-06,5,5,156
2025-02-06,6,1,221
2025-02-06,6,2,220
2025-02-06,6,3,285
2025-02-06,6,4,103
2025-02-06,6,5,79
2025-02-06,7,1,266
2025-02-06,7,2,255
2025-02-06,7,3,369
2025-02-06,7,4,112
2025-02-06,7,5,109
2025-02-06,8,1,145
2025-02-06,8,2,99
2025-02-06,8,3,159
2025-02-06,8,4,60
2025-02-06,8,5,53
2025-02-06,9,1,331
2025-02-06,9,2,326
2025-02-06,9,3,398
2025-02-06,9,4,159
2025-02-06,9,5,116
2025-02-06,10,1,193
2025-02-06,10,2,163
2025-02-06,10,3,199
2025-02-06,10,4,72
2025-02-06,10,5,71
2025-02-06,11,1,252
2025-02-06,11,2,217
2025-02-06,11,3,291
2025-02-06,11,4,110
2025-02-06,11,5,80
2025-02-06,12,1,275
2025-02-06,12,2,242
2025-02-06,12,3,319
2025-02-06,12,4,141
2025-02-06,12,5,118
2025-02-06,13,1,344
2025-02-06,13,2,303
2025-02-06,13,3,366
2025-02-06,13,4,149
2025-02-06,13,5,132
2025-02-06,14,1,259
2025-02-06,14,2,180
2025-02-06,14,3,238
2025-02-06,14,4,109
2025-02-06,14,5,69
2025-02-06,15,1,335
2025-02-06,15,2,308
2025-02-06,15,3,421
2025-02-06,15,4,175
2025-02-06,15,5,115
2025-02-06,16,1,229
2025-02-06,16,2,194
2025-02-06,16,3,257
2025-02-06,16,4,97
2025-02-06,16,5,73
2025-02-06,17,1,255
2025-02-06,17,2,250
2025-02-06,17,3,290
2025-02-06,17,4,124
2025-02-06,17,5,107
2025-02-06,18,1,644
2025-02-06,18,2,553
2025-02-06,18,3,746
2025-02-06,18,4,278
2025-02-06,18,5,222
2025-02-06,19,1,302
2025-02-06,19,2,277
2025-02-06,19,3,338
2025-02-06,19,4,137
2025-02-06,19,5,117
2025-02-06,20,1,315
2025-02-06,20,2,275
2025-02-06,20,3,348
2025-02-06,20,4,172
2025-02-06,20,5,127
2025-02-06,21,1,173
2025-02-06,21,2,143
2025-02-06,21,3,200
2025-02-06,21,4,65
2025-02-06,21,5,61
2025-02-06,22,1,288
2025-02-06,22,2,279
2025-02-06,22,3,325
2025-02-06,22,4,126
2025-02-06,22,5,134
2025-02-06,23,1,90
2025-02-06,23,2,70
2025-02-06,23,3,99
2025-02-06,23,4,44
2025-02-06,23,5,30
2025-02-06,24,1,66
2025-02-06,24,2,52
2025-02-06,24,3,96
2025-02-06,24,4,29
2025-02-06,24,5,36
2025-02-06,25,1,238
2025-02-06,25,2,222
2025-02-06,25,3,278
2025-02-06,25,4,132
2025-02-06,25,5,95
2025-02-07,1,1,633
2025-02-07,1,2,502
2025-02-07,1,3,690
2025-02-07,1,4,272
2025-02-07,1,5,216
2025-02-07,2,1,387
2025-02-07,2,2,308
2025-02-07,2,3,388
2025-02-07,2,4,161
2025-02-07,2,5,131
2025-02-07,3,1,206
2025-02-07,3,2,151
2025-02-07,3,3,216
2025-02-07,3,4,96
2025-02-07,3,5,58
2025-02-07,4,1,517
2025-02-07,4,2,417
2025-02-07,4,3,562
2025-02-07,4,4,232
2025-02-07,4,5,182
2025-02-07,5,1,409
2025-02-07,5,2,365
2025-02-07,5,3,477
2025-02-07,5,4,176
2025-02-07,5,5,149
2025-02-07,6,1,237
2025-02-07,6,2,222
2025-02-07,6,3,295
2025-02-07,6,4,127
2025-02-07,6,5,99
2025-02-07,7,1,287
2025-02-07,7,2,236
2025-02-07,7,3,363
2025-02-07,7,4,134
2025-02-07,7,5,123
2025-02-07,8,1,144
2025-02-07,8,2,140
2025-02-07,8,3,162
2025-02-07,8,4,60
2025-02-07,8,5,63
2025-02-07,9,1,414
2025-02-07,9,2,301
2025-02-07,9,3,422
2025-02-07,9,4,169
2025-02-07,9,5,137
2025-02-07,10,1,188
2025-02-07,10,2,174
2025-02-07,10,3,208
2025-02-07,10,4,88
2025-02-07,10,5,73
2025-02-07,11,1,238
2025-02-07,11,2,208
2025-02-07,11,3,275
2025-02-07,11,4,106
2025-02-07,11,5,91
2025-02-07,12,1,266
2025-02-07,12,2,253
2025-02-07,12,3,344
2025-02-07,12,4,121
2025-02-07,12,5,95
2025-02-07,13,1,350
2025-02-07,13,2,299
2025-02-07,13,3,375
2025-02-07,13,4,164
2025-02-07,13,5,156
2025-02-07,14,1,193
2025-02-07,14,2,189
2025-02-07,14,3,237
2025-02-07,14,4,97
2025-02-07,14,5,82
2025-02-07,15,1,418
2025-02-07,15,2,319
2025-02-07,15,3,432
2025-02-07,15,4,188
2025-02-07,15,5,148
2025-02-07,16,1,250
2025-02-07,16,2,201
2025-02-07,16,3,247
2025-02-07,16,4,114
2025-02-07,16,5,67
2025-02-07,17,1,301
2025-02-07,17,2,281
2025-02-07,17,3,328
2025-02-07,17,4,158
2025-02-07,17,5,144
2025-02-07,18,1,699
2025-02-07,18,2,573
2025-02-07,18,3,740
2025-02-07,18,4,302
2025-02-07,18,5,245
2025-02-07,19,1,324
2025-02-07,19,2,280
2025-02-07,19,3,375
2025-02-07,19,4,150
2025-02-07,19,5,99
2025-02-07,20,1,307
2025-02-07,20,2,311
2025-02-07,20,3,358
2025-02-07,20,4,160
2025-02-07,20,5,129
2025-02-07,21,1,181
2025-02-07,21,2,168
2025-02-07,21,3,223
2025-02-07,21,4,97
2025-02-07,21,5,74
2025-02-07,22,1,305
2025-02-07,22,2,262
2025-02-07,22,3,369
2025-02-07,22,4,169
2025-02-07,22,5,119
2025-02-07,23,1,94
2025-02-07,23,2,94
2025-02-07,23,3,118
2025-02-07,23,4,45
2025-02-07,23,5,36
2025-02-07,24,1,98
2025-02-07,24,2,64
2025-02-07,24,3,94
2025-02-07,24,4,42
2025-02-07,24,5,38
2025-02-07,25,1,239
2025-02-07,25,2,219
2025-02-07,25,3,295
2025-02-07,25,4,136
2025-02-07,25,5,96
2025-02-08,1,1,479
2025-02-08,1,2,407
2025-02-08,1,3,515
2025-02-08,1,4,204
2025-02-08,1,5,191
2025-02-08,2,1,258
2025-02-08,2,2,238
2025-02-08,2,3,316
2025-02-08,2,4,151
2025-02-08,2,5,114
2025-02-08,3,1,126
2025-02-08,3,2,126
2025-02-08,3,3,135
2025-02-08,3,4,66
2025-02-08,3,5,56
2025-02-08,4,1,371
2025-02-08,4,2,341
2025-02-08,4,3,456
2025-02-08,4,4,156
2025-02-08,4,5,158
2025-02-08,5,1,330
2025-02-08,5,2,291
2025-02-08,5,3,378
2025-02-08,5,4,145
2025-02-08,5,5,129
2025-02-08,6,1,196
2025-02-08,6,2,167
2025-02-08,6,3,250
2025-02-08,6,4,107
2025-02-08,6,5,70
2025-02-08,7,1,264
2025-02-08,7,2,237
2025-02-08,7,3,250
2025-02-08,7,4,119
2025-02-08,7,5,73
2025-02-08,8,1,114
2025-02-08,8,2,107
2025-02-08,8,3,131
2025-02-08,8,4,55
2025-02-08,8,5,41
2025-02-08,9,1,287
2025-02-08,9,2,235
2025-02-08,9,3,321
2025-02-08,9,4,138
2025-02-08,9,5,99
2025-02-08,10,1,140
2025-02-08,10,2,111
2025-02-08,10,3,152
2025-02-08,10,4,68
2025-02-08,10,5,68
2025-02-08,11,1,194
2025-02-08,11,2,163
2025-02-08,11,3,203
2025-02-08,11,4,103
2025-02-08,11,5,91
2025-02-08,12,1,238
2025-02-08,12,2,184
2025-02-08,12,3,274
2025-02-08,12,4,109
2025-02-08,12,5,96
2025-02-08,13,1,298
2025-02-08,13,2,259
2025-02-08,13,3,310
2025-02-08,13,4,122
2025-02-08,13,5,126
2025-02-08,14,1,155
2025-02-08,14,2,188
2025-02-08,14,3,190
2025-02-08,14,4,79
2025-02-08,14,5,57
2025-02-08,15,1,304
2025-02-08,15,2,288
2025-02-08,15,3,337
2025-02-08,15,4,145
2025-02-08,15,5,100
2025-02-08,16,1,169
2025-02-08,16,2,149
2025-02-08,16,3,213
2025-02-08,16,4,87
2025-02-08,16,5,69
2025-02-08,17,1,232
2025-02-08,17,2,231
2025-02-08,17,3,267
2025-02-08,17,4,126
2025-02-08,17,5,100
2025-02-08,18,1,524
2025-02-08,18,2,474
2025-02-08,18,3,595
2025-02-08,18,4,213
2025-02-08,18,5,183
2025-02-08,19,1,239
2025-02-08,19,2,252
2025-02-08,19,3,278
2025-02-08,19,4,106
2025-02-08,19,5,113
2025-02-08,20,1,241
2025-02-08,20,2,217
2025-02-08,20,3,295
2025-02-08,20,4,125
2025-02-08,20,5,91
2025-02-08,21,1,141
2025-02-08,21,2,140
2025-02-08,21,3,152
2025-02-08,21,4,59
2025-02-08,21,5,61
2025-02-08,22,1,241
2025-02-08,22,2,197
2025-02-08,22,3,285
2025-02-08,22,4,131
2025-02-08,22,5,102
2025-02-08,23,1,76
2025-02-08,23,2,51
2025-02-08,23,3,84
2025-02-08,23,4,35
2025-02-08,23,5,34
2025-02-08,24,1,65
2025-02-08,24,2,54
2025-02-08,24,3,69
2025-02-08,24,4,36
2025-02-08,24,5,21
2025-02-08,25,1,219
2025-02-08,25,2,170
2025-02-08,25,3,261
2025-02-08,25,4,97
2025-02-08,25,5,72
2025-02-09,1,1,445
2025-02-09,1,2,411
2025-02-09,1,3,512
2025-02-09,1,4,212
2025-02-09,1,5,172
2025-02-09,2,1,294
2025-02-09,2,2,236
2025-02-09,2,3,313
2025-02-09,2,4,129
2025-02-09,2,5,111
2025-02-09,3,1,136
2025-02-09,3,2,133
2025-02-09,3,3,156
2025-02-09,3,4,69
2025-02-09,3,5,61
2025-02-09,4,1,349
2025-02-09,4,2,321
2025-02-09,4,3,388
2025-02-09,4,4,150
2025-02-09,4,5,152
2025-02-09,5,1,311
2025-02-09,5,2,277
2025-02-09,5,3,341
2025-02-09,5,4,129
2025-02-09,5,5,114
2025-02-09,6,1,187
2025-02-09,6,2,153
2025-02-09,6,3,224
2025-02-09,6,4,64
2025-02-09,6,5,75
2025-02-09,7,1,230
2025-02-09,7,2,209
2025-02-09,7,3,243
2025-02-09,7,4,93
2025-02-09,7,5,90
2025-02-09,8,1,114
2025-02-09,8,2,100
2025-02-09,8,3,127
2025-02-09,8,4,52
2025-02-09,8,5,54
2025-02-09,9,1,249
2025-02-09,9,2,251
2025-02-09,9,3,297
2025-02-09,9,4,117
2025-02-09,9,5,104
2025-02-09,10,1,154
2025-02-09,10,2,124
2025-02-09,10,3,161
2025-02-09,10,4,63
2025-02-09,10,5,64
2025-02-09,11,1,175
2025-02-09,11,2,158
2025-02-09,11,3,197
2025-02-09,11,4,80
2025-02-09,11,5,66
2025-02-09,12,1,225
2025-02-09,12,2,189
2025-02-09,12,3,206
2025-02-09,12,4,111
2025-02-09,12,5,78
2025-02-09,13,1,249
2025-02-09,13,2,223
2025-02-09,13,3,310
2025-02-09,13,4,109
2025-02-09,13,5,101
2025-02-09,14,1,187
2025-02-09,14,2,145
2025-02-09,14,3,215
2025-02-09,14,4,93
2025-02-09,14,5,61
2025-02-09,15,1,312
2025-02-09,15,2,247
2025-02-09,15,3,319
2025-02-09,15,4,155
2025-02-09,15,5,98
2025-02-09,16,1,170
2025-02-09,16,2,156
2025-02-09,16,3,203
2025-02-09,16,4,86
2025-02-09,16,5,75
2025-02-09,17,1,221
2025-02-09,17,2,183
2025-02-09,17,3,243
2025-02-09,17,4,98
2025-02-09,17,5,89
2025-02-09,18,1,515
2025-02-09,18,2,440
2025-02-09,18,3,550
2025-02-09,18,4,208
2025-02-09,18,5,182
2025-02-09,19,1,231
2025-02-09,19,2,231
2025-02-09,19,3,280
2025-02-09,19,4,113
2025-02-09,19,5,99
2025-02-09,20,1,255
2025-02-09,20,2,225
2025-02-09,20,3,277
2025-02-09,20,4,112
2025-02-09,20,5,95
2025-02-09,21,1,137
2025-02-09,21,2,109
2025-02-09,21,3,164
2025-02-09,21,4,62
2025-02-09,21,5,57
2025-02-09,22,1,231
2025-02-09,22,2,222
2025-02-09,22,3,256
2025-02-09,22,4,115
2025-02-09,22,5,90
2025-02-09,23,1,70
2025-02-09,23,2,58
2025-02-09,23,3,73
2025-02-09,23,4,33
2025-02-09,23,5,23
2025-02-09,24,1,62
2025-02-09,24,2,48
2025-02-09,24,3,65
2025-02-09,24,4,41
2025-02-09,24,5,15
2025-02-09,25,1,191
2025-02-09,25,2,178
2025-02-09,25,3,211
2025-02-09,25,4,82
2025-02-09,25,5,86
2025-02-10,1,1,657
2025-02-10,1,2,603
2025-02-10,1,3,750
2025-02-10,1,4,294
2025-02-10,1,5,222
2025-02-10,2,1,442
2025-02-10,2,2,394
2025-02-10,2,3,469
2025-02-10,2,4,177
2025-02-10,2,5,147
2025-02-10,3,1,197
2025-02-10,3,2,207
2025-02-10,3,3,205
2025-02-10,3,4,75
2025-02-10,3,5,82
2025-02-10,4,1,554
2025-02-10,4,2,590
2025-02-10,4,3,616
2025-02-10,4,4,274
2025-02-10,4,5,215
2025-02-10,5,1,482
2025-02-10,5,2,466
2025-02-10,5,3,518
2025-02-10,5,4,204
2025-02-10,5,5,171
2025-02-10,6,1,276
2025-02-10,6,2,315
2025-02-10,6,3,304
2025-02-10,6,4,124
2025-02-10,6,5,98
2025-02-10,7,1,312
2025-02-10,7,2,353
2025-02-10,7,3,375
2025-02-10,7,4,146
2025-02-10,7,5,130
2025-02-10,8,1,169
2025-02-10,8,2,149
2025-02-10,8,3,163
2025-02-10,8,4,68
2025-02-10,8,5,73
2025-02-10,9,1,409
2025-02-10,9,2,387
2025-02-10,9,3,481
2025-02-10,9,4,209
2025-02-10,9,5,163
2025-02-10,10,1,197
2025-02-10,10,2,186
2025-02-10,10,3,253
2025-02-10,10,4,96
2025-02-10,10,5,79
2025-02-10,11,1,275
2025-02-10,11,2,253
2025-02-10,11,3,280
2025-02-10,11,4,125
2025-02-10,11,5,111
2025-02-10,12,1,339
2025-02-10,12,2,327
2025-02-10,12,3,383
2025-02-10,12,4,138
2025-02-10,12,5,124
2025-02-10,13,1,384
2025-02-10,13,2,369
2025-02-10,13,3,446
2025-02-10,13,4,215
2025-02-10,13,5,135
2025-02-10,14,1,246
2025-02-10,14,2,246
2025-02-10,14,3,288
2025-02-10,14,4,117
2025-02-10,14,5,107
2025-02-10,15,1,421
2025-02-10,15,2,390
2025-02-10,15,3,449
2025-02-10,15,4,211
2025-02-10,15,5,167
2025-02-10,16,1,281
2025-02-10,16,2,287
2025-02-10,16,3,317
2025-02-10,16,4,144
2025-02-10,16,5,120
2025-02-10,17,1,384
2025-02-10,17,2,307
2025-02-10,17,3,402
2025-02-10,17,4,153
2025-02-10,17,5,132
2025-02-10,18,1,737
2025-02-10,18,2,792
2025-02-10,18,3,838
2025-02-10,18,4,352
2025-02-10,18,5,299
2025-02-10,19,1,356
2025-02-10,19,2,339
2025-02-10,19,3,416
2025-02-10,19,4,146
2025-02-10,19,5,136
2025-02-10,20,1,334
2025-02-10,20,2,374
2025-02-10,20,3,437
2025-02-10,20,4,154
2025-02-10,20,5,153
2025-02-10,21,1,198
2025-02-10,21,2,173
2025-02-10,21,3,247
2025-02-10,21,4,87
2025-02-10,21,5,79
2025-02-10,22,1,365
2025-02-10,22,2,342
2025-02-10,22,3,386
2025-02-10,22,4,163
2025-02-10,22,5,132
2025-02-10,23,1,92
2025-02-10,23,2,88
2025-02-10,23,3,118
2025-02-10,23,4,57
2025-02-10,23,5,43
2025-02-10,24,1,97
2025-02-10,24,2,87
2025-02-10,24,3,110
2025-02-10,24,4,39
2025-02-10,24,5,24
2025-02-10,25,1,267
2025-02-10,25,2,298
2025-02-10,25,3,311
2025-02-10,25,4,132
2025-02-10,25,5,98
2025-02-11,1,1,670
2025-02-11,1,2,658
2025-02-11,1,3,693
2025-02-11,1,4,324
2025-02-11,1,5,240
2025-02-11,2,1,409
2025-02-11,2,2,404
2025-02-11,2,3,451
2025-02-11,2,4,212
2025-02-11,2,5,144
2025-02-11,3,1,208
2025-02-11,3,2,191
2025-02-11,3,3,218
2025-02-11,3,4,85
2025-02-11,3,5,71
2025-02-11,4,1,583
2025-02-11,4,2,556
2025-02-11,4,3,618
2025-02-11,4,4,252
2025-02-11,4,5,221
2025-02-11,5,1,470
2025-02-11,5,2,456
2025-02-11,5,3,520
2025-02-11,5,4,210
2025-02-11,5,5,187
2025-02-11,6,1,292
2025-02-11,6,2,289
2025-02-11,6,3,312
2025-02-11,6,4,134
2025-02-11,6,5,111
2025-02-11,7,1,343
2025-02-11,7,2,341
2025-02-11,7,3,341
2025-02-11,7,4,152
2025-02-11,7,5,114
2025-02-11,8,1,158
2025-02-11,8,2,149
2025-02-11,8,3,179
2025-02-11,8,4,97
2025-02-11,8,5,68
2025-02-11,9,1,371
2025-02-11,9,2,386
2025-02-11,9,3,443
2025-02-11,9,4,160
2025-02-11,9,5,153
2025-02-11,10,1,205
2025-02-11,10,2,199
2025-02-11,10,3,263
2025-02-11,10,4,85
2025-02-11,10,5,67
2025-02-11,11,1,240
2025-02-11,11,2,274
2025-02-11,11,3,307
2025-02-11,11,4,119
2025-02-11,11,5,100
2025-02-11,12,1,345
2025-02-11,12,2,314
2025-02-11,12,3,358
2025-02-11,12,4,144
2025-02-11,12,5,126
2025-02-11,13,1,373
2025-02-11,13,2,364
2025-02-11,13,3,439
2025-02-11,13,4,145
2025-02-11,13,5,152
2025-02-11,14,1,260
2025-02-11,14,2,260
2025-02-11,14,3,255
2025-02-11,14,4,110
2025-02-11,14,5,100
2025-02-11,15,1,447
2025-02-11,15,2,417
2025-02-11,15,3,472
2025-02-11,15,4,207
2025-02-11,15,5,155
2025-02-11,16,1,258
2025-02-11,16,2,241
2025-02-11,16,3,306
2025-02-11,16,4,120
2025-02-11,16,5,101
2025-02-11,17,1,345
2025-02-11,17,2,359
2025-02-11,17,3,402
2025-02-11,17,4,147
2025-02-11,17,5,139
2025-02-11,18,1,742
2025-02-11,18,2,732
2025-02-11,18,3,846
2025-02-11,18,4,381
2025-02-11,18,5,279
2025-02-11,19,1,332
2025-02-11,19,2,346
2025-02-11,19,3,412
2025-02-11,19,4,170
2025-02-11,19,5,143
2025-02-11,20,1,372
2025-02-11,20,2,337
2025-02-11,20,3,386
2025-02-11,20,4,162
2025-02-11,20,5,166
2025-02-11,21,1,194
2025-02-11,21,2,194
2025-02-11,21,3,261
2025-02-11,21,4,116
2025-02-11,21,5,65
2025-02-11,22,1,385
2025-02-11,22,2,326
2025-02-11,22,3,388
2025-02-11,22,4,177
2025-02-11,22,5,163
2025-02-11,23,1,85
2025-02-11,23,2,100
2025-02-11,23,3,120
2025-02-11,23,4,51
2025-02-11,23,5,36
2025-02-11,24,1,87
2025-02-11,24,2,78
2025-02-11,24,3,96
2025-02-11,24,4,47
2025-02-11,24,5,33
2025-02-11,25,1,282
2025-02-11,25,2,290
2025-02-11,25,3,313
2025-02-11,25,4,118
2025-02-11,25,5,101
2025-02-12,1,1,557
2025-02-12,1,2,553
2025-02-12,1,3,636
2025-02-12,1,4,260
2025-02-12,1,5,219
2025-02-12,2,1,374
2025-02-12,2,2,339
2025-02-12,2,3,385
2025-02-12,2,4,155
2025-02-12,2,5,132
2025-02-12,3,1,172
2025-02-12,3,2,172
2025-02-12,3,3,193
2025-02-12,3,4,68
2025-02-12,3,5,66
2025-02-12,4,1,486
2025-02-12,4,2,482
2025-02-12,4,3,562
2025-02-12,4,4,216
2025-02-12,4,5,165
2025-02-12,5,1,397
2025-02-12,5,2,417
2025-02-12,5,3,440
2025-02-12,5,4,182
2025-02-12,5,5,136
2025-02-12,6,1,261
2025-02-12,6,2,251
2025-02-12,6,3,247
2025-02-12,6,4,118
2025-02-12,6,5,95
2025-02-12,7,1,298
2025-02-12,7,2,287
2025-02-12,7,3,369
2025-02-12,7,4,139
2025-02-12,7,5,108
2025-02-12,8,1,132
2025-02-12,8,2,148
2025-02-12,8,3,147
2025-02-12,8,4,52
2025-02-12,8,5,69
2025-02-12,9,1,381
2025-02-12,9,2,312
2025-02-12,9,3,406
2025-02-12,9,4,180
2025-02-12,9,5,116
2025-02-12,10,1,199
2025-02-12,10,2,166
2025-02-12,10,3,228
2025-02-12,10,4,93
2025-02-12,10,5,68
2025-02-12,11,1,253
2025-02-12,11,2,233
2025-02-12,11,3,281
2025-02-12,11,4,114
2025-02-12,11,5,82
2025-02-12,12,1,281
2025-02-12,12,2,286
2025-02-12,12,3,345
2025-02-12,12,4,119
2025-02-12,12,5,110
2025-02-12,13,1,336
2025-02-12,13,2,334
2025-02-12,13,3,362
2025-02-12,13,4,157
2025-02-12,13,5,140
2025-02-12,14,1,237
2025-02-12,14,2,207
2025-02-12,14,3,224
2025-02-12,14,4,97
2025-02-12,14,5,72
2025-02-12,15,1,401
2025-02-12,15,2,358
2025-02-12,15,3,426
2025-02-12,15,4,166
2025-02-12,15,5,140
2025-02-12,16,1,250
2025-02-12,16,2,223
2025-02-12,16,3,277
2025-02-12,16,4,104
2025-02-12,16,5,85
2025-02-12,17,1,254
2025-02-12,17,2,288
2025-02-12,17,3,331
2025-02-12,17,4,141
2025-02-12,17,5,118
2025-02-12,18,1,577
2025-02-12,18,2,644
2025-02-12,18,3,709
2025-02-12,18,4,347
2025-02-12,18,5,230
2025-02-12,19,1,297
2025-02-12,19,2,328
2025-02-12,19,3,351
2025-02-12,19,4,139
2025-02-12,19,5,107
2025-02-12,20,1,330
2025-02-12,20,2,321
2025-02-12,20,3,343
2025-02-12,20,4,140
2025-02-12,20,5,122
2025-02-12,21,1,182
2025-02-12,21,2,173
2025-02-12,21,3,216
2025-02-12,21,4,75
2025-02-12,21,5,82
2025-02-12,22,1,343
2025-02-12,22,2,328
2025-02-12,22,3,330
2025-02-12,22,4,154
2025-02-12,22,5,113
2025-02-12,23,1,94
2025-02-12,23,2,82
2025-02-12,23,3,105
2025-02-12,23,4,43
2025-02-12,23,5,36
2025-02-12,24,1,73
2025-02-12,24,2,74
2025-02-12,24,3,91
2025-02-12,24,4,41
2025-02-12,24,5,32
2025-02-12,25,1,251
2025-02-12,25,2,243
2025-02-12,25,3,241
2025-02-12,25,4,109
2025-02-12,25,5,86
2025-02-13,1,1,561
2025-02-13,1,2,518
2025-02-13,1,3,673
2025-02-13,1,4,258
2025-02-13,1,5,213
2025-02-13,2,1,334
2025-02-13,2,2,308
2025-02-13,2,3,384
2025-02-13,2,4,161
2025-02-13,2,5,121
2025-02-13,3,1,199
2025-02-13,3,2,137
2025-02-13,3,3,185
2025-02-13,3,4,84
2025-02-13,3,5,68
2025-02-13,4,1,494
2025-02-13,4,2,427
2025-02-13,4,3,541
2025-02-13,4,4,224
2025-02-13,4,5,197
2025-02-13,5,1,404
2025-02-13,5,2,405
2025-02-13,5,3,482
2025-02-13,5,4,182
2025-02-13,5,5,131
2025-02-13,6,1,258
2025-02-13,6,2,244
2025-02-13,6,3,296
2025-02-13,6,4,122
2025-02-13,6,5,89
2025-02-13,7,1,309
2025-02-13,7,2,255
2025-02-13,7,3,304
2025-02-13,7,4,124
2025-02-13,7,5,106
2025-02-13,8,1,150
2025-02-13,8,2,112
2025-02-13,8,3,150
2025-02-13,8,4,69
2025-02-13,8,5,44
2025-02-13,9,1,368
2025-02-13,9,2,284
2025-02-13,9,3,349
2025-02-13,9,4,148
2025-02-13,9,5,131
2025-02-13,10,1,146
2025-02-13,10,2,145
2025-02-13,10,3,198
2025-02-13,10,4,83
2025-02-13,10,5,75
2025-02-13,11,1,231
2025-02-13,11,2,249
2025-02-13,11,3,220
2025-02-13,11,4,111
2025-02-13,11,5,98
2025-02-13,12,1,264
2025-02-13,12,2,249
2025-02-13,12,3,321
2025-02-13,12,4,122
2025-02-13,12,5,99
2025-02-13,13,1,332
2025-02-13,13,2,291
2025-02-13,13,3,402
2025-02-13,13,4,153
2025-02-13,13,5,124
2025-02-13,14,1,214
2025-02-13,14,2,201
2025-02-13,14,3,216
2025-02-13,14,4,95
2025-02-13,14,5,75
2025-02-13,15,1,341
2025-02-13,15,2,288
2025-02-13,15,3,384
2025-02-13,15,4,154
2025-02-13,15,5,133
2025-02-13,16,1,233
2025-02-13,16,2,195
2025-02-13,16,3,256
2025-02-13,16,4,97
2025-02-13,16,5,85
2025-02-13,17,1,308
2025-02-13,17,2,270
2025-02-13,17,3,333
2025-02-13,17,4,159
2025-02-13,17,5,110
2025-02-13,18,1,667
2025-02-13,18,2,573
2025-02-13,18,3,781
2025-02-13,18,4,293
2025-02-13,18,5,201
2025-02-13,19,1,321
2025-02-13,19,2,272
2025-02-13,19,3,326
2025-02-13,19,4,135
2025-02-13,19,5,126
2025-02-13,20,1,319
2025-02-13,20,2,250
2025-02-13,20,3,364
2025-02-13,20,4,128
2025-02-13,20,5,124
2025-02-13,21,1,176
2025-02-13,21,2,150
2025-02-13,21,3,216
2025-02-13,21,4,82
2025-02-13,21,5,68
2025-02-13,22,1,317
2025-02-13,22,2,257
2025-02-13,22,3,317
2025-02-13,22,4,172
2025-02-13,22,5,116
2025-02-13,23,1,89
2025-02-13,23,2,72
2025-02-13,23,3,92
2025-02-13,23,4,41
2025-02-13,23,5,30
2025-02-13,24,1,80
2025-02-13,24,2,70
2025-02-13,24,3,71
2025-02-13,24,4,34
2025-02-13,24,5,35
2025-02-13,25,1,219
2025-02-13,25,2,214
2025-02-13,25,3,278
2025-02-13,25,4,108
2025-02-13,25,5,96
2025-02-14,1,1,522
2025-02-14,1,2,477
2025-02-14,1,3,680
2025-02-14,1,4,250
2025-02-14,1,5,205
2025-02-14,2,1,387
2025-02-14,2,2,303
2025-02-14,2,3,409
2025-02-14,2,4,150
2025-02-14,2,5,110
2025-02-14,3,1,188
2025-02-14,3,2,176
2025-02-14,3,3,200
2025-02-14,3,4,81
2025-02-14,3,5,70
2025-02-14,4,1,515
2025-02-14,4,2,474
2025-02-14,4,3,595
2025-02-14,4,4,241
2025-02-14,4,5,190
2025-02-14,5,1,454
2025-02-14,5,2,361
2025-02-14,5,3,491
2025-02-14,5,4,165
2025-02-14,5,5,152
2025-02-14,6,1,254
2025-02-14,6,2,211
2025-02-14,6,3,269
2025-02-14,6,4,110
2025-02-14,6,5,89
2025-02-14,7,1,318
2025-02-14,7,2,289
2025-02-14,7,3,335
2025-02-14,7,4,121
2025-02-14,7,5,114
2025-02-14,8,1,152
2025-02-14,8,2,119
2025-02-14,8,3,166
2025-02-14,8,4,63
2025-02-14,8,5,61
2025-02-14,9,1,370
2025-02-14,9,2,313
2025-02-14,9,3,417
2025-02-14,9,4,168
2025-02-14,9,5,130
2025-02-14,10,1,214
2025-02-14,10,2,178
2025-02-14,10,3,217
2025-02-14,10,4,89
2025-02-14,10,5,71
2025-02-14,11,1,228
2025-02-14,11,2,209
2025-02-14,11,3,267
2025-02-14,11,4,124
2025-02-14,11,5,105
2025-02-14,12,1,295
2025-02-14,12,2,237
2025-02-14,12,3,306
2025-02-14,12,4,138
2025-02-14,12,5,111
2025-02-14,13,1,367
2025-02-14,13,2,292
2025-02-14,13,3,422
2025-02-14,13,4,159
2025-02-14,13,5,160
2025-02-14,14,1,216
2025-02-14,14,2,191
2025-02-14,14,3,303
2025-02-14,14,4,103
2025-02-14,14,5,82
2025-02-14,15,1,399
2025-02-14,15,2,342
2025-02-14,15,3,419
2025-02-14,15,4,200
2025-02-14,15,5,149
2025-02-14,16,1,246
2025-02-14,16,2,206
2025-02-14,16,3,288
2025-02-14,16,4,110
2025-02-14,16,5,96
2025-02-14,17,1,309
2025-02-14,17,2,288
2025-02-14,17,3,358
2025-02-14,17,4,120
2025-02-14,17,5,127
2025-02-14,18,1,649
2025-02-14,18,2,579
2025-02-14,18,3,764
2025-02-14,18,4,289
2025-02-14,18,5,239
2025-02-14,19,1,323
2025-02-14,19,2,300
2025-02-14,19,3,365
2025-02-14,19,4,138
2025-02-14,19,5,131
2025-02-14,20,1,313
2025-02-14,20,2,292
2025-02-14,20,3,379
2025-02-14,20,4,171
2025-02-14,20,5,116
2025-02-14,21,1,178
2025-02-14,21,2,178
2025-02-14,21,3,193
2025-02-14,21,4,83
2025-02-14,21,5,71
2025-02-14,22,1,303
2025-02-14,22,2,291
2025-02-14,22,3,350
2025-02-14,22,4,153
2025-02-14,22,5,108
2025-02-14,23,1,85
2025-02-14,23,2,71
2025-02-14,23,3,91
2025-02-14,23,4,35
2025-02-14,23,5,29
2025-02-14,24,1,74
2025-02-14,24,2,68
2025-02-14,24,3,88
2025-02-14,24,4,34
2025-02-14,24,5,31
2025-02-14,25,1,264
2025-02-14,25,2,226
2025-02-14,25,3,289
2025-02-14,25,4,110
2025-02-14,25,5,105
2025-02-15,1,1,516
2025-02-15,1,2,401
2025-02-15,1,3,515
2025-02-15,1,4,208
2025-02-15,1,5,157
2025-02-15,2,1,280
2025-02-15,2,2,231
2025-02-15,2,3,335
2025-02-15,2,4,148
2025-02-15,2,5,117
2025-02-15,3,1,137
2025-02-15,3,2,139
2025-02-15,3,3,160
2025-02-15,3,4,66
2025-02-15,3,5,49
2025-02-15,4,1,427
2025-02-15,4,2,364
2025-02-15,4,3,417
2025-02-15,4,4,176
2025-02-15,4,5,158
2025-02-15,5,1,323
2025-02-15,5,2,295
2025-02-15,5,3,378
2025-02-15,5,4,115
2025-02-15,5,5,125
2025-02-15,6,1,218
2025-02-15,6,2,171
2025-02-15,6,3,250
2025-02-15,6,4,108
2025-02-15,6,5,69
2025-02-15,7,1,253
2025-02-15,7,2,210
2025-02-15,7,3,263
2025-02-15,7,4,97
2025-02-15,7,5,101
2025-02-15,8,1,115
2025-02-15,8,2,109
2025-02-15,8,3,129
2025-02-15,8,4,49
2025-02-15,8,5,27
2025-02-15,9,1,276
2025-02-15,9,2,252
2025-02-15,9,3,354
2025-02-15,9,4,123
2025-02-15,9,5,115
2025-02-15,10,1,140
2025-02-15,10,2,117
2025-02-15,10,3,189
2025-02-15,10,4,68
2025-02-15,10,5,47
2025-02-15,11,1,213
2025-02-15,11,2,174
2025-02-15,11,3,216
2025-02-15,11,4,79
2025-02-15,11,5,73
2025-02-15,12,1,234
2025-02-15,12,2,213
2025-02-15,12,3,273
2025-02-15,12,4,117
2025-02-15,12,5,87
2025-02-15,13,1,268
2025-02-15,13,2,225
2025-02-15,13,3,284
2025-02-15,13,4,126
2025-02-15,13,5,108
2025-02-15,14,1,175
2025-02-15,14,2,144
2025-02-15,14,3,215
2025-02-15,14,4,78
2025-02-15,14,5,49
2025-02-15,15,1,313
2025-02-15,15,2,267
2025-02-15,15,3,324
2025-02-15,15,4,145
2025-02-15,15,5,96
2025-02-15,16,1,184
2025-02-15,16,2,174
2025-02-15,16,3,226
2025-02-15,16,4,94
2025-02-15,16,5,77
2025-02-15,17,1,250
2025-02-15,17,2,205
2025-02-15,17,3,281
2025-02-15,17,4,89
2025-02-15,17,5,75
2025-02-15,18,1,532
2025-02-15,18,2,500
2025-02-15,18,3,580
2025-02-15,18,4,250
2025-02-15,18,5,209
2025-02-15,19,1,270
2025-02-15,19,2,224
2025-02-15,19,3,292
2025-02-15,19,4,145
2025-02-15,19,5,91
2025-02-15,20,1,292
2025-02-15,20,2,225
2025-02-15,20,3,328
2025-02-15,20,4,116
2025-02-15,20,5,99
2025-02-15,21,1,153
2025-02-15,21,2,103
2025-02-15,21,3,173
2025-02-15,21,4,63
2025-02-15,21,5,63
2025-02-15,22,1,248
2025-02-15,22,2,218
2025-02-15,22,3,306
2025-02-15,22,4,111
2025-02-15,22,5,89
2025-02-15,23,1,79
2025-02-15,23,2,67
2025-02-15,23,3,81
2025-02-15,23,4,35
2025-02-15,23,5,21
2025-02-15,24,1,53
2025-02-15,24,2,61
2025-02-15,24,3,76
2025-02-15,24,4,30
2025-02-15,24,5,18
2025-02-15,25,1,228
2025-02-15,25,2,178
2025-02-15,25,3,247
2025-02-15,25,4,89
2025-02-15,25,5,75
2025-02-16,1,1,442
2025-02-16,1,2,395
2025-02-16,1,3,528
2025-02-16,1,4,208
2025-02-16,1,5,157
2025-02-16,2,1,290
2025-02-16,2,2,228
2025-02-16,2,3,277
2025-02-16,2,4,135
2025-02-16,2,5,87
2025-02-16,3,1,147
2025-02-16,3,2,106
2025-02-16,3,3,139
2025-02-16,3,4,61
2025-02-16,3,5,51
2025-02-16,4,1,392
2025-02-16,4,2,312
2025-02-16,4,3,430
2025-02-16,4,4,158
2025-02-16,4,5,131
2025-02-16,5,1,327
2025-02-16,5,2,263
2025-02-16,5,3,325
2025-02-16,5,4,142
2025-02-16,5,5,106
2025-02-16,6,1,195
2025-02-16,6,2,162
2025-02-16,6,3,219
2025-02-16,6,4,93
2025-02-16,6,5,74
2025-02-16,7,1,234
2025-02-16,7,2,197
2025-02-16,7,3,261
2025-02-16,7,4,111
2025-02-16,7,5,101
2025-02-16,8,1,108
2025-02-16,8,2,82
2025-02-16,8,3,126
2025-02-16,8,4,51
2025-02-16,8,5,42
2025-02-16,9,1,312
2025-02-16,9,2,227
2025-02-16,9,3,328
2025-02-16,9,4,117
2025-02-16,9,5,114
2025-02-16,10,1,123
2025-02-16,10,2,128
2025-02-16,10,3,152
2025-02-16,10,4,51
2025-02-16,10,5,52
2025-02-16,11,1,206
2025-02-16,11,2,157
2025-02-16,11,3,203
2025-02-16,11,4,89
2025-02-16,11,5,59
2025-02-16,12,1,226
2025-02-16,12,2,214
2025-02-16,12,3,242
2025-02-16,12,4,98
2025-02-16,12,5,75
2025-02-16,13,1,277
2025-02-16,13,2,252
2025-02-16,13,3,287
2025-02-16,13,4,104
2025-02-16,13,5,86
2025-02-16,14,1,157
2025-02-16,14,2,166
2025-02-16,14,3,188
2025-02-16,14,4,91
2025-02-16,14,5,61
2025-02-16,15,1,272
2025-02-16,15,2,226
2025-02-16,15,3,352
2025-02-16,15,4,133
2025-02-16,15,5,90
2025-02-16,16,1,178
2025-02-16,16,2,155
2025-02-16,16,3,177
2025-02-16,16,4,93
2025-02-16,16,5,60
2025-02-16,17,1,232
2025-02-16,17,2,189
2025-02-16,17,3,294
2025-02-16,17,4,96
2025-02-16,17,5,82
2025-02-16,18,1,531
2025-02-16,18,2,415
2025-02-16,18,3,568
2025-02-16,18,4,215
2025-02-16,18,5,197
2025-02-16,19,1,222
2025-02-16,19,2,226
2025-02-16,19,3,265
2025-02-16,19,4,113
2025-02-16,19,5,99
2025-02-16,20,1,290
2025-02-16,20,2,253
2025-02-16,20,3,274
2025-02-16,20,4,131
2025-02-16,20,5,86
2025-02-16,21,1,141
2025-02-16,21,2,117
2025-02-16,21,3,161
2025-02-16,21,4,65
2025-02-16,21,5,48
2025-02-16,22,1,247
2025-02-16,22,2,219
2025-02-16,22,3,285
2025-02-16,22,4,98
2025-02-16,22,5,106
2025-02-16,23,1,72
2025-02-16,23,2,54
2025-02-16,23,3,78
2025-02-16,23,4,39
2025-02-16,23,5,18
2025-02-16,24,1,54
2025-02-16,24,2,51
2025-02-16,24,3,66
2025-02-16,24,4,32
2025-02-16,24,5,27
2025-02-16,25,1,199
2025-02-16,25,2,138
2025-02-16,25,3,216
2025-02-16,25,4,87
2025-02-16,25,5,72
2025-02-17,1,1,619
2025-02-17,1,2,642
2025-02-17,1,3,738
2025-02-17,1,4,286
2025-02-17,1,5,256
2025-02-17,2,1,424
2025-02-17,2,2,436
2025-02-17,2,3,463
2025-02-17,2,4,192
2025-02-17,2,5,139
2025-02-17,3,1,188
2025-02-17,3,2,188
2025-02-17,3,3,221
2025-02-17,3,4,87
2025-02-17,3,5,66
2025-02-17,4,1,540
2025-02-17,4,2,492
2025-02-17,4,3,590
2025-02-17,4,4,234
2025-02-17,4,5,222
2025-02-17,5,1,471
2025-02-17,5,2,445
2025-02-17,5,3,542
2025-02-17,5,4,198
2025-02-17,5,5,189
2025-02-17,6,1,290
2025-02-17,6,2,266
2025-02-17,6,3,339
2025-02-17,6,4,123
2025-02-17,6,5,123
2025-02-17,7,1,335
2025-02-17,7,2,354
2025-02-17,7,3,357
2025-02-17,7,4,146
2025-02-17,7,5,123
2025-02-17,8,1,176
2025-02-17,8,2,177
2025-02-17,8,3,184
2025-02-17,8,4,75
2025-02-17,8,5,48
2025-02-17,9,1,446
2025-02-17,9,2,404
2025-02-17,9,3,462
2025-02-17,9,4,196
2025-02-17,9,5,162
2025-02-17,10,1,199
2025-02-17,10,2,189
2025-02-17,10,3,211
2025-02-17,10,4,86
2025-02-17,10,5,79
2025-02-17,11,1,282
2025-02-17,11,2,269
2025-02-17,11,3,333
2025-02-17,11,4,137
2025-02-17,11,5,103
2025-02-17,12,1,322
2025-02-17,12,2,340
2025-02-17,12,3,360
2025-02-17,12,4,163
2025-02-17,12,5,137
2025-02-17,13,1,393
2025-02-17,13,2,365
2025-02-17,13,3,420
2025-02-17,13,4,177
2025-02-17,13,5,169
2025-02-17,14,1,259
2025-02-17,14,2,233
2025-02-17,14,3,302
2025-02-17,14,4,111
2025-02-17,14,5,94
2025-02-17,15,1,408
2025-02-17,15,2,399
2025-02-17,15,3,511
2025-02-17,15,4,204
2025-02-17,15,5,174
2025-02-17,16,1,257
2025-02-17,16,2,251
2025-02-17,16,3,296
2025-02-17,16,4,115
2025-02-17,16,5,103
2025-02-17,17,1,342
2025-02-17,17,2,332
2025-02-17,17,3,396
2025-02-17,17,4,140
2025-02-17,17,5,113
2025-02-17,18,1,745
2025-02-17,18,2,749
2025-02-17,18,3,840
2025-02-17,18,4,400
2025-02-17,18,5,284
2025-02-17,19,1,378
2025-02-17,19,2,320
2025-02-17,19,3,384
2025-02-17,19,4,177
2025-02-17,19,5,134
2025-02-17,20,1,375
2025-02-17,20,2,397
2025-02-17,20,3,449
2025-02-17,20,4,150
2025-02-17,20,5,143
2025-02-17,21,1,200
2025-02-17,21,2,186
2025-02-17,21,3,209
2025-02-17,21,4,88
2025-02-17,21,5,75
2025-02-17,22,1,373
2025-02-17,22,2,353
2025-02-17,22,3,360
2025-02-17,22,4,191
2025-02-17,22,5,151
2025-02-17,23,1,122
2025-02-17,23,2,86
2025-02-17,23,3,111
2025-02-17,23,4,46
2025-02-17,23,5,34
2025-02-17,24,1,106
2025-02-17,24,2,89
2025-02-17,24,3,116
2025-02-17,24,4,42
2025-02-17,24,5,43
2025-02-17,25,1,290
2025-02-17,25,2,286
2025-02-17,25,3,302
2025-02-17,25,4,133
2025-02-17,25,5,100
2025-02-18,1,1,633
2025-02-18,1,2,639
2025-02-18,1,3,790
2025-02-18,1,4,324
2025-02-18,1,5,240
2025-02-18,2,1,386
2025-02-18,2,2,396
2025-02-18,2,3,432
2025-02-18,2,4,144
2025-02-18,2,5,132
2025-02-18,3,1,159
2025-02-18,3,2,190
2025-02-18,3,3,208
2025-02-18,3,4,98
2025-02-18,3,5,50
2025-02-18,4,1,500
2025-02-18,4,2,467
2025-02-18,4,3,567
2025-02-18,4,4,239
2025-02-18,4,5,212
2025-02-18,5,1,429
2025-02-18,5,2,431
2025-02-18,5,3,492
2025-02-18,5,4,192
2025-02-18,5,5,159
2025-02-18,6,1,298
2025-02-18,6,2,291
2025-02-18,6,3,284
2025-02-18,6,4,117
2025-02-18,6,5,104
2025-02-18,7,1,305
2025-02-18,7,2,326
2025-02-18,7,3,372
2025-02-18,7,4,153
2025-02-18,7,5,115
2025-02-18,8,1,144
2025-02-18,8,2,161
2025-02-18,8,3,183
2025-02-18,8,4,72
2025-02-18,8,5,62
2025-02-18,9,1,359
2025-02-18,9,2,369
2025-02-18,9,3,419
2025-02-18,9,4,184
2025-02-18,9,5,140
2025-02-18,10,1,176
2025-02-18,10,2,180
2025-02-18,10,3,222
2025-02-18,10,4,91
2025-02-18,10,5,69
2025-02-18,11,1,257
2025-02-18,11,2,287
2025-02-18,11,3,318
2025-02-18,11,4,126
2025-02-18,11,5,106
2025-02-18,12,1,280
2025-02-18,12,2,339
2025-02-18,12,3,337
2025-02-18,12,4,137
2025-02-18,12,5,121
2025-02-18,13,1,364
2025-02-18,13,2,381
2025-02-18,13,3,407
2025-02-18,13,4,164
2025-02-18,13,5,146
2025-02-18,14,1,244
2025-02-18,14,2,243
2025-02-18,14,3,258
2025-02-18,14,4,119
2025-02-18,14,5,75
2025-02-18,15,1,430
2025-02-18,15,2,375
2025-02-18,15,3,442
2025-02-18,15,4,171
2025-02-18,15,5,140
2025-02-18,16,1,240
2025-02-18,16,2,252
2025-02-18,16,3,284
2025-02-18,16,4,109
2025-02-18,16,5,87
2025-02-18,17,1,333
2025-02-18,17,2,296
2025-02-18,17,3,336
2025-02-18,17,4,140
2025-02-18,17,5,116
2025-02-18,18,1,745
2025-02-18,18,2,666
2025-02-18,18,3,764
2025-02-18,18,4,314
2025-02-18,18,5,302
2025-02-18,19,1,356
2025-02-18,19,2,342
2025-02-18,19,3,412
2025-02-18,19,4,163
2025-02-18,19,5,143
2025-02-18,20,1,373
2025-02-18,20,2,359
2025-02-18,20,3,427
2025-02-18,20,4,183
2025-02-18,20,5,136
2025-02-18,21,1,186
2025-02-18,21,2,185
2025-02-18,21,3,217
2025-02-18,21,4,88
2025-02-18,21,5,87
2025-02-18,22,1,348
2025-02-18,22,2,328
2025-02-18,22,3,369
2025-02-18,22,4,159
2025-02-18,22,5,149
2025-02-18,23,1,85
2025-02-18,23,2,72
2025-02-18,23,3,115
2025-02-18,23,4,57
2025-02-18,23,5,41
2025-02-18,24,1,89
2025-02-18,24,2,80
2025-02-18,24,3,81
2025-02-18,24,4,31
2025-02-18,24,5,35
2025-02-18,25,1,226
2025-02-18,25,2,250
2025-02-18,25,3,313
2025-02-18,25,4,120
2025-02-18,25,5,112
2025-02-19,1,1,601
2025-02-19,1,2,550
2025-02-19,1,3,671
2025-02-19,1,4,250
2025-02-19,1,5,191
2025-02-19,2,1,376
2025-02-19,2,2,366
2025-02-19,2,3,400
2025-02-19,2,4,161
2025-02-19,2,5,126
2025-02-19,3,1,175
2025-02-19,3,2,153
2025-02-19,3,3,187
2025-02-19,3,4,89
2025-02-19,3,5,74
2025-02-19,4,1,481
2025-02-19,4,2,472
2025-02-19,4,3,506
2025-02-19,4,4,231
2025-02-19,4,5,166
2025-02-19,5,1,435
2025-02-19,5,2,351
2025-02-19,5,3,482
2025-02-19,5,4,196
2025-02-19,5,5,165
2025-02-19,6,1,246
2025-02-19,6,2,263
2025-02-19,6,3,269
2025-02-19,6,4,128
2025-02-19,6,5,94
2025-02-19,7,1,305
2025-02-19,7,2,286
2025-02-19,7,3,303
2025-02-19,7,4,139
2025-02-19,7,5,101
2025-02-19,8,1,128
2025-02-19,8,2,134
2025-02-19,8,3,152
2025-02-19,8,4,75
2025-02-19,8,5,48
2025-02-19,9,1,341
2025-02-19,9,2,351
2025-02-19,9,3,395
2025-02-19,9,4,159
2025-02-19,9,5,148
2025-02-19,10,1,206
2025-02-19,10,2,180
2025-02-19,10,3,204
2025-02-19,10,4,78
2025-02-19,10,5,75
2025-02-19,11,1,278
2025-02-19,11,2,238
2025-02-19,11,3,265
2025-02-19,11,4,106
2025-02-19,11,5,112
2025-02-19,12,1,276
2025-02-19,12,2,313
2025-02-19,12,3,338
2025-02-19,12,4,150
2025-02-19,12,5,99
2025-02-19,13,1,352
2025-02-19,13,2,312
2025-02-19,13,3,398
2025-02-19,13,4,134
2025-02-19,13,5,119
2025-02-19,14,1,214
2025-02-19,14,2,194
2025-02-19,14,3,251
2025-02-19,14,4,105
2025-02-19,14,5,91
2025-02-19,15,1,382
2025-02-19,15,2,330
2025-02-19,15,3,406
2025-02-19,15,4,164
2025-02-19,15,5,131
2025-02-19,16,1,204
2025-02-19,16,2,227
2025-02-19,16,3,234
2025-02-19,16,4,109
2025-02-19,16,5,78
2025-02-19,17,1,317
2025-02-19,17,2,297
2025-02-19,17,3,327
2025-02-19,17,4,135
2025-02-19,17,5,89
2025-02-19,18,1,676
2025-02-19,18,2,616
2025-02-19,18,3,724
2025-02-19,18,4,301
2025-02-19,18,5,242
2025-02-19,19,1,308
2025-02-19,19,2,317
2025-02-19,19,3,371
2025-02-19,19,4,143
2025-02-19,19,5,115
2025-02-19,20,1,343
2025-02-19,20,2,329
2025-02-19,20,3,366
2025-02-19,20,4,155
2025-02-19,20,5,119
2025-02-19,21,1,195
2025-02-19,21,2,172
2025-02-19,21,3,225
2025-02-19,21,4,76
2025-02-19,21,5,65
2025-02-19,22,1,328
2025-02-19,22,2,310
2025-02-19,22,3,320
2025-02-19,22,4,138
2025-02-19,22,5,134
2025-02-19,23,1,85
2025-02-19,23,2,72
2025-02-19,23,3,91
2025-02-19,23,4,54
2025-02-19,23,5,23
2025-02-19,24,1,64
2025-02-19,24,2,77
2025-02-19,24,3,87
2025-02-19,24,4,37
2025-02-19,24,5,25
2025-02-19,25,1,257
2025-02-19,25,2,253
2025-02-19,25,3,299
2025-02-19,25,4,118
2025-02-19,25,5,111
2025-02-20,1,1,581
2025-02-20,1,2,467
2025-02-20,1,3,607
2025-02-20,1,4,255
2025-02-20,1,5,183
2025-02-20,2,1,355
2025-02-20,2,2,327
2025-02-20,2,3,388
2025-02-20,2,4,162
2025-02-20,2,5,142
2025-02-20,3,1,181
2025-02-20,3,2,166
2025-02-20,3,3,195
2025-02-20,3,4,105
2025-02-20,3,5,65
2025-02-20,4,1,458
2025-02-20,4,2,430
2025-02-20,4,3,576
2025-02-20,4,4,242
2025-02-20,4,5,198
2025-02-20,5,1,422
2025-02-20,5,2,343
2025-02-20,5,3,443
2025-02-20,5,4,201
2025-02-20,5,5,159
2025-02-20,6,1,248
2025-02-20,6,2,211
2025-02-20,6,3,262
2025-02-20,6,4,118
2025-02-20,6,5,93
2025-02-20,7,1,292
2025-02-20,7,2,249
2025-02-20,7,3,341
2025-02-20,7,4,138
2025-02-20,7,5,118
2025-02-20,8,1,131
2025-02-20,8,2,112
2025-02-20,8,3,160
2025-02-20,8,4,57
2025-02-20,8,5,62
2025-02-20,9,1,421
2025-02-20,9,2,283
2025-02-20,9,3,399
2025-02-20,9,4,163
2025-02-20,9,5,130
2025-02-20,10,1,165
2025-02-20,10,2,146
2025-02-20,10,3,184
2025-02-20,10,4,88
2025-02-20,10,5,47
2025-02-20,11,1,232
2025-02-20,11,2,227
2025-02-20,11,3,254
2025-02-20,11,4,111
2025-02-20,11,5,88
2025-02-20,12,1,249
2025-02-20,12,2,261
2025-02-20,12,3,331
2025-02-20,12,4,119
2025-02-20,12,5,103
2025-02-20,13,1,317
2025-02-20,13,2,281
2025-02-20,13,3,351
2025-02-20,13,4,144
2025-02-20,13,5,121
2025-02-20,14,1,232
2025-02-20,14,2,181
2025-02-20,14,3,249
2025-02-20,14,4,110
2025-02-20,14,5,94
2025-02-20,15,1,361
2025-02-20,15,2,303
2025-02-20,15,3,455
2025-02-20,15,4,154
2025-02-20,15,5,124
2025-02-20,16,1,259
2025-02-20,16,2,202
2025-02-20,16,3,267
2025-02-20,16,4,97
2025-02-20,16,5,97
2025-02-20,17,1,299
2025-02-20,17,2,236
2025-02-20,17,3,354
2025-02-20,17,4,131
2025-02-20,17,5,110
2025-02-20,18,1,644
2025-02-20,18,2,584
2025-02-20,18,3,707
2025-02-20,18,4,310
2025-02-20,18,5,234
2025-02-20,19,1,319
2025-02-20,19,2,284
2025-02-20,19,3,327
2025-02-20,19,4,154
2025-02-20,19,5,108
2025-02-20,20,1,344
2025-02-20,20,2,258
2025-02-20,20,3,384
2025-02-20,20,4,137
2025-02-20,20,5,128
2025-02-20,21,1,172
2025-02-20,21,2,126
2025-02-20,21,3,219
2025-02-20,21,4,72
2025-02-20,21,5,64
2025-02-20,22,1,337
2025-02-20,22,2,271
2025-02-20,22,3,369
2025-02-20,22,4,154
2025-02-20,22,5,113
2025-02-20,23,1,98
2025-02-20,23,2,81
2025-02-20,23,3,103
2025-02-20,23,4,43
2025-02-20,23,5,28
2025-02-20,24,1,76
2025-02-20,24,2,63
2025-02-20,24,3,91
2025-02-20,24,4,33
2025-02-20,24,5,24
2025-02-20,25,1,281
2025-02-20,25,2,220
2025-02-20,25,3,280
2025-02-20,25,4,129
2025-02-20,25,5,104
2025-02-21,1,1,628
2025-02-21,1,2,549
2025-02-21,1,3,713
2025-02-21,1,4,282
2025-02-21,1,5,219
2025-02-21,2,1,403
2025-02-21,2,2,314
2025-02-21,2,3,460
2025-02-21,2,4,197
2025-02-21,2,5,157
2025-02-21,3,1,168
2025-02-21,3,2,171
2025-02-21,3,3,214
2025-02-21,3,4,92
2025-02-21,3,5,74
2025-02-21,4,1,536
2025-02-21,4,2,416
2025-02-21,4,3,585
2025-02-21,4,4,242
2025-02-21,4,5,179
2025-02-21,5,1,425
2025-02-21,5,2,362
2025-02-21,5,3,468
2025-02-21,5,4,197
2025-02-21,5,5,154
2025-02-21,6,1,264
2025-02-21,6,2,226
2025-02-21,6,3,285
2025-02-21,6,4,111
2025-02-21,6,5,107
2025-02-21,7,1,316
2025-02-21,7,2,247
2025-02-21,7,3,358
2025-02-21,7,4,133
2025-02-21,7,5,121
2025-02-21,8,1,161
2025-02-21,8,2,113
2025-02-21,8,3,169
2025-02-21,8,4,65
2025-02-21,8,5,57
2025-02-21,9,1,389
2025-02-21,9,2,321
2025-02-21,9,3,448
2025-02-21,9,4,196
2025-02-21,9,5,131
2025-02-21,10,1,202
2025-02-21,10,2,165
2025-02-21,10,3,226
2025-02-21,10,4,75
2025-02-21,10,5,82
2025-02-21,11,1,243
2025-02-21,11,2,237
2025-02-21,11,3,320
2025-02-21,11,4,107
2025-02-21,11,5,105
2025-02-21,12,1,306
2025-02-21,12,2,252
2025-02-21,12,3,303
2025-02-21,12,4,145
2025-02-21,12,5,127
2025-02-21,13,1,381
2025-02-21,13,2,316
2025-02-21,13,3,432
2025-02-21,13,4,146
2025-02-21,13,5,138
2025-02-21,14,1,228
2025-02-21,14,2,208
2025-02-21,14,3,258
2025-02-21,14,4,122
2025-02-21,14,5,85
2025-02-21,15,1,437
2025-02-21,15,2,385
2025-02-21,15,3,434
2025-02-21,15,4,200
2025-02-21,15,5,148
2025-02-21,16,1,260
2025-02-21,16,2,221
2025-02-21,16,3,276
2025-02-21,16,4,99
2025-02-21,16,5,99
2025-02-21,17,1,358
2025-02-21,17,2,313
2025-02-21,17,3,348
2025-02-21,17,4,153
2025-02-21,17,5,101
2025-02-21,18,1,732
2025-02-21,18,2,560
2025-02-21,18,3,799
2025-02-21,18,4,316
2025-02-21,18,5,267
2025-02-21,19,1,342
2025-02-21,19,2,330
2025-02-21,19,3,410
2025-02-21,19,4,153
2025-02-21,19,5,140
2025-02-21,20,1,334
2025-02-21,20,2,315
2025-02-21,20,3,398
2025-02-21,20,4,157
2025-02-21,20,5,136
2025-02-21,21,1,182
2025-02-21,21,2,170
2025-02-21,21,3,239
2025-02-21,21,4,83
2025-02-21,21,5,61
2025-02-21,22,1,321
2025-02-21,22,2,315
2025-02-21,22,3,410
2025-02-21,22,4,146
2025-02-21,22,5,130
2025-02-21,23,1,107
2025-02-21,23,2,83
2025-02-21,23,3,99
2025-02-21,23,4,47
2025-02-21,23,5,29
2025-02-21,24,1,92
2025-02-21,24,2,73
2025-02-21,24,3,117
2025-02-21,24,4,43
2025-02-21,24,5,36
2025-02-21,25,1,253
2025-02-21,25,2,253
2025-02-21,25,3,313
2025-02-21,25,4,122
2025-02-21,25,5,99
2025-02-22,1,1,449
2025-02-22,1,2,375
2025-02-22,1,3,521
2025-02-22,1,4,191
2025-02-22,1,5,163
2025-02-22,2,1,302
2025-02-22,2,2,254
2025-02-22,2,3,316
2025-02-22,2,4,125
2025-02-22,2,5,111
2025-02-22,3,1,126
2025-02-22,3,2,120
2025-02-22,3,3,154
2025-02-22,3,4,59
2025-02-22,3,5,47
2025-02-22,4,1,401
2025-02-22,4,2,350
2025-02-22,4,3,417
2025-02-22,4,4,204
2025-02-22,4,5,145
2025-02-22,5,1,320
2025-02-22,5,2,283
2025-02-22,5,3,397
2025-02-22,5,4,130
2025-02-22,5,5,124
2025-02-22,6,1,202
2025-02-22,6,2,192
2025-02-22,6,3,253
2025-02-22,6,4,109
2025-02-22,6,5,64
2025-02-22,7,1,220
2025-02-22,7,2,186
2025-02-22,7,3,248
2025-02-22,7,4,111
2025-02-22,7,5,90
2025-02-22,8,1,119
2025-02-22,8,2,95
2025-02-22,8,3,123
2025-02-22,8,4,39
2025-02-22,8,5,43
2025-02-22,9,1,284
2025-02-22,9,2,236
2025-02-22,9,3,305
2025-02-22,9,4,136
2025-02-22,9,5,108
2025-02-22,10,1,129
2025-02-22,10,2,143
2025-02-22,10,3,158
2025-02-22,10,4,77
2025-02-22,10,5,50
2025-02-22,11,1,192
2025-02-22,11,2,176
2025-02-22,11,3,209
2025-02-22,11,4,105
2025-02-22,11,5,66
2025-02-22,12,1,247
2025-02-22,12,2,193
2025-02-22,12,3,251
2025-02-22,12,4,109
2025-02-22,12,5,81
2025-02-22,13,1,294
2025-02-22,13,2,223
2025-02-22,13,3,271
2025-02-22,13,4,121
2025-02-22,13,5,86
2025-02-22,14,1,199
2025-02-22,14,2,154
2025-02-22,14,3,208
2025-02-22,14,4,71
2025-02-22,14,5,67
2025-02-22,15,1,283
2025-02-22,15,2,250
2025-02-22,15,3,318
2025-02-22,15,4,135
2025-02-22,15,5,105
2025-02-22,16,1,173
2025-02-22,16,2,173
2025-02-22,16,3,199
2025-02-22,16,4,104
2025-02-22,16,5,72
2025-02-22,17,1,237
2025-02-22,17,2,213
2025-02-22,17,3,251
2025-02-22,17,4,104
2025-02-22,17,5,87
2025-02-22,18,1,556
2025-02-22,18,2,423
2025-02-22,18,3,623
2025-02-22,18,4,271
2025-02-22,18,5,193
2025-02-22,19,1,244
2025-02-22,19,2,217
2025-02-22,19,3,281
2025-02-22,19,4,138
2025-02-22,19,5,105
2025-02-22,20,1,257
2025-02-22,20,2,237
2025-02-22,20,3,299
2025-02-22,20,4,125
2025-02-22,20,5,88
2025-02-22,21,1,148
2025-02-22,21,2,139
2025-02-22,21,3,167
2025-02-22,21,4,71
2025-02-22,21,5,56
2025-02-22,22,1,251
2025-02-22,22,2,224
2025-02-22,22,3,291
2025-02-22,22,4,124
2025-02-22,22,5,87
2025-02-22,23,1,68
2025-02-22,23,2,78
2025-02-22,23,3,82
2025-02-22,23,4,34
2025-02-22,23,5,35
2025-02-22,24,1,65
2025-02-22,24,2,46
2025-02-22,24,3,78
2025-02-22,24,4,27
2025-02-22,24,5,29
2025-02-22,25,1,213
2025-02-22,25,2,168
2025-02-22,25,3,242
2025-02-22,25,4,80
2025-02-22,25,5,84
2025-02-23,1,1,455
2025-02-23,1,2,398
2025-02-23,1,3,514
2025-02-23,1,4,171
2025-02-23,1,5,189
2025-02-23,2,1,267
2025-02-23,2,2,241
2025-02-23,2,3,288
2025-02-23,2,4,112
2025-02-23,2,5,96
2025-02-23,3,1,134
2025-02-23,3,2,105
2025-02-23,3,3,138
2025-02-23,3,4,74
2025-02-23,3,5,55
2025-02-23,4,1,371
2025-02-23,4,2,339
2025-02-23,4,3,433
2025-02-23,4,4,173
2025-02-23,4,5,154
2025-02-23,5,1,350
2025-02-23,5,2,260
2025-02-23,5,3,356
2025-02-23,5,4,151
2025-02-23,5,5,91
2025-02-23,6,1,175
2025-02-23,6,2,189
2025-02-23,6,3,237
2025-02-23,6,4,86
2025-02-23,6,5,69
2025-02-23,7,1,207
2025-02-23,7,2,188
2025-02-23,7,3,233
2025-02-23,7,4,90
2025-02-23,7,5,95
2025-02-23,8,1,112
2025-02-23,8,2,110
2025-02-23,8,3,124
2025-02-23,8,4,51
2025-02-23,8,5,52
2025-02-23,9,1,275
2025-02-23,9,2,278
2025-02-23,9,3,331
2025-02-23,9,4,114
2025-02-23,9,5,86
2025-02-23,10,1,153
2025-02-23,10,2,117
2025-02-23,10,3,169
2025-02-23,10,4,67
2025-02-23,10,5,55
2025-02-23,11,1,184
2025-02-23,11,2,166
2025-02-23,11,3,206
2025-02-23,11,4,81
2025-02-23,11,5,69
2025-02-23,12,1,216
2025-02-23,12,2,208
2025-02-23,12,3,216
2025-02-23,12,4,98
2025-02-23,12,5,84
2025-02-23,13,1,265
2025-02-23,13,2,201
2025-02-23,13,3,305
2025-02-23,13,4,124
2025-02-23,13,5,116
2025-02-23,14,1,153
2025-02-23,14,2,133
2025-02-23,14,3,201
2025-02-23,14,4,75
2025-02-23,14,5,77
2025-02-23,15,1,293
2025-02-23,15,2,261
2025-02-23,15,3,307
2025-02-23,15,4,139
2025-02-23,15,5,110
2025-02-23,16,1,172
2025-02-23,16,2,157
2025-02-23,16,3,217
2025-02-23,16,4,91
2025-02-23,16,5,69
2025-02-23,17,1,228
2025-02-23,17,2,220
2025-02-23,17,3,254
2025-02-23,17,4,102
2025-02-23,17,5,102
2025-02-23,18,1,488
2025-02-23,18,2,451
2025-02-23,18,3,537
2025-02-23,18,4,244
2025-02-23,18,5,187
2025-02-23,19,1,226
2025-02-23,19,2,205
2025-02-23,19,3,301
2025-02-23,19,4,111
2025-02-23,19,5,113
2025-02-23,20,1,265
2025-02-23,20,2,243
2025-02-23,20,3,291
2025-02-23,20,4,110
2025-02-23,20,5,99
2025-02-23,21,1,127
2025-02-23,21,2,111
2025-02-23,21,3,164
2025-02-23,21,4,57
2025-02-23,21,5,55
2025-02-23,22,1,263
2025-02-23,22,2,245
2025-02-23,22,3,283
2025-02-23,22,4,107
2025-02-23,22,5,104
2025-02-23,23,1,61
2025-02-23,23,2,62
2025-02-23,23,3,90
2025-02-23,23,4,27
2025-02-23,23,5,24
2025-02-23,24,1,66
2025-02-23,24,2,69
2025-02-23,24,3,83
2025-02-23,24,4,32
2025-02-23,24,5,24
2025-02-23,25,1,179
2025-02-23,25,2,166
2025-02-23,25,3,221
2025-02-23,25,4,89
2025-02-23,25,5,65
2025-02-24,1,1,669
2025-02-24,1,2,677
2025-02-24,1,3,743
2025-02-24,1,4,306
2025-02-24,1,5,255
2025-02-24,2,1,427
2025-02-24,2,2,438
2025-02-24,2,3,466
2025-02-24,2,4,205
2025-02-24,2,5,171
2025-02-24,3,1,217
2025-02-24,3,2,207
2025-02-24,3,3,254
2025-02-24,3,4,104
2025-02-24,3,5,72
2025-02-24,4,1,585
2025-02-24,4,2,561
2025-02-24,4,3,668
2025-02-24,4,4,282
2025-02-24,4,5,222
2025-02-24,5,1,447
2025-02-24,5,2,456
2025-02-24,5,3,507
2025-02-24,5,4,236
2025-02-24,5,5,168
2025-02-24,6,1,293
2025-02-24,6,2,274
2025-02-24,6,3,334
2025-02-24,6,4,143
2025-02-24,6,5,127
2025-02-24,7,1,381
2025-02-24,7,2,339
2025-02-24,7,3,389
2025-02-24,7,4,167
2025-02-24,7,5,119
2025-02-24,8,1,146
2025-02-24,8,2,156
2025-02-24,8,3,187
2025-02-24,8,4,77
2025-02-24,8,5,48
2025-02-24,9,1,408
2025-02-24,9,2,410
2025-02-24,9,3,457
2025-02-24,9,4,168
2025-02-24,9,5,145
2025-02-24,10,1,230
2025-02-24,10,2,199
2025-02-24,10,3,225
2025-02-24,10,4,91
2025-02-24,10,5,74
2025-02-24,11,1,319
2025-02-24,11,2,294
2025-02-24,11,3,319
2025-02-24,11,4,125
2025-02-24,11,5,107
2025-02-24,12,1,348
2025-02-24,12,2,346
2025-02-24,12,3,348
2025-02-24,12,4,155
2025-02-24,12,5,125
2025-02-24,13,1,418
2025-02-24,13,2,345
2025-02-24,13,3,452
2025-02-24,13,4,193
2025-02-24,13,5,144
2025-02-24,14,1,254
2025-02-24,14,2,240
2025-02-24,14,3,306
2025-02-24,14,4,112
2025-02-24,14,5,88
2025-02-24,15,1,449
2025-02-24,15,2,417
2025-02-24,15,3,483
2025-02-24,15,4,192
2025-02-24,15,5,158
2025-02-24,16,1,268
2025-02-24,16,2,268
2025-02-24,16,3,296
2025-02-24,16,4,115
2025-02-24,16,5,79
2025-02-24,17,1,288
2025-02-24,17,2,367
2025-02-24,17,3,402
2025-02-24,17,4,149
2025-02-24,17,5,140
2025-02-24,18,1,769
2025-02-24,18,2,747
2025-02-24,18,3,831
2025-02-24,18,4,367
2025-02-24,18,5,319
2025-02-24,19,1,399
2025-02-24,19,2,376
2025-02-24,19,3,422
2025-02-24,19,4,177
2025-02-24,19,5,153
2025-02-24,20,1,364
2025-02-24,20,2,377
2025-02-24,20,3,432
2025-02-24,20,4,179
2025-02-24,20,5,136
2025-02-24,21,1,230
2025-02-24,21,2,195
2025-02-24,21,3,234
2025-02-24,21,4,103
2025-02-24,21,5,74
2025-02-24,22,1,409
2025-02-24,22,2,348
2025-02-24,22,3,455
2025-02-24,22,4,183
2025-02-24,22,5,131
2025-02-24,23,1,119
2025-02-24,23,2,108
2025-02-24,23,3,126
2025-02-24,23,4,43
2025-02-24,23,5,50
2025-02-24,24,1,87
2025-02-24,24,2,91
2025-02-24,24,3,97
2025-02-24,24,4,42
2025-02-24,24,5,29
2025-02-24,25,1,300
2025-02-24,25,2,270
2025-02-24,25,3,326
2025-02-24,25,4,125
2025-02-24,25,5,98
2025-02-25,1,1,642
2025-02-25,1,2,657
2025-02-25,1,3,753
2025-02-25,1,4,295
2025-02-25,1,5,248
2025-02-25,2,1,409
2025-02-25,2,2,381
2025-02-25,2,3,456
2025-02-25,2,4,165
2025-02-25,2,5,137
2025-02-25,3,1,194
2025-02-25,3,2,199
2025-02-25,3,3,206
2025-02-25,3,4,75
2025-02-25,3,5,79
2025-02-25,4,1,562
2025-02-25,4,2,514
2025-02-25,4,3,584
2025-02-25,4,4,248
2025-02-25,4,5,196
2025-02-25,5,1,442
2025-02-25,5,2,483
2025-02-25,5,3,513
2025-02-25,5,4,189
2025-02-25,5,5,162
2025-02-25,6,1,291
2025-02-25,6,2,321
2025-02-25,6,3,308
2025-02-25,6,4,123
2025-02-25,6,5,98
2025-02-25,7,1,328
2025-02-25,7,2,297
2025-02-25,7,3,349
2025-02-25,7,4,148
2025-02-25,7,5,103
2025-02-25,8,1,127
2025-02-25,8,2,156
2025-02-25,8,3,160
2025-02-25,8,4,69
2025-02-25,8,5,61
2025-02-25,9,1,402
2025-02-25,9,2,359
2025-02-25,9,3,443
2025-02-25,9,4,166
2025-02-25,9,5,160
2025-02-25,10,1,183
2025-02-25,10,2,177
2025-02-25,10,3,209
2025-02-25,10,4,104
2025-02-25,10,5,82
2025-02-25,11,1,279
2025-02-25,11,2,226
2025-02-25,11,3,294
2025-02-25,11,4,117
2025-02-25,11,5,98
2025-02-25,12,1,302
2025-02-25,12,2,314
2025-02-25,12,3,366
2025-02-25,12,4,136
2025-02-25,12,5,108
2025-02-25,13,1,367
2025-02-25,13,2,370
2025-02-25,13,3,397
2025-02-25,13,4,183
2025-02-25,13,5,134
2025-02-25,14,1,256
2025-02-25,14,2,231
2025-02-25,14,3,268
2025-02-25,14,4,112
2025-02-25,14,5,90
2025-02-25,15,1,406
2025-02-25,15,2,414
2025-02-25,15,3,515
2025-02-25,15,4,180
2025-02-25,15,5,155
2025-02-25,16,1,259
2025-02-25,16,2,241
2025-02-25,16,3,306
2025-02-25,16,4,115
2025-02-25,16,5,95
2025-02-25,17,1,319
2025-02-25,17,2,347
2025-02-25,17,3,397
2025-02-25,17,4,153
2025-02-25,17,5,117
2025-02-25,18,1,727
2025-02-25,18,2,667
2025-02-25,18,3,786
2025-02-25,18,4,296
2025-02-25,18,5,253
2025-02-25,19,1,352
2025-02-25,19,2,368
2025-02-25,19,3,369
2025-02-25,19,4,161
2025-02-25,19,5,129
2025-02-25,20,1,360
2025-02-25,20,2,355
2025-02-25,20,3,445
2025-02-25,20,4,142
2025-02-25,20,5,133
2025-02-25,21,1,181
2025-02-25,21,2,181
2025-02-25,21,3,205
2025-02-25,21,4,83
2025-02-25,21,5,66
2025-02-25,22,1,348
2025-02-25,22,2,370
2025-02-25,22,3,422
2025-02-25,22,4,164
2025-02-25,22,5,153
2025-02-25,23,1,89
2025-02-25,23,2,87
2025-02-25,23,3,126
2025-02-25,23,4,49
2025-02-25,23,5,35
2025-02-25,24,1,92
2025-02-25,24,2,79
2025-02-25,24,3,112
2025-02-25,24,4,45
2025-02-25,24,5,37
2025-02-25,25,1,280
2025-02-25,25,2,284
2025-02-25,25,3,313
2025-02-25,25,4,107
2025-02-25,25,5,100
2025-02-26,1,1,568
2025-02-26,1,2,581
2025-02-26,1,3,635
2025-02-26,1,4,302
2025-02-26,1,5,219
2025-02-26,2,1,362
2025-02-26,2,2,358
2025-02-26,2,3,403
2025-02-26,2,4,143
2025-02-26,2,5,136
2025-02-26,3,1,173
2025-02-26,3,2,148
2025-02-26,3,3,211
2025-02-26,3,4,84
2025-02-26,3,5,76
2025-02-26,4,1,487
2025-02-26,4,2,475
2025-02-26,4,3,546
2025-02-26,4,4,229
2025-02-26,4,5,174
2025-02-26,5,1,398
2025-02-26,5,2,336
2025-02-26,5,3,505
2025-02-26,5,4,207
2025-02-26,5,5,156
2025-02-26,6,1,283
2025-02-26,6,2,246
2025-02-26,6,3,280
2025-02-26,6,4,110
2025-02-26,6,5,102
2025-02-26,7,1,270
2025-02-26,7,2,300
2025-02-26,7,3,338
2025-02-26,7,4,165
2025-02-26,7,5,82
2025-02-26,8,1,120
2025-02-26,8,2,115
2025-02-26,8,3,153
2025-02-26,8,4,72
2025-02-26,8,5,60
2025-02-26,9,1,369
2025-02-26,9,2,317
2025-02-26,9,3,405
2025-02-26,9,4,150
2025-02-26,9,5,141
2025-02-26,10,1,171
2025-02-26,10,2,188
2025-02-26,10,3,228
2025-02-26,10,4,67
2025-02-26,10,5,61
2025-02-26,11,1,246
2025-02-26,11,2,254
2025-02-26,11,3,293
2025-02-26,11,4,106
2025-02-26,11,5,92
2025-02-26,12,1,246
2025-02-26,12,2,297
2025-02-26,12,3,335
2025-02-26,12,4,135
2025-02-26,12,5,111
2025-02-26,13,1,310
2025-02-26,13,2,313
2025-02-26,13,3,399
2025-02-26,13,4,163
2025-02-26,13,5,131
2025-02-26,14,1,223
2025-02-26,14,2,211
2025-02-26,14,3,221
2025-02-26,14,4,106
2025-02-26,14,5,101
2025-02-26,15,1,394
2025-02-26,15,2,386
2025-02-26,15,3,442
2025-02-26,15,4,171
2025-02-26,15,5,138
2025-02-26,16,1,217
2025-02-26,16,2,214
2025-02-26,16,3,280
2025-02-26,16,4,103
2025-02-26,16,5,83
2025-02-26,17,1,300
2025-02-26,17,2,309
2025-02-26,17,3,329
2025-02-26,17,4,134
2025-02-26,17,5,121
2025-02-26,18,1,666
2025-02-26,18,2,601
2025-02-26,18,3,748
2025-02-26,18,4,297
2025-02-26,18,5,246
2025-02-26,19,1,344
2025-02-26,19,2,303
2025-02-26,19,3,352
2025-02-26,19,4,147
2025-02-26,19,5,137
2025-02-26,20,1,319
2025-02-26,20,2,334
2025-02-26,20,3,369
2025-02-26,20,4,142
2025-02-26,20,5,142
2025-02-26,21,1,177
2025-02-26,21,2,178
2025-02-26,21,3,200
2025-02-26,21,4,80
2025-02-26,21,5,55
2025-02-26,22,1,323
2025-02-26,22,2,283
2025-02-26,22,3,396
2025-02-26,22,4,150
2025-02-26,22,5,126
2025-02-26,23,1,90
2025-02-26,23,2,103
2025-02-26,23,3,94
2025-02-26,23,4,40
2025-02-26,23,5,31
2025-02-26,24,1,74
2025-02-26,24,2,79
2025-02-26,24,3,105
2025-02-26,24,4,45
2025-02-26,24,5,42
2025-02-26,25,1,265
2025-02-26,25,2,250
2025-02-26,25,3,276
2025-02-26,25,4,114
2025-02-26,25,5,100
2025-02-27,1,1,553
2025-02-27,1,2,512
2025-02-27,1,3,681
2025-02-27,1,4,255
2025-02-27,1,5,204
2025-02-27,2,1,340
2025-02-27,2,2,339
2025-02-27,2,3,391
2025-02-27,2,4,175
2025-02-27,2,5,141
2025-02-27,3,1,182
2025-02-27,3,2,150
2025-02-27,3,3,183
2025-02-27,3,4,81
2025-02-27,3,5,67
2025-02-27,4,1,472
2025-02-27,4,2,415
2025-02-27,4,3,555
2025-02-27,4,4,218
2025-02-27,4,5,201
2025-02-27,5,1,381
2025-02-27,5,2,325
2025-02-27,5,3,475
2025-02-27,5,4,195
2025-02-27,5,5,147
2025-02-27,6,1,281
2025-02-27,6,2,219
2025-02-27,6,3,304
2025-02-27,6,4,115
2025-02-27,6,5,97
2025-02-27,7,1,267
2025-02-27,7,2,280
2025-02-27,7,3,305
2025-02-27,7,4,121
2025-02-27,7,5,107
2025-02-27,8,1,141
2025-02-27,8,2,114
2025-02-27,8,3,151
2025-02-27,8,4,59
2025-02-27,8,5,55
2025-02-27,9,1,350
2025-02-27,9,2,290
2025-02-27,9,3,366
2025-02-27,9,4,177
2025-02-27,9,5,129
2025-02-27,10,1,186
2025-02-27,10,2,179
2025-02-27,10,3,198
2025-02-27,10,4,73
2025-02-27,10,5,72
2025-02-27,11,1,265
2025-02-27,11,2,215
2025-02-27,11,3,286
2025-02-27,11,4,99
2025-02-27,11,5,100
2025-02-27,12,1,247
2025-02-27,12,2,269
2025-02-27,12,3,351
2025-02-27,12,4,119
2025-02-27,12,5,112
2025-02-27,13,1,322
2025-02-27,13,2,303
2025-02-27,13,3,379
2025-02-27,13,4,164
2025-02-27,13,5,109
2025-02-27,14,1,213
2025-02-27,14,2,183
2025-02-27,14,3,269
2025-02-27,14,4,116
2025-02-27,14,5,82
2025-02-27,15,1,373
2025-02-27,15,2,315
2025-02-27,15,3,402
2025-02-27,15,4,179
2025-02-27,15,5,116
2025-02-27,16,1,248
2025-02-27,16,2,210
2025-02-27,16,3,256
2025-02-27,16,4,86
2025-02-27,16,5,78
2025-02-27,17,1,291
2025-02-27,17,2,251
2025-02-27,17,3,358
2025-02-27,17,4,123
2025-02-27,17,5,97
2025-02-27,18,1,646
2025-02-27,18,2,520
2025-02-27,18,3,673
2025-02-27,18,4,292
2025-02-27,18,5,260
2025-02-27,19,1,328
2025-02-27,19,2,319
2025-02-27,19,3,365
2025-02-27,19,4,139
2025-02-27,19,5,109
2025-02-27,20,1,305
2025-02-27,20,2,278
2025-02-27,20,3,383
2025-02-27,20,4,153
2025-02-27,20,5,134
2025-02-27,21,1,181
2025-02-27,21,2,169
2025-02-27,21,3,196
2025-02-27,21,4,70
2025-02-27,21,5,67
2025-02-27,22,1,321
2025-02-27,22,2,273
2025-02-27,22,3,325
2025-02-27,22,4,147
2025-02-27,22,5,123
2025-02-27,23,1,97
2025-02-27,23,2,73
2025-02-27,23,3,104
2025-02-27,23,4,54
2025-02-27,23,5,29
2025-02-27,24,1,94
2025-02-27,24,2,64
2025-02-27,24,3,87
2025-02-27,24,4,25
2025-02-27,24,5,24
2025-02-27,25,1,262
2025-02-27,25,2,207
2025-02-27,25,3,252
2025-02-27,25,4,107
2025-02-27,25,5,88
2025-02-28,1,1,623
2025-02-28,1,2,539
2025-02-28,1,3,678
2025-02-28,1,4,269
2025-02-28,1,5,259
2025-02-28,2,1,350
2025-02-28,2,2,322
2025-02-28,2,3,441
2025-02-28,2,4,160
2025-02-28,2,5,150
2025-02-28,3,1,158
2025-02-28,3,2,173
2025-02-28,3,3,190
2025-02-28,3,4,81
2025-02-28,3,5,66
2025-02-28,4,1,496
2025-02-28,4,2,503
2025-02-28,4,3,618
2025-02-28,4,4,283
2025-02-28,4,5,180
2025-02-28,5,1,401
2025-02-28,5,2,336
2025-02-28,5,3,461
2025-02-28,5,4,208
2025-02-28,5,5,152
2025-02-28,6,1,271
2025-02-28,6,2,236
2025-02-28,6,3,268
2025-02-28,6,4,100
2025-02-28,6,5,98
2025-02-28,7,1,303
2025-02-28,7,2,249
2025-02-28,7,3,349
2025-02-28,7,4,138
2025-02-28,7,5,104
2025-02-28,8,1,155
2025-02-28,8,2,128
2025-02-28,8,3,156
2025-02-28,8,4,69
2025-02-28,8,5,63
2025-02-28,9,1,345
2025-02-28,9,2,282
2025-02-28,9,3,434
2025-02-28,9,4,169
2025-02-28,9,5,142
2025-02-28,10,1,166
2025-02-28,10,2,150
2025-02-28,10,3,219
2025-02-28,10,4,93
2025-02-28,10,5,47
2025-02-28,11,1,268
2025-02-28,11,2,218
2025-02-28,11,3,255
2025-02-28,11,4,113
2025-02-28,11,5,91
2025-02-28,12,1,290
2025-02-28,12,2,267
2025-02-28,12,3,320
2025-02-28,12,4,117
2025-02-28,12,5,99
2025-02-28,13,1,353
2025-02-28,13,2,318
2025-02-28,13,3,400
2025-02-28,13,4,168
2025-02-28,13,5,140
2025-02-28,14,1,216
2025-02-28,14,2,189
2025-02-28,14,3,260
2025-02-28,14,4,94
2025-02-28,14,5,80
2025-02-28,15,1,356
2025-02-28,15,2,352
2025-02-28,15,3,419
2025-02-28,15,4,182
2025-02-28,15,5,165
2025-02-28,16,1,257
2025-02-28,16,2,204
2025-02-28,16,3,249
2025-02-28,16,4,106
2025-02-28,16,5,73
2025-02-28,17,1,328
2025-02-28,17,2,265
2025-02-28,17,3,347
2025-02-28,17,4,142
2025-02-28,17,5,99
2025-02-28,18,1,702
2025-02-28,18,2,592
2025-02-28,18,3,777
2025-02-28,18,4,308
2025-02-28,18,5,266
2025-02-28,19,1,328
2025-02-28,19,2,287
2025-02-28,19,3,352
2025-02-28,19,4,167
2025-02-28,19,5,119
2025-02-28,20,1,352
2025-02-28,20,2,290
2025-02-28,20,3,351
2025-02-28,20,4,140
2025-02-28,20,5,118
2025-02-28,21,1,162
2025-02-28,21,2,164
2025-02-28,21,3,192
2025-02-28,21,4,74
2025-02-28,21,5,66
2025-02-28,22,1,307
2025-02-28,22,2,275
2025-02-28,22,3,384
2025-02-28,22,4,163
2025-02-28,22,5,133
2025-02-28,23,1,91
2025-02-28,23,2,80
2025-02-28,23,3,105
2025-02-28,23,4,33
2025-02-28,23,5,24
2025-02-28,24,1,65
2025-02-28,24,2,61
2025-02-28,24,3,87
2025-02-28,24,4,37
2025-02-28,24,5,35
2025-02-28,25,1,304
2025-02-28,25,2,258
2025-02-28,25,3,303
2025-02-28,25,4,114
2025-02-28,25,5,88
2025-03-01,1,1,636
2025-03-01,1,2,436
2025-03-01,1,3,594
2025-03-01,1,4,202
2025-03-01,1,5,167
2025-03-01,2,1,383
2025-03-01,2,2,288
2025-03-01,2,3,380
2025-03-01,2,4,149
2025-03-01,2,5,124
2025-03-01,3,1,190
2025-03-01,3,2,145
2025-03-01,3,3,146
2025-03-01,3,4,69
2025-03-01,3,5,58
2025-03-01,4,1,490
2025-03-01,4,2,328
2025-03-01,4,3,477
2025-03-01,4,4,218
2025-03-01,4,5,174
2025-03-01,5,1,442
2025-03-01,5,2,304
2025-03-01,5,3,397
2025-03-01,5,4,182
2025-03-01,5,5,135
2025-03-01,6,1,241
2025-03-01,6,2,191
2025-03-01,6,3,244
2025-03-01,6,4,104
2025-03-01,6,5,85
2025-03-01,7,1,284
2025-03-01,7,2,204
2025-03-01,7,3,299
2025-03-01,7,4,107
2025-03-01,7,5,87
2025-03-01,8,1,119
2025-03-01,8,2,123
2025-03-01,8,3,143
2025-03-01,8,4,66
2025-03-01,8,5,41
2025-03-01,9,1,365
2025-03-01,9,2,266
2025-03-01,9,3,359
2025-03-01,9,4,152
2025-03-01,9,5,125
2025-03-01,10,1,195
2025-03-01,10,2,139
2025-03-01,10,3,180
2025-03-01,10,4,81
2025-03-01,10,5,54
2025-03-01,11,1,264
2025-03-01,11,2,200
2025-03-01,11,3,249
2025-03-01,11,4,84
2025-03-01,11,5,86
2025-03-01,12,1,280
2025-03-01,12,2,209
2025-03-01,12,3,256
2025-03-01,12,4,122
2025-03-01,12,5,95
2025-03-01,13,1,360
2025-03-01,13,2,244
2025-03-01,13,3,328
2025-03-01,13,4,122
2025-03-01,13,5,105
2025-03-01,14,1,200
2025-03-01,14,2,169
2025-03-01,14,3,209
2025-03-01,14,4,83
2025-03-01,14,5,52
2025-03-01,15,1,367
2025-03-01,15,2,280
2025-03-01,15,3,321
2025-03-01,15,4,155
2025-03-01,15,5,112
2025-03-01,16,1,244
2025-03-01,16,2,161
2025-03-01,16,3,225
2025-03-01,16,4,102
2025-03-01,16,5,70
2025-03-01,17,1,299
2025-03-01,17,2,202
2025-03-01,17,3,305
2025-03-01,17,4,113
2025-03-01,17,5,101
2025-03-01,18,1,670
2025-03-01,18,2,517
2025-03-01,18,3,618
2025-03-01,18,4,253
2025-03-01,18,5,231
2025-03-01,19,1,327
2025-03-01,19,2,257
2025-03-01,19,3,296
2025-03-01,19,4,119
2025-03-01,19,5,97
2025-03-01,20,1,331
2025-03-01,20,2,226
2025-03-01,20,3,305
2025-03-01,20,4,132
2025-03-01,20,5,106
2025-03-01,21,1,162
2025-03-01,21,2,131
2025-03-01,21,3,167
2025-03-01,21,4,69
2025-03-01,21,5,54
2025-03-01,22,1,353
2025-03-01,22,2,235
2025-03-01,22,3,273
2025-03-01,22,4,114
2025-03-01,22,5,102
2025-03-01,23,1,93
2025-03-01,23,2,53
2025-03-01,23,3,79
2025-03-01,23,4,34
2025-03-01,23,5,35
2025-03-01,24,1,77
2025-03-01,24,2,55
2025-03-01,24,3,64
2025-03-01,24,4,23
2025-03-01,24,5,28
2025-03-01,25,1,237
2025-03-01,25,2,183
2025-03-01,25,3,229
2025-03-01,25,4,105
2025-03-01,25,5,76
2025-03-02,1,1,505
2025-03-02,1,2,388
2025-03-02,1,3,552
2025-03-02,1,4,211
2025-03-02,1,5,175
2025-03-02,2,1,339
2025-03-02,2,2,276
2025-03-02,2,3,298
2025-03-02,2,4,113
2025-03-02,2,5,90
2025-03-02,3,1,174
2025-03-02,3,2,114
2025-03-02,3,3,154
2025-03-02,3,4,61
2025-03-02,3,5,52
2025-03-02,4,1,491
2025-03-02,4,2,331
2025-03-02,4,3,393
2025-03-02,4,4,155
2025-03-02,4,5,148
2025-03-02,5,1,382
2025-03-02,5,2,269
2025-03-02,5,3,354
2025-03-02,5,4,149
2025-03-02,5,5,124
2025-03-02,6,1,258
2025-03-02,6,2,162
2025-03-02,6,3,195
2025-03-02,6,4,96
2025-03-02,6,5,71
2025-03-02,7,1,276
2025-03-02,7,2,185
2025-03-02,7,3,253
2025-03-02,7,4,95
2025-03-02,7,5,79
2025-03-02,8,1,128
2025-03-02,8,2,102
2025-03-02,8,3,133
2025-03-02,8,4,59
2025-03-02,8,5,45
2025-03-02,9,1,329
2025-03-02,9,2,228
2025-03-02,9,3,312
2025-03-02,9,4,131
2025-03-02,9,5,102
2025-03-02,10,1,186
2025-03-02,10,2,130
2025-03-02,10,3,154
2025-03-02,10,4,51
2025-03-02,10,5,50
2025-03-02,11,1,264
2025-03-02,11,2,174
2025-03-02,11,3,225
2025-03-02,11,4,89
2025-03-02,11,5,64
2025-03-02,12,1,258
2025-03-02,12,2,193
2025-03-02,12,3,250
2025-03-02,12,4,97
2025-03-02,12,5,86
2025-03-02,13,1,307
2025-03-02,13,2,222
2025-03-02,13,3,278
2025-03-02,13,4,109
2025-03-02,13,5,87
2025-03-02,14,1,221
2025-03-02,14,2,159
2025-03-02,14,3,202
2025-03-02,14,4,82
2025-03-02,14,5,78
2025-03-02,15,1,364
2025-03-02,15,2,253
2025-03-02,15,3,336
2025-03-02,15,4,129
2025-03-02,15,5,132
2025-03-02,16,1,221
2025-03-02,16,2,156
2025-03-02,16,3,211
2025-03-02,16,4,77
2025-03-02,16,5,57
2025-03-02,17,1,287
2025-03-02,17,2,199
2025-03-02,17,3,240
2025-03-02,17,4,107
2025-03-02,17,5,95
2025-03-02,18,1,595
2025-03-02,18,2,463
2025-03-02,18,3,573
2025-03-02,18,4,215
2025-03-02,18,5,200
2025-03-02,19,1,302
2025-03-02,19,2,207
2025-03-02,19,3,282
2025-03-02,19,4,124
2025-03-02,19,5,107
2025-03-02,20,1,344
2025-03-02,20,2,242
2025-03-02,20,3,276
2025-03-02,20,4,116
2025-03-02,20,5,117
2025-03-02,21,1,173
2025-03-02,21,2,116
2025-03-02,21,3,145
2025-03-02,21,4,57
2025-03-02,21,5,58
2025-03-02,22,1,304
2025-03-02,22,2,207
2025-03-02,22,3,288
2025-03-02,22,4,132
2025-03-02,22,5,100
2025-03-02,23,1,98
2025-03-02,23,2,64
2025-03-02,23,3,80
2025-03-02,23,4,35
2025-03-02,23,5,23
2025-03-02,24,1,80
2025-03-02,24,2,64
2025-03-02,24,3,79
2025-03-02,24,4,24
2025-03-02,24,5,27
2025-03-02,25,1,224
2025-03-02,25,2,166
2025-03-02,25,3,213
2025-03-02,25,4,84
2025-03-02,25,5,65
2025-03-03,1,1,816
2025-03-03,1,2,681
2025-03-03,1,3,785
2025-03-03,1,4,345
2025-03-03,1,5,248
2025-03-03,2,1,503
2025-03-03,2,2,463
2025-03-03,2,3,493
2025-03-03,2,4,232
2025-03-03,2,5,166
2025-03-03,3,1,250
2025-03-03,3,2,184
2025-03-03,3,3,235
2025-03-03,3,4,96
2025-03-03,3,5,65
2025-03-03,4,1,697
2025-03-03,4,2,573
2025-03-03,4,3,705
2025-03-03,4,4,277
2025-03-03,4,5,199
2025-03-03,5,1,579
2025-03-03,5,2,468
2025-03-03,5,3,536
2025-03-03,5,4,230
2025-03-03,5,5,189
2025-03-03,6,1,370
2025-03-03,6,2,295
2025-03-03,6,3,342
2025-03-03,6,4,136
2025-03-03,6,5,95
2025-03-03,7,1,368
2025-03-03,7,2,337
2025-03-03,7,3,384
2025-03-03,7,4,172
2025-03-03,7,5,139
2025-03-03,8,1,209
2025-03-03,8,2,168
2025-03-03,8,3,192
2025-03-03,8,4,73
2025-03-03,8,5,66
2025-03-03,9,1,496
2025-03-03,9,2,413
2025-03-03,9,3,445
2025-03-03,9,4,212
2025-03-03,9,5,163
2025-03-03,10,1,213
2025-03-03,10,2,203
2025-03-03,10,3,261
2025-03-03,10,4,104
2025-03-03,10,5,69
2025-03-03,11,1,321
2025-03-03,11,2,286
2025-03-03,11,3,324
2025-03-03,11,4,133
2025-03-03,11,5,99
2025-03-03,12,1,420
2025-03-03,12,2,321
2025-03-03,12,3,361
2025-03-03,12,4,151
2025-03-03,12,5,122
2025-03-03,13,1,525
2025-03-03,13,2,379
2025-03-03,13,3,415
2025-03-03,13,4,165
2025-03-03,13,5,159
2025-03-03,14,1,331
2025-03-03,14,2,250
2025-03-03,14,3,293
2025-03-03,14,4,103
2025-03-03,14,5,104
2025-03-03,15,1,554
2025-03-03,15,2,409
2025-03-03,15,3,557
2025-03-03,15,4,207
2025-03-03,15,5,167
2025-03-03,16,1,335
2025-03-03,16,2,242
2025-03-03,16,3,298
2025-03-03,16,4,112
2025-03-03,16,5,115
2025-03-03,17,1,441
2025-03-03,17,2,354
2025-03-03,17,3,401
2025-03-03,17,4,159
2025-03-03,17,5,118
2025-03-03,18,1,934
2025-03-03,18,2,739
2025-03-03,18,3,875
2025-03-03,18,4,387
2025-03-03,18,5,298
2025-03-03,19,1,439
2025-03-03,19,2,374
2025-03-03,19,3,404
2025-03-03,19,4,177
2025-03-03,19,5,141
2025-03-03,20,1,468
2025-03-03,20,2,378
2025-03-03,20,3,407
2025-03-03,20,4,159
2025-03-03,20,5,143
2025-03-03,21,1,253
2025-03-03,21,2,196
2025-03-03,21,3,245
2025-03-03,21,4,90
2025-03-03,21,5,66
2025-03-03,22,1,450
2025-03-03,22,2,327
2025-03-03,22,3,415
2025-03-03,22,4,192
2025-03-03,22,5,129
2025-03-03,23,1,136
2025-03-03,23,2,105
2025-03-03,23,3,125
2025-03-03,23,4,42
2025-03-03,23,5,33
2025-03-03,24,1,104
2025-03-03,24,2,95
2025-03-03,24,3,103
2025-03-03,24,4,42
2025-03-03,24,5,34
2025-03-03,25,1,324
2025-03-03,25,2,255
2025-03-03,25,3,319
2025-03-03,25,4,138
2025-03-03,25,5,87
2025-03-04,1,1,763
2025-03-04,1,2,610
2025-03-04,1,3,731
2025-03-04,1,4,302
2025-03-04,1,5,225
2025-03-04,2,1,489
2025-03-04,2,2,385
2025-03-04,2,3,428
2025-03-04,2,4,202
2025-03-04,2,5,148
2025-03-04,3,1,235
2025-03-04,3,2,192
2025-03-04,3,3,203
2025-03-04,3,4,92
2025-03-04,3,5,79
2025-03-04,4,1,629
2025-03-04,4,2,565
2025-03-04,4,3,593
2025-03-04,4,4,248
2025-03-04,4,5,209
2025-03-04,5,1,523
2025-03-04,5,2,444
2025-03-04,5,3,539
2025-03-04,5,4,186
2025-03-04,5,5,156
2025-03-04,6,1,343
2025-03-04,6,2,274
2025-03-04,6,3,311
2025-03-04,6,4,132
2025-03-04,6,5,98
2025-03-04,7,1,413
2025-03-04,7,2,334
2025-03-04,7,3,345
2025-03-04,7,4,127
2025-03-04,7,5,134
2025-03-04,8,1,196
2025-03-04,8,2,158
2025-03-04,8,3,155
2025-03-04,8,4,72
2025-03-04,8,5,54
2025-03-04,9,1,444
2025-03-04,9,2,381
2025-03-04,9,3,439
2025-03-04,9,4,174
2025-03-04,9,5,142
2025-03-04,10,1,260
2025-03-04,10,2,187
2025-03-04,10,3,185
2025-03-04,10,4,89
2025-03-04,10,5,75
2025-03-04,11,1,325
2025-03-04,11,2,259
2025-03-04,11,3,304
2025-03-04,11,4,138
2025-03-04,11,5,111
2025-03-04,12,1,402
2025-03-04,12,2,270
2025-03-04,12,3,356
2025-03-04,12,4,157
2025-03-04,12,5,115
2025-03-04,13,1,414
2025-03-04,13,2,337
2025-03-04,13,3,445
2025-03-04,13,4,176
2025-03-04,13,5,139
2025-03-04,14,1,289
2025-03-04,14,2,257
2025-03-04,14,3,266
2025-03-04,14,4,120
2025-03-04,14,5,94
2025-03-04,15,1,497
2025-03-04,15,2,404
2025-03-04,15,3,463
2025-03-04,15,4,194
2025-03-04,15,5,155
2025-03-04,16,1,333
2025-03-04,16,2,255
2025-03-04,16,3,282
2025-03-04,16,4,112
2025-03-04,16,5,97
2025-03-04,17,1,407
2025-03-04,17,2,323
2025-03-04,17,3,321
2025-03-04,17,4,135
2025-03-04,17,5,122
2025-03-04,18,1,890
2025-03-04,18,2,702
2025-03-04,18,3,803
2025-03-04,18,4,333
2025-03-04,18,5,279
2025-03-04,19,1,427
2025-03-04,19,2,353
2025-03-04,19,3,390
2025-03-04,19,4,151
2025-03-04,19,5,132
2025-03-04,20,1,445
2025-03-04,20,2,326
2025-03-04,20,3,418
2025-03-04,20,4,166
2025-03-04,20,5,160
2025-03-04,21,1,253
2025-03-04,21,2,198
2025-03-04,21,3,216
2025-03-04,21,4,93
2025-03-04,21,5,83
2025-03-04,22,1,448
2025-03-04,22,2,333
2025-03-04,22,3,442
2025-03-04,22,4,178
2025-03-04,22,5,154
2025-03-04,23,1,119
2025-03-04,23,2,90
2025-03-04,23,3,95
2025-03-04,23,4,42
2025-03-04,23,5,47
2025-03-04,24,1,105
2025-03-04,24,2,81
2025-03-04,24,3,109
2025-03-04,24,4,61
2025-03-04,24,5,38
2025-03-04,25,1,330
2025-03-04,25,2,252
2025-03-04,25,3,290
2025-03-04,25,4,144
2025-03-04,25,5,111
2025-03-05,1,1,706
2025-03-05,1,2,572
2025-03-05,1,3,647
2025-03-05,1,4,286
2025-03-05,1,5,249
2025-03-05,2,1,444
2025-03-05,2,2,355
2025-03-05,2,3,411
2025-03-05,2,4,165
2025-03-05,2,5,149
2025-03-05,3,1,213
2025-03-05,3,2,187
2025-03-05,3,3,211
2025-03-05,3,4,91
2025-03-05,3,5,57
2025-03-05,4,1,551
2025-03-05,4,2,534
2025-03-05,4,3,502
2025-03-05,4,4,232
2025-03-05,4,5,196
2025-03-05,5,1,515
2025-03-05,5,2,398
2025-03-05,5,3,429
2025-03-05,5,4,203
2025-03-05,5,5,145
2025-03-05,6,1,299
2025-03-05,6,2,241
2025-03-05,6,3,280
2025-03-05,6,4,133
2025-03-05,6,5,77
2025-03-05,7,1,324
2025-03-05,7,2,292
2025-03-05,7,3,337
2025-03-05,7,4,146
2025-03-05,7,5,122
2025-03-05,8,1,176
2025-03-05,8,2,138
2025-03-05,8,3,180
2025-03-05,8,4,66
2025-03-05,8,5,59
2025-03-05,9,1,447
2025-03-05,9,2,321
2025-03-05,9,3,420
2025-03-05,9,4,165
2025-03-05,9,5,120
2025-03-05,10,1,243
2025-03-05,10,2,192
2025-03-05,10,3,223
2025-03-05,10,4,81
2025-03-05,10,5,74
2025-03-05,11,1,289
2025-03-05,11,2,238
2025-03-05,11,3,292
2025-03-05,11,4,141
2025-03-05,11,5,87
2025-03-05,12,1,361
2025-03-05,12,2,311
2025-03-05,12,3,355
2025-03-05,12,4,151
2025-03-05,12,5,115
2025-03-05,13,1,414
2025-03-05,13,2,333
2025-03-05,13,3,373
2025-03-05,13,4,155
2025-03-05,13,5,139
2025-03-05,14,1,265
2025-03-05,14,2,205
2025-03-05,14,3,227
2025-03-05,14,4,102
2025-03-05,14,5,92
2025-03-05,15,1,457
2025-03-05,15,2,370
2025-03-05,15,3,410
2025-03-05,15,4,182
2025-03-05,15,5,144
2025-03-05,16,1,318
2025-03-05,16,2,213
2025-03-05,16,3,261
2025-03-05,16,4,101
2025-03-05,16,5,100
2025-03-05,17,1,366
2025-03-05,17,2,291
2025-03-05,17,3,318
2025-03-05,17,4,119
2025-03-05,17,5,116
2025-03-05,18,1,769
2025-03-05,18,2,633
2025-03-05,18,3,747
2025-03-05,18,4,324
2025-03-05,18,5,251
2025-03-05,19,1,377
2025-03-05,19,2,323
2025-03-05,19,3,386
2025-03-05,19,4,157
2025-03-05,19,5,116
2025-03-05,20,1,410
2025-03-05,20,2,325
2025-03-05,20,3,376
2025-03-05,20,4,146
2025-03-05,20,5,128
2025-03-05,21,1,208
2025-03-05,21,2,184
2025-03-05,21,3,208
2025-03-05,21,4,86
2025-03-05,21,5,87
2025-03-05,22,1,361
2025-03-05,22,2,299
2025-03-05,22,3,357
2025-03-05,22,4,167
2025-03-05,22,5,117
2025-03-05,23,1,107
2025-03-05,23,2,86
2025-03-05,23,3,106
2025-03-05,23,4,42
2025-03-05,23,5,32
2025-03-05,24,1,104
2025-03-05,24,2,77
2025-03-05,24,3,81
2025-03-05,24,4,37
2025-03-05,24,5,41
2025-03-05,25,1,311
2025-03-05,25,2,242
2025-03-05,25,3,273
2025-03-05,25,4,121
2025-03-05,25,5,112
2025-03-06,1,1,714
2025-03-06,1,2,506
2025-03-06,1,3,639
2025-03-06,1,4,274
2025-03-06,1,5,245
2025-03-06,2,1,430
2025-03-06,2,2,296
2025-03-06,2,3,400
2025-03-06,2,4,163
2025-03-06,2,5,141
2025-03-06,3,1,213
2025-03-06,3,2,165
2025-03-06,3,3,187
2025-03-06,3,4,78
2025-03-06,3,5,58
2025-03-06,4,1,593
2025-03-06,4,2,419
2025-03-06,4,3,540
2025-03-06,4,4,230
2025-03-06,4,5,167
2025-03-06,5,1,521
2025-03-06,5,2,335
2025-03-06,5,3,489
2025-03-06,5,4,172
2025-03-06,5,5,169
2025-03-06,6,1,295
2025-03-06,6,2,193
2025-03-06,6,3,311
2025-03-06,6,4,129
2025-03-06,6,5,102
2025-03-06,7,1,333
2025-03-06,7,2,253
2025-03-06,7,3,315
2025-03-06,7,4,130
2025-03-06,7,5,127
2025-03-06,8,1,174
2025-03-06,8,2,110
2025-03-06,8,3,129
2025-03-06,8,4,48
2025-03-06,8,5,50
2025-03-06,9,1,460
2025-03-06,9,2,302
2025-03-06,9,3,441
2025-03-06,9,4,167
2025-03-06,9,5,112
2025-03-06,10,1,224
2025-03-06,10,2,159
2025-03-06,10,3,219
2025-03-06,10,4,78
2025-03-06,10,5,73
2025-03-06,11,1,266
2025-03-06,11,2,188
2025-03-06,11,3,303
2025-03-06,11,4,103
2025-03-06,11,5,88
2025-03-06,12,1,344
2025-03-06,12,2,270
2025-03-06,12,3,324
2025-03-06,12,4,129
2025-03-06,12,5,99
2025-03-06,13,1,386
2025-03-06,13,2,298
2025-03-06,13,3,375
2025-03-06,13,4,177
2025-03-06,13,5,129
2025-03-06,14,1,278
2025-03-06,14,2,194
2025-03-06,14,3,266
2025-03-06,14,4,82
2025-03-06,14,5,81
2025-03-06,15,1,437
2025-03-06,15,2,340
2025-03-06,15,3,443
2025-03-06,15,4,168
2025-03-06,15,5,133
2025-03-06,16,1,250
2025-03-06,16,2,173
2025-03-06,16,3,238
2025-03-06,16,4,103
2025-03-06,16,5,76
2025-03-06,17,1,355
2025-03-06,17,2,275
2025-03-06,17,3,307
2025-03-06,17,4,133
2025-03-06,17,5,106
2025-03-06,18,1,740
2025-03-06,18,2,533
2025-03-06,18,3,772
2025-03-06,18,4,304
2025-03-06,18,5,259
2025-03-06,19,1,397
2025-03-06,19,2,281
2025-03-06,19,3,377
2025-03-06,19,4,151
2025-03-06,19,5,121
2025-03-06,20,1,375
2025-03-06,20,2,284
2025-03-06,20,3,376
2025-03-06,20,4,155
2025-03-06,20,5,128
2025-03-06,21,1,207
2025-03-06,21,2,160
2025-03-06,21,3,195
2025-03-06,21,4,89
2025-03-06,21,5,61
2025-03-06,22,1,391
2025-03-06,22,2,289
2025-03-06,22,3,330
2025-03-06,22,4,148
2025-03-06,22,5,120
2025-03-06,23,1,115
2025-03-06,23,2,78
2025-03-06,23,3,119
2025-03-06,23,4,33
2025-03-06,23,5,27
2025-03-06,24,1,106
2025-03-06,24,2,81
2025-03-06,24,3,104
2025-03-06,24,4,45
2025-03-06,24,5,22
2025-03-06,25,1,282
2025-03-06,25,2,242
2025-03-06,25,3,294
2025-03-06,25,4,105
2025-03-06,25,5,87
2025-03-07,1,1,721
2025-03-07,1,2,514
2025-03-07,1,3,674
2025-03-07,1,4,298
2025-03-07,1,5,247
2025-03-07,2,1,459
2025-03-07,2,2,326
2025-03-07,2,3,432
2025-03-07,2,4,179
2025-03-07,2,5,140
2025-03-07,3,1,211
2025-03-07,3,2,159
2025-03-07,3,3,194
2025-03-07,3,4,81
2025-03-07,3,5,74
2025-03-07,4,1,579
2025-03-07,4,2,424
2025-03-07,4,3,566
2025-03-07,4,4,212
2025-03-07,4,5,196
2025-03-07,5,1,463
2025-03-07,5,2,356
2025-03-07,5,3,452
2025-03-07,5,4,211
2025-03-07,5,5,173
2025-03-07,6,1,310
2025-03-07,6,2,222
2025-03-07,6,3,267
2025-03-07,6,4,133
2025-03-07,6,5,93
2025-03-07,7,1,372
2025-03-07,7,2,239
2025-03-07,7,3,352
2025-03-07,7,4,150
2025-03-07,7,5,115
2025-03-07,8,1,176
2025-03-07,8,2,100
2025-03-07,8,3,148
2025-03-07,8,4,62
2025-03-07,8,5,71
2025-03-07,9,1,450
2025-03-07,9,2,312
2025-03-07,9,3,422
2025-03-07,9,4,145
2025-03-07,9,5,131
2025-03-07,10,1,194
2025-03-07,10,2,154
2025-03-07,10,3,213
2025-03-07,10,4,87
2025-03-07,10,5,49
2025-03-07,11,1,298
2025-03-07,11,2,200
2025-03-07,11,3,249
2025-03-07,11,4,136
2025-03-07,11,5,93
2025-03-07,12,1,329
2025-03-07,12,2,262
2025-03-07,12,3,308
2025-03-07,12,4,123
2025-03-07,12,5,112
2025-03-07,13,1,380
2025-03-07,13,2,296
2025-03-07,13,3,389
2025-03-07,13,4,143
2025-03-07,13,5,131
2025-03-07,14,1,303
2025-03-07,14,2,183
2025-03-07,14,3,233
2025-03-07,14,4,116
2025-03-07,14,5,97
2025-03-07,15,1,495
2025-03-07,15,2,335
2025-03-07,15,3,436
2025-03-07,15,4,156
2025-03-07,15,5,159
2025-03-07,16,1,295
2025-03-07,16,2,185
2025-03-07,16,3,260
2025-03-07,16,4,99
2025-03-07,16,5,81
2025-03-07,17,1,368
2025-03-07,17,2,254
2025-03-07,17,3,312
2025-03-07,17,4,143
2025-03-07,17,5,105
2025-03-07,18,1,786
2025-03-07,18,2,588
2025-03-07,18,3,720
2025-03-07,18,4,299
2025-03-07,18,5,228
2025-03-07,19,1,379
2025-03-07,19,2,297
2025-03-07,19,3,377
2025-03-07,19,4,164
2025-03-07,19,5,131
2025-03-07,20,1,497
2025-03-07,20,2,323
2025-03-07,20,3,401
2025-03-07,20,4,146
2025-03-07,20,5,115
2025-03-07,21,1,213
2025-03-07,21,2,152
2025-03-07,21,3,227
2025-03-07,21,4,87
2025-03-07,21,5,54
2025-03-07,22,1,437
2025-03-07,22,2,297
2025-03-07,22,3,379
2025-03-07,22,4,188
2025-03-07,22,5,135
2025-03-07,23,1,125
2025-03-07,23,2,81
2025-03-07,23,3,104
2025-03-07,23,4,52
2025-03-07,23,5,37
2025-03-07,24,1,104
2025-03-07,24,2,64
2025-03-07,24,3,101
2025-03-07,24,4,47
2025-03-07,24,5,46
2025-03-07,25,1,310
2025-03-07,25,2,217
2025-03-07,25,3,301
2025-03-07,25,4,109
2025-03-07,25,5,96
2025-03-08,1,1,556
2025-03-08,1,2,420
2025-03-08,1,3,569
2025-03-08,1,4,242
2025-03-08,1,5,163
2025-03-08,2,1,371
2025-03-08,2,2,283
2025-03-08,2,3,331
2025-03-08,2,4,125
2025-03-08,2,5,94
2025-03-08,3,1,180
2025-03-08,3,2,124
2025-03-08,3,3,171
2025-03-08,3,4,73
2025-03-08,3,5,53
2025-03-08,4,1,503
2025-03-08,4,2,346
2025-03-08,4,3,472
2025-03-08,4,4,195
2025-03-08,4,5,141
2025-03-08,5,1,391
2025-03-08,5,2,292
2025-03-08,5,3,346
2025-03-08,5,4,141
2025-03-08,5,5,120
2025-03-08,6,1,244
2025-03-08,6,2,188
2025-03-08,6,3,240
2025-03-08,6,4,75
2025-03-08,6,5,77
2025-03-08,7,1,294
2025-03-08,7,2,187
2025-03-08,7,3,278
2025-03-08,7,4,117
2025-03-08,7,5,93
2025-03-08,8,1,132
2025-03-08,8,2,96
2025-03-08,8,3,112
2025-03-08,8,4,59
2025-03-08,8,5,39
2025-03-08,9,1,316
2025-03-08,9,2,265
2025-03-08,9,3,339
2025-03-08,9,4,158
2025-03-08,9,5,111
2025-03-08,10,1,164
2025-03-08,10,2,129
2025-03-08,10,3,187
2025-03-08,10,4,76
2025-03-08,10,5,57
2025-03-08,11,1,248
2025-03-08,11,2,173
2025-03-08,11,3,229
2025-03-08,11,4,89
2025-03-08,11,5,101
2025-03-08,12,1,300
2025-03-08,12,2,210
2025-03-08,12,3,259
2025-03-08,12,4,124
2025-03-08,12,5,82
2025-03-08,13,1,337
2025-03-08,13,2,220
2025-03-08,13,3,283
2025-03-08,13,4,122
2025-03-08,13,5,96
2025-03-08,14,1,195
2025-03-08,14,2,169
2025-03-08,14,3,201
2025-03-08,14,4,85
2025-03-08,14,5,72
2025-03-08,15,1,358
2025-03-08,15,2,268
2025-03-08,15,3,349
2025-03-08,15,4,135
2025-03-08,15,5,110
2025-03-08,16,1,230
2025-03-08,16,2,146
2025-03-08,16,3,226
2025-03-08,16,4,86
2025-03-08,16,5,78
2025-03-08,17,1,279
2025-03-08,17,2,207
2025-03-08,17,3,275
2025-03-08,17,4,102
2025-03-08,17,5,77
2025-03-08,18,1,680
2025-03-08,18,2,474
2025-03-08,18,3,609
2025-03-08,18,4,257
2025-03-08,18,5,202
2025-03-08,19,1,288
2025-03-08,19,2,244
2025-03-08,19,3,288
2025-03-08,19,4,112
2025-03-08,19,5,94
2025-03-08,20,1,308
2025-03-08,20,2,217
2025-03-08,20,3,313
2025-03-08,20,4,137
2025-03-08,20,5,83
2025-03-08,21,1,160
2025-03-08,21,2,155
2025-03-08,21,3,150
2025-03-08,21,4,64
2025-03-08,21,5,62
2025-03-08,22,1,302
2025-03-08,22,2,227
2025-03-08,22,3,298
2025-03-08,22,4,104
2025-03-08,22,5,78
2025-03-08,23,1,98
2025-03-08,23,2,70
2025-03-08,23,3,90
2025-03-08,23,4,27
2025-03-08,23,5,26
2025-03-08,24,1,78
2025-03-08,24,2,59
2025-03-08,24,3,77
2025-03-08,24,4,23
2025-03-08,24,5,30
2025-03-08,25,1,220
2025-03-08,25,2,170
2025-03-08,25,3,212
2025-03-08,25,4,84
2025-03-08,25,5,64
2025-03-09,1,1,560
2025-03-09,1,2,401
2025-03-09,1,3,492
2025-03-09,1,4,191
2025-03-09,1,5,190
2025-03-09,2,1,352
2025-03-09,2,2,261
2025-03-09,2,3,330
2025-03-09,2,4,120
2025-03-09,2,5,116
2025-03-09,3,1,163
2025-03-09,3,2,104
2025-03-09,3,3,151
2025-03-09,3,4,67
2025-03-09,3,5,44
2025-03-09,4,1,444
2025-03-09,4,2,312
2025-03-09,4,3,443
2025-03-09,4,4,147
2025-03-09,4,5,144
2025-03-09,5,1,346
2025-03-09,5,2,278
2025-03-09,5,3,380
2025-03-09,5,4,135
2025-03-09,5,5,123
2025-03-09,6,1,224
2025-03-09,6,2,157
2025-03-09,6,3,212
2025-03-09,6,4,88
2025-03-09,6,5,55
2025-03-09,7,1,268
2025-03-09,7,2,201
2025-03-09,7,3,266
2025-03-09,7,4,127
2025-03-09,7,5,75
2025-03-09,8,1,122
2025-03-09,8,2,93
2025-03-09,8,3,138
2025-03-09,8,4,50
2025-03-09,8,5,46
2025-03-09,9,1,320
2025-03-09,9,2,270
2025-03-09,9,3,304
2025-03-09,9,4,136
2025-03-09,9,5,104
2025-03-09,10,1,156
2025-03-09,10,2,129
2025-03-09,10,3,163
2025-03-09,10,4,74
2025-03-09,10,5,57
2025-03-09,11,1,228
2025-03-09,11,2,162
2025-03-09,11,3,183
2025-03-09,11,4,84
2025-03-09,11,5,85
2025-03-09,12,1,241
2025-03-09,12,2,203
2025-03-09,12,3,232
2025-03-09,12,4,120
2025-03-09,12,5,80
2025-03-09,13,1,288
2025-03-09,13,2,226
2025-03-09,13,3,307
2025-03-09,13,4,120
2025-03-09,13,5,97
2025-03-09,14,1,194
2025-03-09,14,2,165
2025-03-09,14,3,203
2025-03-09,14,4,83
2025-03-09,14,5,67
2025-03-09,15,1,370
2025-03-09,15,2,260
2025-03-09,15,3,304
2025-03-09,15,4,120
2025-03-09,15,5,115
2025-03-09,16,1,202
2025-03-09,16,2,170
2025-03-09,16,3,197
2025-03-09,16,4,84
2025-03-09,16,5,62
2025-03-09,17,1,304
2025-03-09,17,2,215
2025-03-09,17,3,269
2025-03-09,17,4,107
2025-03-09,17,5,93
2025-03-09,18,1,601
2025-03-09,18,2,435
2025-03-09,18,3,572
2025-03-09,18,4,202
2025-03-09,18,5,212
2025-03-09,19,1,295
2025-03-09,19,2,228
2025-03-09,19,3,277
2025-03-09,19,4,128
2025-03-09,19,5,83
2025-03-09,20,1,336
2025-03-09,20,2,225
2025-03-09,20,3,313
2025-03-09,20,4,92
2025-03-09,20,5,98
2025-03-09,21,1,167
2025-03-09,21,2,104
2025-03-09,21,3,164
2025-03-09,21,4,62
2025-03-09,21,5,62
2025-03-09,22,1,313
2025-03-09,22,2,218
2025-03-09,22,3,270
2025-03-09,22,4,136
2025-03-09,22,5,72
2025-03-09,23,1,87
2025-03-09,23,2,64
2025-03-09,23,3,85
2025-03-09,23,4,40
2025-03-09,23,5,25
2025-03-09,24,1,58
2025-03-09,24,2,56
2025-03-09,24,3,76
2025-03-09,24,4,29
2025-03-09,24,5,28
2025-03-09,25,1,231
2025-03-09,25,2,192
2025-03-09,25,3,205
2025-03-09,25,4,72
2025-03-09,25,5,85
2025-03-10,1,1,840
2025-03-10,1,2,626
2025-03-10,1,3,742
2025-03-10,1,4,292
2025-03-10,1,5,253
2025-03-10,2,1,471
2025-03-10,2,2,419
2025-03-10,2,3,502
2025-03-10,2,4,190
2025-03-10,2,5,149
2025-03-10,3,1,236
2025-03-10,3,2,161
2025-03-10,3,3,252
2025-03-10,3,4,78
2025-03-10,3,5,74
2025-03-10,4,1,659
2025-03-10,4,2,545
2025-03-10,4,3,666
2025-03-10,4,4,231
2025-03-10,4,5,217
2025-03-10,5,1,558
2025-03-10,5,2,463
2025-03-10,5,3,509
2025-03-10,5,4,213
2025-03-10,5,5,187
2025-03-10,6,1,350
2025-03-10,6,2,306
2025-03-10,6,3,343
2025-03-10,6,4,155
2025-03-10,6,5,110
2025-03-10,7,1,422
2025-03-10,7,2,345
2025-03-10,7,3,376
2025-03-10,7,4,167
2025-03-10,7,5,127
2025-03-10,8,1,195
2025-03-10,8,2,171
2025-03-10,8,3,202
2025-03-10,8,4,70
2025-03-10,8,5,55
2025-03-10,9,1,500
2025-03-10,9,2,422
2025-03-10,9,3,463
2025-03-10,9,4,193
2025-03-10,9,5,130
2025-03-10,10,1,250
2025-03-10,10,2,199
2025-03-10,10,3,246
2025-03-10,10,4,101
2025-03-10,10,5,76
2025-03-10,11,1,370
2025-03-10,11,2,288
2025-03-10,11,3,321
2025-03-10,11,4,107
2025-03-10,11,5,95
2025-03-10,12,1,380
2025-03-10,12,2,344
2025-03-10,12,3,371
2025-03-10,12,4,146
2025-03-10,12,5,110
2025-03-10,13,1,491
2025-03-10,13,2,401
2025-03-10,13,3,471
2025-03-10,13,4,178
2025-03-10,13,5,167
2025-03-10,14,1,349
2025-03-10,14,2,267
2025-03-10,14,3,273
2025-03-10,14,4,133
2025-03-10,14,5,99
2025-03-10,15,1,562
2025-03-10,15,2,444
2025-03-10,15,3,483
2025-03-10,15,4,200
2025-03-10,15,5,161
2025-03-10,16,1,345
2025-03-10,16,2,261
2025-03-10,16,3,305
2025-03-10,16,4,115
2025-03-10,16,5,86
2025-03-10,17,1,392
2025-03-10,17,2,325
2025-03-10,17,3,367
2025-03-10,17,4,161
2025-03-10,17,5,124
2025-03-10,18,1,955
2025-03-10,18,2,755
2025-03-10,18,3,829
2025-03-10,18,4,366
2025-03-10,18,5,285
2025-03-10,19,1,427
2025-03-10,19,2,388
2025-03-10,19,3,472
2025-03-10,19,4,173
2025-03-10,19,5,154
2025-03-10,20,1,494
2025-03-10,20,2,357
2025-03-10,20,3,421
2025-03-10,20,4,182
2025-03-10,20,5,166
2025-03-10,21,1,214
2025-03-10,21,2,223
2025-03-10,21,3,216
2025-03-10,21,4,83
2025-03-10,21,5,90
2025-03-10,22,1,461
2025-03-10,22,2,387
2025-03-10,22,3,404
2025-03-10,22,4,166
2025-03-10,22,5,135
2025-03-10,23,1,136
2025-03-10,23,2,100
2025-03-10,23,3,131
2025-03-10,23,4,48
2025-03-10,23,5,48
2025-03-10,24,1,105
2025-03-10,24,2,87
2025-03-10,24,3,79
2025-03-10,24,4,34
2025-03-10,24,5,34
2025-03-10,25,1,346
2025-03-10,25,2,296
2025-03-10,25,3,335
2025-03-10,25,4,120
2025-03-10,25,5,105
2025-03-11,1,1,835
2025-03-11,1,2,693
2025-03-11,1,3,766
2025-03-11,1,4,338
2025-03-11,1,5,263
2025-03-11,2,1,515
2025-03-11,2,2,431
2025-03-11,2,3,468
2025-03-11,2,4,210
2025-03-11,2,5,131
2025-03-11,3,1,258
2025-03-11,3,2,195
2025-03-11,3,3,201
2025-03-11,3,4,92
2025-03-11,3,5,79
2025-03-11,4,1,686
2025-03-11,4,2,620
2025-03-11,4,3,663
2025-03-11,4,4,249
2025-03-11,4,5,252
2025-03-11,5,1,552
2025-03-11,5,2,505
2025-03-11,5,3,529
2025-03-11,5,4,234
2025-03-11,5,5,179
2025-03-11,6,1,353
2025-03-11,6,2,303
2025-03-11,6,3,305
2025-03-11,6,4,150
2025-03-11,6,5,112
2025-03-11,7,1,374
2025-03-11,7,2,307
2025-03-11,7,3,404
2025-03-11,7,4,141
2025-03-11,7,5,123
2025-03-11,8,1,202
2025-03-11,8,2,169
2025-03-11,8,3,172
2025-03-11,8,4,68
2025-03-11,8,5,69
2025-03-11,9,1,488
2025-03-11,9,2,377
2025-03-11,9,3,482
2025-03-11,9,4,175
2025-03-11,9,5,138
2025-03-11,10,1,264
2025-03-11,10,2,191
2025-03-11,10,3,233
2025-03-11,10,4,121
2025-03-11,10,5,77
2025-03-11,11,1,312
2025-03-11,11,2,275
2025-03-11,11,3,330
2025-03-11,11,4,106
2025-03-11,11,5,114
2025-03-11,12,1,401
2025-03-11,12,2,354
2025-03-11,12,3,361
2025-03-11,12,4,172
2025-03-11,12,5,128
2025-03-11,13,1,473
2025-03-11,13,2,373
2025-03-11,13,3,452
2025-03-11,13,4,169
2025-03-11,13,5,164
2025-03-11,14,1,304
2025-03-11,14,2,225
2025-03-11,14,3,308
2025-03-11,14,4,118
2025-03-11,14,5,103
2025-03-11,15,1,515
2025-03-11,15,2,413
2025-03-11,15,3,488
2025-03-11,15,4,216
2025-03-11,15,5,155
2025-03-11,16,1,338
2025-03-11,16,2,280
2025-03-11,16,3,315
2025-03-11,16,4,110
2025-03-11,16,5,101
2025-03-11,17,1,388
2025-03-11,17,2,312
2025-03-11,17,3,400
2025-03-11,17,4,156
2025-03-11,17,5,139
2025-03-11,18,1,945
2025-03-11,18,2,779
2025-03-11,18,3,849
2025-03-11,18,4,364
2025-03-11,18,5,313
2025-03-11,19,1,442
2025-03-11,19,2,343
2025-03-11,19,3,442
2025-03-11,19,4,174
2025-03-11,19,5,158
2025-03-11,20,1,477
2025-03-11,20,2,391
2025-03-11,20,3,474
2025-03-11,20,4,160
2025-03-11,20,5,160
2025-03-11,21,1,256
2025-03-11,21,2,184
2025-03-11,21,3,232
2025-03-11,21,4,97
2025-03-11,21,5,66
2025-03-11,22,1,432
2025-03-11,22,2,358
2025-03-11,22,3,381
2025-03-11,22,4,165
2025-03-11,22,5,136
2025-03-11,23,1,150
2025-03-11,23,2,97
2025-03-11,23,3,110
2025-03-11,23,4,54
2025-03-11,23,5,35
2025-03-11,24,1,103
2025-03-11,24,2,88
2025-03-11,24,3,103
2025-03-11,24,4,40
2025-03-11,24,5,37
2025-03-11,25,1,382
2025-03-11,25,2,270
2025-03-11,25,3,317
2025-03-11,25,4,134
2025-03-11,25,5,99
2025-03-12,1,1,667
2025-03-12,1,2,581
2025-03-12,1,3,701
2025-03-12,1,4,287
2025-03-12,1,5,245
2025-03-12,2,1,436
2025-03-12,2,2,364
2025-03-12,2,3,407
2025-03-12,2,4,155
2025-03-12,2,5,126
2025-03-12,3,1,203
2025-03-12,3,2,175
2025-03-12,3,3,205
2025-03-12,3,4,77
2025-03-12,3,5,55
2025-03-12,4,1,560
2025-03-12,4,2,468
2025-03-12,4,3,587
2025-03-12,4,4,205
2025-03-12,4,5,178
2025-03-12,5,1,506
2025-03-12,5,2,384
2025-03-12,5,3,483
2025-03-12,5,4,188
2025-03-12,5,5,157
2025-03-12,6,1,317
2025-03-12,6,2,219
2025-03-12,6,3,258
2025-03-12,6,4,137
2025-03-12,6,5,119
2025-03-12,7,1,371
2025-03-12,7,2,302
2025-03-12,7,3,326
2025-03-12,7,4,144
2025-03-12,7,5,107
2025-03-12,8,1,176
2025-03-12,8,2,147
2025-03-12,8,3,168
2025-03-12,8,4,71
2025-03-12,8,5,55
2025-03-12,9,1,440
2025-03-12,9,2,331
2025-03-12,9,3,386
2025-03-12,9,4,178
2025-03-12,9,5,139
2025-03-12,10,1,230
2025-03-12,10,2,209
2025-03-12,10,3,207
2025-03-12,10,4,80
2025-03-12,10,5,79
2025-03-12,11,1,328
2025-03-12,11,2,230
2025-03-12,11,3,313
2025-03-12,11,4,122
2025-03-12,11,5,88
2025-03-12,12,1,362
2025-03-12,12,2,290
2025-03-12,12,3,318
2025-03-12,12,4,123
2025-03-12,12,5,137
2025-03-12,13,1,400
2025-03-12,13,2,359
2025-03-12,13,3,393
2025-03-12,13,4,167
2025-03-12,13,5,143
2025-03-12,14,1,263
2025-03-12,14,2,219
2025-03-12,14,3,254
2025-03-12,14,4,104
2025-03-12,14,5,94
2025-03-12,15,1,492
2025-03-12,15,2,353
2025-03-12,15,3,459
2025-03-12,15,4,183
2025-03-12,15,5,145
2025-03-12,16,1,298
2025-03-12,16,2,246
2025-03-12,16,3,272
2025-03-12,16,4,114
2025-03-12,16,5,100
2025-03-12,17,1,365
2025-03-12,17,2,332
2025-03-12,17,3,309
2025-03-12,17,4,120
2025-03-12,17,5,127
2025-03-12,18,1,765
2025-03-12,18,2,638
2025-03-12,18,3,786
2025-03-12,18,4,291
2025-03-12,18,5,248
2025-03-12,19,1,414
2025-03-12,19,2,341
2025-03-12,19,3,398
2025-03-12,19,4,161
2025-03-12,19,5,141
2025-03-12,20,1,393
2025-03-12,20,2,341
2025-03-12,20,3,365
2025-03-12,20,4,181
2025-03-12,20,5,125
2025-03-12,21,1,235
2025-03-12,21,2,183
2025-03-12,21,3,201
2025-03-12,21,4,87
2025-03-12,21,5,71
2025-03-12,22,1,431
2025-03-12,22,2,313
2025-03-12,22,3,365
2025-03-12,22,4,143
2025-03-12,22,5,119
2025-03-12,23,1,130
2025-03-12,23,2,87
2025-03-12,23,3,96
2025-03-12,23,4,34
2025-03-12,23,5,28
2025-03-12,24,1,100
2025-03-12,24,2,68
2025-03-12,24,3,91
2025-03-12,24,4,36
2025-03-12,24,5,32
2025-03-12,25,1,272
2025-03-12,25,2,230
2025-03-12,25,3,303
2025-03-12,25,4,123
2025-03-12,25,5,114
2025-03-13,1,1,722
2025-03-13,1,2,522
2025-03-13,1,3,650
2025-03-13,1,4,260
2025-03-13,1,5,230
2025-03-13,2,1,412
2025-03-13,2,2,323
2025-03-13,2,3,412
2025-03-13,2,4,158
2025-03-13,2,5,132
2025-03-13,3,1,214
2025-03-13,3,2,135
2025-03-13,3,3,220
2025-03-13,3,4,73
2025-03-13,3,5,72
2025-03-13,4,1,618
2025-03-13,4,2,449
2025-03-13,4,3,578
2025-03-13,4,4,205
2025-03-13,4,5,205
2025-03-13,5,1,478
2025-03-13,5,2,390
2025-03-13,5,3,451
2025-03-13,5,4,198
2025-03-13,5,5,158
2025-03-13,6,1,314
2025-03-13,6,2,206
2025-03-13,6,3,281
2025-03-13,6,4,136
2025-03-13,6,5,87
2025-03-13,7,1,343
2025-03-13,7,2,264
2025-03-13,7,3,332
2025-03-13,7,4,127
2025-03-13,7,5,102
2025-03-13,8,1,145
2025-03-13,8,2,136
2025-03-13,8,3,176
2025-03-13,8,4,70
2025-03-13,8,5,51
2025-03-13,9,1,420
2025-03-13,9,2,312
2025-03-13,9,3,394
2025-03-13,9,4,169
2025-03-13,9,5,130
2025-03-13,10,1,216
2025-03-13,10,2,169
2025-03-13,10,3,193
2025-03-13,10,4,76
2025-03-13,10,5,69
2025-03-13,11,1,276
2025-03-13,11,2,223
2025-03-13,11,3,261
2025-03-13,11,4,118
2025-03-13,11,5,76
2025-03-13,12,1,339
2025-03-13,12,2,280
2025-03-13,12,3,294
2025-03-13,12,4,139
2025-03-13,12,5,106
2025-03-13,13,1,393
2025-03-13,13,2,299
2025-03-13,13,3,385
2025-03-13,13,4,136
2025-03-13,13,5,107
2025-03-13,14,1,280
2025-03-13,14,2,183
2025-03-13,14,3,247
2025-03-13,14,4,99
2025-03-13,14,5,82
2025-03-13,15,1,430
2025-03-13,15,2,317
2025-03-13,15,3,437
2025-03-13,15,4,181
2025-03-13,15,5,130
2025-03-13,16,1,267
2025-03-13,16,2,206
2025-03-13,16,3,245
2025-03-13,16,4,107
2025-03-13,16,5,80
2025-03-13,17,1,346
2025-03-13,17,2,275
2025-03-13,17,3,341
2025-03-13,17,4,140
2025-03-13,17,5,145
2025-03-13,18,1,759
2025-03-13,18,2,609
2025-03-13,18,3,712
2025-03-13,18,4,280
2025-03-13,18,5,226
2025-03-13,19,1,376
2025-03-13,19,2,284
2025-03-13,19,3,365
2025-03-13,19,4,150
2025-03-13,19,5,108
2025-03-13,20,1,410
2025-03-13,20,2,284
2025-03-13,20,3,399
2025-03-13,20,4,157
2025-03-13,20,5,124
2025-03-13,21,1,217
2025-03-13,21,2,151
2025-03-13,21,3,189
2025-03-13,21,4,75
2025-03-13,21,5,60
2025-03-13,22,1,411
2025-03-13,22,2,271
2025-03-13,22,3,350
2025-03-13,22,4,139
2025-03-13,22,5,135
2025-03-13,23,1,103
2025-03-13,23,2,81
2025-03-13,23,3,90
2025-03-13,23,4,44
2025-03-13,23,5,33
2025-03-13,24,1,98
2025-03-13,24,2,71
2025-03-13,24,3,87
2025-03-13,24,4,35
2025-03-13,24,5,30
2025-03-13,25,1,289
2025-03-13,25,2,195
2025-03-13,25,3,299
2025-03-13,25,4,125
2025-03-13,25,5,92
2025-03-14,1,1,726
2025-03-14,1,2,522
2025-03-14,1,3,702
2025-03-14,1,4,266
2025-03-14,1,5,236
2025-03-14,2,1,463
2025-03-14,2,2,322
2025-03-14,2,3,430
2025-03-14,2,4,160
2025-03-14,2,5,138
2025-03-14,3,1,214
2025-03-14,3,2,155
2025-03-14,3,3,190
2025-03-14,3,4,63
2025-03-14,3,5,63
2025-03-14,4,1,652
2025-03-14,4,2,445
2025-03-14,4,3,574
2025-03-14,4,4,221
2025-03-14,4,5,188
2025-03-14,5,1,521
2025-03-14,5,2,380
2025-03-14,5,3,463
2025-03-14,5,4,197
2025-03-14,5,5,172
2025-03-14,6,1,304
2025-03-14,6,2,249
2025-03-14,6,3,296
2025-03-14,6,4,120
2025-03-14,6,5,100
2025-03-14,7,1,357
2025-03-14,7,2,281
2025-03-14,7,3,348
2025-03-14,7,4,127
2025-03-14,7,5,101
2025-03-14,8,1,179
2025-03-14,8,2,125
2025-03-14,8,3,146
2025-03-14,8,4,70
2025-03-14,8,5,41
2025-03-14,9,1,440
2025-03-14,9,2,359
2025-03-14,9,3,403
2025-03-14,9,4,185
2025-03-14,9,5,146
2025-03-14,10,1,212
2025-03-14,10,2,167
2025-03-14,10,3,229
2025-03-14,10,4,84
2025-03-14,10,5,65
2025-03-14,11,1,300
2025-03-14,11,2,206
2025-03-14,11,3,279
2025-03-14,11,4,111
2025-03-14,11,5,96
2025-03-14,12,1,361
2025-03-14,12,2,272
2025-03-14,12,3,350
2025-03-14,12,4,134
2025-03-14,12,5,96
2025-03-14,13,1,405
2025-03-14,13,2,297
2025-03-14,13,3,360
2025-03-14,13,4,160
2025-03-14,13,5,146
2025-03-14,14,1,246
2025-03-14,14,2,211
2025-03-14,14,3,262
2025-03-14,14,4,116
2025-03-14,14,5,77
2025-03-14,15,1,495
2025-03-14,15,2,325
2025-03-14,15,3,406
2025-03-14,15,4,185
2025-03-14,15,5,146
2025-03-14,16,1,289
2025-03-14,16,2,197
2025-03-14,16,3,286
2025-03-14,16,4,108
2025-03-14,16,5,94
2025-03-14,17,1,357
2025-03-14,17,2,284
2025-03-14,17,3,330
2025-03-14,17,4,132
2025-03-14,17,5,122
2025-03-14,18,1,821
2025-03-14,18,2,591
2025-03-14,18,3,744
2025-03-14,18,4,327
2025-03-14,18,5,285
2025-03-14,19,1,407
2025-03-14,19,2,265
2025-03-14,19,3,400
2025-03-14,19,4,156
2025-03-14,19,5,105
2025-03-14,20,1,383
2025-03-14,20,2,294
2025-03-14,20,3,386
2025-03-14,20,4,172
2025-03-14,20,5,125
2025-03-14,21,1,231
2025-03-14,21,2,144
2025-03-14,21,3,197
2025-03-14,21,4,85
2025-03-14,21,5,75
2025-03-14,22,1,385
2025-03-14,22,2,301
2025-03-14,22,3,374
2025-03-14,22,4,164
2025-03-14,22,5,128
2025-03-14,23,1,107
2025-03-14,23,2,84
2025-03-14,23,3,105
2025-03-14,23,4,32
2025-03-14,23,5,30
2025-03-14,24,1,94
2025-03-14,24,2,74
2025-03-14,24,3,102
2025-03-14,24,4,37
2025-03-14,24,5,25
2025-03-14,25,1,314
2025-03-14,25,2,225
2025-03-14,25,3,300
2025-03-14,25,4,104
2025-03-14,25,5,98
2025-03-15,1,1,581
2025-03-15,1,2,412
2025-03-15,1,3,522
2025-03-15,1,4,235
2025-03-15,1,5,175
2025-03-15,2,1,331
2025-03-15,2,2,284
2025-03-15,2,3,299
2025-03-15,2,4,143
2025-03-15,2,5,113
2025-03-15,3,1,158
2025-03-15,3,2,138
2025-03-15,3,3,148
2025-03-15,3,4,59
2025-03-15,3,5,59
2025-03-15,4,1,502
2025-03-15,4,2,359
2025-03-15,4,3,472
2025-03-15,4,4,189
2025-03-15,4,5,145
2025-03-15,5,1,397
2025-03-15,5,2,303
2025-03-15,5,3,369
2025-03-15,5,4,142
2025-03-15,5,5,117
2025-03-15,6,1,259
2025-03-15,6,2,191
2025-03-15,6,3,229
2025-03-15,6,4,90
2025-03-15,6,5,80
2025-03-15,7,1,308
2025-03-15,7,2,207
2025-03-15,7,3,274
2025-03-15,7,4,124
2025-03-15,7,5,83
2025-03-15,8,1,148
2025-03-15,8,2,101
2025-03-15,8,3,137
2025-03-15,8,4,62
2025-03-15,8,5,51
2025-03-15,9,1,374
2025-03-15,9,2,296
2025-03-15,9,3,320
2025-03-15,9,4,139
2025-03-15,9,5,97
2025-03-15,10,1,173
2025-03-15,10,2,120
2025-03-15,10,3,166
2025-03-15,10,4,65
2025-03-15,10,5,45
2025-03-15,11,1,244
2025-03-15,11,2,188
2025-03-15,11,3,243
2025-03-15,11,4,79
2025-03-15,11,5,83
2025-03-15,12,1,290
2025-03-15,12,2,191
2025-03-15,12,3,255
2025-03-15,12,4,114
2025-03-15,12,5,105
2025-03-15,13,1,310
2025-03-15,13,2,252
2025-03-15,13,3,304
2025-03-15,13,4,139
2025-03-15,13,5,112
2025-03-15,14,1,209
2025-03-15,14,2,168
2025-03-15,14,3,207
2025-03-15,14,4,81
2025-03-15,14,5,65
2025-03-15,15,1,384
2025-03-15,15,2,270
2025-03-15,15,3,341
2025-03-15,15,4,150
2025-03-15,15,5,130
2025-03-15,16,1,239
2025-03-15,16,2,149
2025-03-15,16,3,190
2025-03-15,16,4,90
2025-03-15,16,5,70
2025-03-15,17,1,302
2025-03-15,17,2,223
2025-03-15,17,3,281
2025-03-15,17,4,112
2025-03-15,17,5,92
2025-03-15,18,1,692
2025-03-15,18,2,499
2025-03-15,18,3,577
2025-03-15,18,4,229
2025-03-15,18,5,201
2025-03-15,19,1,335
2025-03-15,19,2,220
2025-03-15,19,3,289
2025-03-15,19,4,111
2025-03-15,19,5,105
2025-03-15,20,1,317
2025-03-15,20,2,226
2025-03-15,20,3,296
2025-03-15,20,4,113
2025-03-15,20,5,112
2025-03-15,21,1,189
2025-03-15,21,2,129
2025-03-15,21,3,167
2025-03-15,21,4,78
2025-03-15,21,5,57
2025-03-15,22,1,345
2025-03-15,22,2,251
2025-03-15,22,3,288
2025-03-15,22,4,107
2025-03-15,22,5,101
2025-03-15,23,1,94
2025-03-15,23,2,69
2025-03-15,23,3,85
2025-03-15,23,4,42
2025-03-15,23,5,30
2025-03-15,24,1,79
2025-03-15,24,2,52
2025-03-15,24,3,74
2025-03-15,24,4,25
2025-03-15,24,5,25
2025-03-15,25,1,247
2025-03-15,25,2,168
2025-03-15,25,3,237
2025-03-15,25,4,95
2025-03-15,25,5,91
2025-03-16,1,1,567
2025-03-16,1,2,379
2025-03-16,1,3,539
2025-03-16,1,4,199
2025-03-16,1,5,154
2025-03-16,2,1,357
2025-03-16,2,2,249
2025-03-16,2,3,297
2025-03-16,2,4,145
2025-03-16,2,5,112
2025-03-16,3,1,186
2025-03-16,3,2,107
2025-03-16,3,3,172
2025-03-16,3,4,49
2025-03-16,3,5,59
2025-03-16,4,1,476
2025-03-16,4,2,334
2025-03-16,4,3,386
2025-03-16,4,4,164
2025-03-16,4,5,154
2025-03-16,5,1,373
2025-03-16,5,2,257
2025-03-16,5,3,360
2025-03-16,5,4,151
2025-03-16,5,5,111
2025-03-16,6,1,219
2025-03-16,6,2,180
2025-03-16,6,3,201
2025-03-16,6,4,72
2025-03-16,6,5,88
2025-03-16,7,1,250
2025-03-16,7,2,196
2025-03-16,7,3,242
2025-03-16,7,4,103
2025-03-16,7,5,98
2025-03-16,8,1,127
2025-03-16,8,2,86
2025-03-16,8,3,113
2025-03-16,8,4,47
2025-03-16,8,5,43
2025-03-16,9,1,361
2025-03-16,9,2,289
2025-03-16,9,3,314
2025-03-16,9,4,143
2025-03-16,9,5,95
2025-03-16,10,1,187
2025-03-16,10,2,129
2025-03-16,10,3,186
2025-03-16,10,4,77
2025-03-16,10,5,53
2025-03-16,11,1,230
2025-03-16,11,2,161
2025-03-16,11,3,209
2025-03-16,11,4,107
2025-03-16,11,5,85
2025-03-16,12,1,281
2025-03-16,12,2,198
2025-03-16,12,3,235
2025-03-16,12,4,114
2025-03-16,12,5,90
2025-03-16,13,1,288
2025-03-16,13,2,221
2025-03-16,13,3,277
2025-03-16,13,4,126
2025-03-16,13,5,106
2025-03-16,14,1,214
2025-03-16,14,2,155
2025-03-16,14,3,182
2025-03-16,14,4,74
2025-03-16,14,5,60
2025-03-16,15,1,359
2025-03-16,15,2,256
2025-03-16,15,3,330
2025-03-16,15,4,137
2025-03-16,15,5,110
2025-03-16,16,1,235
2025-03-16,16,2,126
2025-03-16,16,3,214
2025-03-16,16,4,77
2025-03-16,16,5,58
2025-03-16,17,1,299
2025-03-16,17,2,212
2025-03-16,17,3,258
2025-03-16,17,4,98
2025-03-16,17,5,101
2025-03-16,18,1,644
2025-03-16,18,2,427
2025-03-16,18,3,609
2025-03-16,18,4,218
2025-03-16,18,5,209
2025-03-16,19,1,316
2025-03-16,19,2,214
2025-03-16,19,3,289
2025-03-16,19,4,122
2025-03-16,19,5,86
2025-03-16,20,1,298
2025-03-16,20,2,228
2025-03-16,20,3,312
2025-03-16,20,4,129
2025-03-16,20,5,90
2025-03-16,21,1,170
2025-03-16,21,2,112
2025-03-16,21,3,151
2025-03-16,21,4,74
2025-03-16,21,5,42
2025-03-16,22,1,267
2025-03-16,22,2,208
2025-03-16,22,3,301
2025-03-16,22,4,114
2025-03-16,22,5,97
2025-03-16,23,1,87
2025-03-16,23,2,57
2025-03-16,23,3,84
2025-03-16,23,4,36
2025-03-16,23,5,23
2025-03-16,24,1,74
2025-03-16,24,2,46
2025-03-16,24,3,67
2025-03-16,24,4,26
2025-03-16,24,5,17
2025-03-16,25,1,243
2025-03-16,25,2,170
2025-03-16,25,3,206
2025-03-16,25,4,97
2025-03-16,25,5,59
2025-03-17,1,1,842
2025-03-17,1,2,707
2025-03-17,1,3,804
2025-03-17,1,4,287
2025-03-17,1,5,237
2025-03-17,2,1,492
2025-03-17,2,2,420
2025-03-17,2,3,468
2025-03-17,2,4,172
2025-03-17,2,5,177
2025-03-17,3,1,227
2025-03-17,3,2,207
2025-03-17,3,3,242
2025-03-17,3,4,93
2025-03-17,3,5,84
2025-03-17,4,1,704
2025-03-17,4,2,561
2025-03-17,4,3,631
2025-03-17,4,4,276
2025-03-17,4,5,219
2025-03-17,5,1,558
2025-03-17,5,2,490
2025-03-17,5,3,556
2025-03-17,5,4,221
2025-03-17,5,5,167
2025-03-17,6,1,364
2025-03-17,6,2,288
2025-03-17,6,3,380
2025-03-17,6,4,117
2025-03-17,6,5,103
2025-03-17,7,1,397
2025-03-17,7,2,300
2025-03-17,7,3,397
2025-03-17,7,4,171
2025-03-17,7,5,105
2025-03-17,8,1,183
2025-03-17,8,2,178
2025-03-17,8,3,213
2025-03-17,8,4,80
2025-03-17,8,5,58
2025-03-17,9,1,469
2025-03-17,9,2,423
2025-03-17,9,3,480
2025-03-17,9,4,194
2025-03-17,9,5,143
2025-03-17,10,1,245
2025-03-17,10,2,198
2025-03-17,10,3,245
2025-03-17,10,4,97
2025-03-17,10,5,79
2025-03-17,11,1,333
2025-03-17,11,2,281
2025-03-17,11,3,297
2025-03-17,11,4,132
2025-03-17,11,5,104
2025-03-17,12,1,378
2025-03-17,12,2,359
2025-03-17,12,3,428
2025-03-17,12,4,143
2025-03-17,12,5,152
2025-03-17,13,1,487
2025-03-17,13,2,414
2025-03-17,13,3,451
2025-03-17,13,4,170
2025-03-17,13,5,155
2025-03-17,14,1,345
2025-03-17,14,2,256
2025-03-17,14,3,276
2025-03-17,14,4,113
2025-03-17,14,5,100
2025-03-17,15,1,525
2025-03-17,15,2,490
2025-03-17,15,3,483
2025-03-17,15,4,208
2025-03-17,15,5,176
2025-03-17,16,1,336
2025-03-17,16,2,244
2025-03-17,16,3,311
2025-03-17,16,4,121
2025-03-17,16,5,103
2025-03-17,17,1,421
2025-03-17,17,2,367
2025-03-17,17,3,362
2025-03-17,17,4,169
2025-03-17,17,5,139
2025-03-17,18,1,1003
2025-03-17,18,2,790
2025-03-17,18,3,905
2025-03-17,18,4,344
2025-03-17,18,5,320
2025-03-17,19,1,433
2025-03-17,19,2,378
2025-03-17,19,3,435
2025-03-17,19,4,174
2025-03-17,19,5,163
2025-03-17,20,1,447
2025-03-17,20,2,372
2025-03-17,20,3,434
2025-03-17,20,4,152
2025-03-17,20,5,134
2025-03-17,21,1,249
2025-03-17,21,2,211
2025-03-17,21,3,232
2025-03-17,21,4,107
2025-03-17,21,5,79
2025-03-17,22,1,474
2025-03-17,22,2,373
2025-03-17,22,3,434
2025-03-17,22,4,155
2025-03-17,22,5,126
2025-03-17,23,1,143
2025-03-17,23,2,94
2025-03-17,23,3,110
2025-03-17,23,4,43
2025-03-17,23,5,52
2025-03-17,24,1,111
2025-03-17,24,2,91
2025-03-17,24,3,111
2025-03-17,24,4,47
2025-03-17,24,5,44
2025-03-17,25,1,344
2025-03-17,25,2,272
2025-03-17,25,3,280
2025-03-17,25,4,129
2025-03-17,25,5,93
2025-03-18,1,1,720
2025-03-18,1,2,668
2025-03-18,1,3,709
2025-03-18,1,4,317
2025-03-18,1,5,261
2025-03-18,2,1,488
2025-03-18,2,2,386
2025-03-18,2,3,426
2025-03-18,2,4,165
2025-03-18,2,5,136
2025-03-18,3,1,237
2025-03-18,3,2,181
2025-03-18,3,3,215
2025-03-18,3,4,92
2025-03-18,3,5,84
2025-03-18,4,1,631
2025-03-18,4,2,550
2025-03-18,4,3,634
2025-03-18,4,4,255
2025-03-18,4,5,183
2025-03-18,5,1,542
2025-03-18,5,2,450
2025-03-18,5,3,488
2025-03-18,5,4,191
2025-03-18,5,5,157
2025-03-18,6,1,316
2025-03-18,6,2,266
2025-03-18,6,3,305
2025-03-18,6,4,154
2025-03-18,6,5,88
2025-03-18,7,1,387
2025-03-18,7,2,320
2025-03-18,7,3,350
2025-03-18,7,4,164
2025-03-18,7,5,111
2025-03-18,8,1,196
2025-03-18,8,2,165
2025-03-18,8,3,182
2025-03-18,8,4,70
2025-03-18,8,5,73
2025-03-18,9,1,458
2025-03-18,9,2,411
2025-03-18,9,3,455
2025-03-18,9,4,193
2025-03-18,9,5,151
2025-03-18,10,1,235
2025-03-18,10,2,230
2025-03-18,10,3,223
2025-03-18,10,4,101
2025-03-18,10,5,80
2025-03-18,11,1,297
2025-03-18,11,2,251
2025-03-18,11,3,332
2025-03-18,11,4,126
2025-03-18,11,5,103
2025-03-18,12,1,335
2025-03-18,12,2,304
2025-03-18,12,3,366
2025-03-18,12,4,136
2025-03-18,12,5,121
2025-03-18,13,1,484
2025-03-18,13,2,341
2025-03-18,13,3,448
2025-03-18,13,4,163
2025-03-18,13,5,142
2025-03-18,14,1,309
2025-03-18,14,2,222
2025-03-18,14,3,315
2025-03-18,14,4,125
2025-03-18,14,5,107
2025-03-18,15,1,498
2025-03-18,15,2,417
2025-03-18,15,3,439
2025-03-18,15,4,204
2025-03-18,15,5,137
2025-03-18,16,1,301
2025-03-18,16,2,281
2025-03-18,16,3,312
2025-03-18,16,4,113
2025-03-18,16,5,97
2025-03-18,17,1,416
2025-03-18,17,2,313
2025-03-18,17,3,384
2025-03-18,17,4,157
2025-03-18,17,5,114
2025-03-18,18,1,863
2025-03-18,18,2,708
2025-03-18,18,3,808
2025-03-18,18,4,363
2025-03-18,18,5,260
2025-03-18,19,1,412
2025-03-18,19,2,342
2025-03-18,19,3,450
2025-03-18,19,4,152
2025-03-18,19,5,146
2025-03-18,20,1,442
2025-03-18,20,2,374
2025-03-18,20,3,406
2025-03-18,20,4,171
2025-03-18,20,5,151
2025-03-18,21,1,233
2025-03-18,21,2,201
2025-03-18,21,3,197
2025-03-18,21,4,90
2025-03-18,21,5,57
2025-03-18,22,1,429
2025-03-18,22,2,361
2025-03-18,22,3,419
2025-03-18,22,4,182
2025-03-18,22,5,145
2025-03-18,23,1,130
2025-03-18,23,2,89
2025-03-18,23,3,121
2025-03-18,23,4,36
2025-03-18,23,5,44
2025-03-18,24,1,114
2025-03-18,24,2,80
2025-03-18,24,3,83
2025-03-18,24,4,29
2025-03-18,24,5,28
2025-03-18,25,1,323
2025-03-18,25,2,287
2025-03-18,25,3,310
2025-03-18,25,4,128
2025-03-18,25,5,104
2025-03-19,1,1,756
2025-03-19,1,2,589
2025-03-19,1,3,689
2025-03-19,1,4,293
2025-03-19,1,5,234
2025-03-19,2,1,484
2025-03-19,2,2,368
2025-03-19,2,3,442
2025-03-19,2,4,185
2025-03-19,2,5,130
2025-03-19,3,1,221
2025-03-19,3,2,189
2025-03-19,3,3,214
2025-03-19,3,4,74
2025-03-19,3,5,66
2025-03-19,4,1,606
2025-03-19,4,2,496
2025-03-19,4,3,539
2025-03-19,4,4,222
2025-03-19,4,5,180
2025-03-19,5,1,492
2025-03-19,5,2,428
2025-03-19,5,3,441
2025-03-19,5,4,188
2025-03-19,5,5,161
2025-03-19,6,1,320
2025-03-19,6,2,282
2025-03-19,6,3,287
2025-03-19,6,4,124
2025-03-19,6,5,95
2025-03-19,7,1,387
2025-03-19,7,2,290
2025-03-19,7,3,308
2025-03-19,7,4,124
2025-03-19,7,5,121
2025-03-19,8,1,169
2025-03-19,8,2,140
2025-03-19,8,3,194
2025-03-19,8,4,69
2025-03-19,8,5,47
2025-03-19,9,1,436
2025-03-19,9,2,352
2025-03-19,9,3,392
2025-03-19,9,4,160
2025-03-19,9,5,116
2025-03-19,10,1,232
2025-03-19,10,2,201
2025-03-19,10,3,194
2025-03-19,10,4,76
2025-03-19,10,5,81
2025-03-19,11,1,287
2025-03-19,11,2,269
2025-03-19,11,3,267
2025-03-19,11,4,107
2025-03-19,11,5,86
2025-03-19,12,1,327
2025-03-19,12,2,283
2025-03-19,12,3,362
2025-03-19,12,4,129
2025-03-19,12,5,106
2025-03-19,13,1,442
2025-03-19,13,2,332
2025-03-19,13,3,366
2025-03-19,13,4,150
2025-03-19,13,5,143
2025-03-19,14,1,297
2025-03-19,14,2,213
2025-03-19,14,3,231
2025-03-19,14,4,111
2025-03-19,14,5,85
2025-03-19,15,1,467
2025-03-19,15,2,421
2025-03-19,15,3,449
2025-03-19,15,4,196
2025-03-19,15,5,151
2025-03-19,16,1,293
2025-03-19,16,2,236
2025-03-19,16,3,274
2025-03-19,16,4,111
2025-03-19,16,5,94
2025-03-19,17,1,378
2025-03-19,17,2,309
2025-03-19,17,3,335
2025-03-19,17,4,137
2025-03-19,17,5,127
2025-03-19,18,1,784
2025-03-19,18,2,648
2025-03-19,18,3,745
2025-03-19,18,4,273
2025-03-19,18,5,252
2025-03-19,19,1,389
2025-03-19,19,2,363
2025-03-19,19,3,380
2025-03-19,19,4,139
2025-03-19,19,5,133
2025-03-19,20,1,422
2025-03-19,20,2,320
2025-03-19,20,3,374
2025-03-19,20,4,170
2025-03-19,20,5,103
2025-03-19,21,1,227
2025-03-19,21,2,192
2025-03-19,21,3,205
2025-03-19,21,4,92
2025-03-19,21,5,57
2025-03-19,22,1,420
2025-03-19,22,2,307
2025-03-19,22,3,388
2025-03-19,22,4,153
2025-03-19,22,5,102
2025-03-19,23,1,100
2025-03-19,23,2,76
2025-03-19,23,3,101
2025-03-19,23,4,46
2025-03-19,23,5,28
2025-03-19,24,1,99
2025-03-19,24,2,96
2025-03-19,24,3,102
2025-03-19,24,4,39
2025-03-19,24,5,31
2025-03-19,25,1,287
2025-03-19,25,2,264
2025-03-19,25,3,285
2025-03-19,25,4,109
2025-03-19,25,5,105
2025-03-20,1,1,704
2025-03-20,1,2,530
2025-03-20,1,3,660
2025-03-20,1,4,291
2025-03-20,1,5,220
2025-03-20,2,1,398
2025-03-20,2,2,315
2025-03-20,2,3,404
2025-03-20,2,4,152
2025-03-20,2,5,127
2025-03-20,3,1,199
2025-03-20,3,2,151
2025-03-20,3,3,210
2025-03-20,3,4,75
2025-03-20,3,5,59
2025-03-20,4,1,598
2025-03-20,4,2,435
2025-03-20,4,3,543
2025-03-20,4,4,222
2025-03-20,4,5,172
2025-03-20,5,1,460
2025-03-20,5,2,367
2025-03-20,5,3,430
2025-03-20,5,4,203
2025-03-20,5,5,133
2025-03-20,6,1,281
2025-03-20,6,2,216
2025-03-20,6,3,269
2025-03-20,6,4,119
2025-03-20,6,5,101
2025-03-20,7,1,357
2025-03-20,7,2,263
2025-03-20,7,3,354
2025-03-20,7,4,155
2025-03-20,7,5,105
2025-03-20,8,1,190
2025-03-20,8,2,117
2025-03-20,8,3,159
2025-03-20,8,4,78
2025-03-20,8,5,47
2025-03-20,9,1,422
2025-03-20,9,2,310
2025-03-20,9,3,379
2025-03-20,9,4,174
2025-03-20,9,5,131
2025-03-20,10,1,213
2025-03-20,10,2,167
2025-03-20,10,3,211
2025-03-20,10,4,70
2025-03-20,10,5,85
2025-03-20,11,1,307
2025-03-20,11,2,215
2025-03-20,11,3,265
2025-03-20,11,4,105
2025-03-20,11,5,87
2025-03-20,12,1,365
2025-03-20,12,2,269
2025-03-20,12,3,309
2025-03-20,12,4,132
2025-03-20,12,5,113
2025-03-20,13,1,442
2025-03-20,13,2,248
2025-03-20,13,3,344
2025-03-20,13,4,173
2025-03-20,13,5,121
2025-03-20,14,1,257
2025-03-20,14,2,176
2025-03-20,14,3,226
2025-03-20,14,4,75
2025-03-20,14,5,81
2025-03-20,15,1,469
2025-03-20,15,2,339
2025-03-20,15,3,394
2025-03-20,15,4,149
2025-03-20,15,5,136
2025-03-20,16,1,308
2025-03-20,16,2,218
2025-03-20,16,3,244
2025-03-20,16,4,110
2025-03-20,16,5,87
2025-03-20,17,1,367
2025-03-20,17,2,242
2025-03-20,17,3,331
2025-03-20,17,4,134
2025-03-20,17,5,95
2025-03-20,18,1,824
2025-03-20,18,2,587
2025-03-20,18,3,769
2025-03-20,18,4,300
2025-03-20,18,5,243
2025-03-20,19,1,406
2025-03-20,19,2,298
2025-03-20,19,3,340
2025-03-20,19,4,160
2025-03-20,19,5,111
2025-03-20,20,1,401
2025-03-20,20,2,332
2025-03-20,20,3,373
2025-03-20,20,4,149
2025-03-20,20,5,129
2025-03-20,21,1,212
2025-03-20,21,2,141
2025-03-20,21,3,206
2025-03-20,21,4,78
2025-03-20,21,5,62
2025-03-20,22,1,364
2025-03-20,22,2,301
2025-03-20,22,3,385
2025-03-20,22,4,154
2025-03-20,22,5,132
2025-03-20,23,1,122
2025-03-20,23,2,81
2025-03-20,23,3,93
2025-03-20,23,4,49
2025-03-20,23,5,33
2025-03-20,24,1,102
2025-03-20,24,2,65
2025-03-20,24,3,104
2025-03-20,24,4,35
2025-03-20,24,5,28
2025-03-20,25,1,293
2025-03-20,25,2,212
2025-03-20,25,3,277
2025-03-20,25,4,107
2025-03-20,25,5,94
2025-03-21,1,1,810
2025-03-21,1,2,535
2025-03-21,1,3,694
2025-03-21,1,4,272
2025-03-21,1,5,231
2025-03-21,2,1,480
2025-03-21,2,2,321
2025-03-21,2,3,440
2025-03-21,2,4,226
2025-03-21,2,5,122
2025-03-21,3,1,231
2025-03-21,3,2,159
2025-03-21,3,3,224
2025-03-21,3,4,110
2025-03-21,3,5,71
2025-03-21,4,1,649
2025-03-21,4,2,488
2025-03-21,4,3,594
2025-03-21,4,4,246
2025-03-21,4,5,196
2025-03-21,5,1,546
2025-03-21,5,2,401
2025-03-21,5,3,483
2025-03-21,5,4,203
2025-03-21,5,5,169
2025-03-21,6,1,321
2025-03-21,6,2,250
2025-03-21,6,3,313
2025-03-21,6,4,135
2025-03-21,6,5,108
2025-03-21,7,1,378
2025-03-21,7,2,297
2025-03-21,7,3,371
2025-03-21,7,4,169
2025-03-21,7,5,116
2025-03-21,8,1,206
2025-03-21,8,2,136
2025-03-21,8,3,163
2025-03-21,8,4,55
2025-03-21,8,5,47
2025-03-21,9,1,458
2025-03-21,9,2,314
2025-03-21,9,3,436
2025-03-21,9,4,169
2025-03-21,9,5,150
2025-03-21,10,1,245
2025-03-21,10,2,153
2025-03-21,10,3,259
2025-03-21,10,4,80
2025-03-21,10,5,73
2025-03-21,11,1,312
2025-03-21,11,2,209
2025-03-21,11,3,306
2025-03-21,11,4,127
2025-03-21,11,5,85
2025-03-21,12,1,403
2025-03-21,12,2,263
2025-03-21,12,3,354
2025-03-21,12,4,142
2025-03-21,12,5,118
2025-03-21,13,1,436
2025-03-21,13,2,325
2025-03-21,13,3,414
2025-03-21,13,4,156
2025-03-21,13,5,126
2025-03-21,14,1,297
2025-03-21,14,2,197
2025-03-21,14,3,275
2025-03-21,14,4,121
2025-03-21,14,5,88
2025-03-21,15,1,499
2025-03-21,15,2,354
2025-03-21,15,3,492
2025-03-21,15,4,202
2025-03-21,15,5,154
2025-03-21,16,1,319
2025-03-21,16,2,221
2025-03-21,16,3,276
2025-03-21,16,4,121
2025-03-21,16,5,89
2025-03-21,17,1,372
2025-03-21,17,2,264
2025-03-21,17,3,371
2025-03-21,17,4,140
2025-03-21,17,5,139
2025-03-21,18,1,853
2025-03-21,18,2,652
2025-03-21,18,3,813
2025-03-21,18,4,366
2025-03-21,18,5,274
2025-03-21,19,1,379
2025-03-21,19,2,302
2025-03-21,19,3,444
2025-03-21,19,4,189
2025-03-21,19,5,150
2025-03-21,20,1,412
2025-03-21,20,2,304
2025-03-21,20,3,397
2025-03-21,20,4,176
2025-03-21,20,5,126
2025-03-21,21,1,245
2025-03-21,21,2,157
2025-03-21,21,3,233
2025-03-21,21,4,70
2025-03-21,21,5,83
2025-03-21,22,1,418
2025-03-21,22,2,309
2025-03-21,22,3,391
2025-03-21,22,4,158
2025-03-21,22,5,129
2025-03-21,23,1,123
2025-03-21,23,2,88
2025-03-21,23,3,104
2025-03-21,23,4,38
2025-03-21,23,5,50
2025-03-21,24,1,107
2025-03-21,24,2,80
2025-03-21,24,3,90
2025-03-21,24,4,31
2025-03-21,24,5,30
2025-03-21,25,1,335
2025-03-21,25,2,244
2025-03-21,25,3,264
2025-03-21,25,4,142
2025-03-21,25,5,106
2025-03-22,1,1,617
2025-03-22,1,2,411
2025-03-22,1,3,561
2025-03-22,1,4,223
2025-03-22,1,5,185
2025-03-22,2,1,354
2025-03-22,2,2,253
2025-03-22,2,3,359
2025-03-22,2,4,146
2025-03-22,2,5,111
2025-03-22,3,1,192
2025-03-22,3,2,116
2025-03-22,3,3,162
2025-03-22,3,4,66
2025-03-22,3,5,49
2025-03-22,4,1,516
2025-03-22,4,2,349
2025-03-22,4,3,454
2025-03-22,4,4,196
2025-03-22,4,5,152
2025-03-22,5,1,401
2025-03-22,5,2,289
2025-03-22,5,3,323
2025-03-22,5,4,151
2025-03-22,5,5,122
2025-03-22,6,1,269
2025-03-22,6,2,179
2025-03-22,6,3,232
2025-03-22,6,4,86
2025-03-22,6,5,80
2025-03-22,7,1,326
2025-03-22,7,2,192
2025-03-22,7,3,262
2025-03-22,7,4,121
2025-03-22,7,5,98
2025-03-22,8,1,152
2025-03-22,8,2,118
2025-03-22,8,3,120
2025-03-22,8,4,52
2025-03-22,8,5,43
2025-03-22,9,1,338
2025-03-22,9,2,269
2025-03-22,9,3,351
2025-03-22,9,4,123
2025-03-22,9,5,138
2025-03-22,10,1,186
2025-03-22,10,2,108
2025-03-22,10,3,153
2025-03-22,10,4,72
2025-03-22,10,5,60
2025-03-22,11,1,220
2025-03-22,11,2,157
2025-03-22,11,3,250
2025-03-22,11,4,87
2025-03-22,11,5,77
2025-03-22,12,1,282
2025-03-22,12,2,230
2025-03-22,12,3,262
2025-03-22,12,4,105
2025-03-22,12,5,89
2025-03-22,13,1,324
2025-03-22,13,2,237
2025-03-22,13,3,272
2025-03-22,13,4,140
2025-03-22,13,5,89
2025-03-22,14,1,227
2025-03-22,14,2,165
2025-03-22,14,3,225
2025-03-22,14,4,90
2025-03-22,14,5,68
2025-03-22,15,1,372
2025-03-22,15,2,265
2025-03-22,15,3,373
2025-03-22,15,4,136
2025-03-22,15,5,111
2025-03-22,16,1,216
2025-03-22,16,2,181
2025-03-22,16,3,204
2025-03-22,16,4,90
2025-03-22,16,5,84
2025-03-22,17,1,292
2025-03-22,17,2,190
2025-03-22,17,3,276
2025-03-22,17,4,110
2025-03-22,17,5,107
2025-03-22,18,1,664
2025-03-22,18,2,482
2025-03-22,18,3,665
2025-03-22,18,4,250
2025-03-22,18,5,214
2025-03-22,19,1,328
2025-03-22,19,2,255
2025-03-22,19,3,301
2025-03-22,19,4,106
2025-03-22,19,5,99
2025-03-22,20,1,320
2025-03-22,20,2,254
2025-03-22,20,3,308
2025-03-22,20,4,95
2025-03-22,20,5,101
2025-03-22,21,1,182
2025-03-22,21,2,130
2025-03-22,21,3,156
2025-03-22,21,4,70
2025-03-22,21,5,60
2025-03-22,22,1,341
2025-03-22,22,2,226
2025-03-22,22,3,275
2025-03-22,22,4,110
2025-03-22,22,5,106
2025-03-22,23,1,108
2025-03-22,23,2,64
2025-03-22,23,3,83
2025-03-22,23,4,35
2025-03-22,23,5,31
2025-03-22,24,1,60
2025-03-22,24,2,58
2025-03-22,24,3,83
2025-03-22,24,4,33
2025-03-22,24,5,28
2025-03-22,25,1,248
2025-03-22,25,2,177
2025-03-22,25,3,232
2025-03-22,25,4,96
2025-03-22,25,5,82
2025-03-23,1,1,573
2025-03-23,1,2,403
2025-03-23,1,3,488
2025-03-23,1,4,218
2025-03-23,1,5,171
2025-03-23,2,1,323
2025-03-23,2,2,296
2025-03-23,2,3,336
2025-03-23,2,4,133
2025-03-23,2,5,89
2025-03-23,3,1,157
2025-03-23,3,2,121
2025-03-23,3,3,171
2025-03-23,3,4,65
2025-03-23,3,5,57
2025-03-23,4,1,425
2025-03-23,4,2,331
2025-03-23,4,3,446
2025-03-23,4,4,176
2025-03-23,4,5,150
2025-03-23,5,1,405
2025-03-23,5,2,263
2025-03-23,5,3,361
2025-03-23,5,4,151
2025-03-23,5,5,127
2025-03-23,6,1,228
2025-03-23,6,2,169
2025-03-23,6,3,221
2025-03-23,6,4,96
2025-03-23,6,5,67
2025-03-23,7,1,273
2025-03-23,7,2,198
2025-03-23,7,3,241
2025-03-23,7,4,103
2025-03-23,7,5,86
2025-03-23,8,1,111
2025-03-23,8,2,89
2025-03-23,8,3,149
2025-03-23,8,4,41
2025-03-23,8,5,45
2025-03-23,9,1,331
2025-03-23,9,2,231
2025-03-23,9,3,306
2025-03-23,9,4,143
2025-03-23,9,5,105
2025-03-23,10,1,161
2025-03-23,10,2,128
2025-03-23,10,3,159
2025-03-23,10,4,65
2025-03-23,10,5,68
2025-03-23,11,1,224
2025-03-23,11,2,161
2025-03-23,11,3,219
2025-03-23,11,4,94
2025-03-23,11,5,72
2025-03-23,12,1,287
2025-03-23,12,2,206
2025-03-23,12,3,253
2025-03-23,12,4,86
2025-03-23,12,5,92
2025-03-23,13,1,299
2025-03-23,13,2,235
2025-03-23,13,3,283
2025-03-23,13,4,133
2025-03-23,13,5,94
2025-03-23,14,1,232
2025-03-23,14,2,120
2025-03-23,14,3,198
2025-03-23,14,4,85
2025-03-23,14,5,73
2025-03-23,15,1,393
2025-03-23,15,2,287
2025-03-23,15,3,328
2025-03-23,15,4,126
2025-03-23,15,5,94
2025-03-23,16,1,223
2025-03-23,16,2,156
2025-03-23,16,3,219
2025-03-23,16,4,78
2025-03-23,16,5,52
2025-03-23,17,1,284
2025-03-23,17,2,195
2025-03-23,17,3,265
2025-03-23,17,4,118
2025-03-23,17,5,95
2025-03-23,18,1,663
2025-03-23,18,2,437
2025-03-23,18,3,555
2025-03-23,18,4,220
2025-03-23,18,5,192
2025-03-23,19,1,302
2025-03-23,19,2,196
2025-03-23,19,3,271
2025-03-23,19,4,115
2025-03-23,19,5,80
2025-03-23,20,1,319
2025-03-23,20,2,223
2025-03-23,20,3,297
2025-03-23,20,4,120
2025-03-23,20,5,99
2025-03-23,21,1,160
2025-03-23,21,2,128
2025-03-23,21,3,148
2025-03-23,21,4,52
2025-03-23,21,5,42
2025-03-23,22,1,309
2025-03-23,22,2,233
2025-03-23,22,3,274
2025-03-23,22,4,141
2025-03-23,22,5,78
2025-03-23,23,1,85
2025-03-23,23,2,70
2025-03-23,23,3,65
2025-03-23,23,4,28
2025-03-23,23,5,29
2025-03-23,24,1,75
2025-03-23,24,2,51
2025-03-23,24,3,67
2025-03-23,24,4,29
2025-03-23,24,5,26
2025-03-23,25,1,222
2025-03-23,25,2,149
2025-03-23,25,3,185
2025-03-23,25,4,89
2025-03-23,25,5,82
2025-03-24,1,1,848
2025-03-24,1,2,679
2025-03-24,1,3,752
2025-03-24,1,4,323
2025-03-24,1,5,244
2025-03-24,2,1,544
2025-03-24,2,2,394
2025-03-24,2,3,472
2025-03-24,2,4,179
2025-03-24,2,5,162
2025-03-24,3,1,280
2025-03-24,3,2,181
2025-03-24,3,3,219
2025-03-24,3,4,93
2025-03-24,3,5,81
2025-03-24,4,1,693
2025-03-24,4,2,588
2025-03-24,4,3,655
2025-03-24,4,4,278
2025-03-24,4,5,225
2025-03-24,5,1,544
2025-03-24,5,2,448
2025-03-24,5,3,524
2025-03-24,5,4,217
2025-03-24,5,5,184
2025-03-24,6,1,359
2025-03-24,6,2,315
2025-03-24,6,3,303
2025-03-24,6,4,125
2025-03-24,6,5,108
2025-03-24,7,1,422
2025-03-24,7,2,345
2025-03-24,7,3,380
2025-03-24,7,4,160
2025-03-24,7,5,114
2025-03-24,8,1,209
2025-03-24,8,2,175
2025-03-24,8,3,182
2025-03-24,8,4,84
2025-03-24,8,5,69
2025-03-24,9,1,493
2025-03-24,9,2,427
2025-03-24,9,3,482
2025-03-24,9,4,200
2025-03-24,9,5,162
2025-03-24,10,1,250
2025-03-24,10,2,199
2025-03-24,10,3,256
2025-03-24,10,4,92
2025-03-24,10,5,86
2025-03-24,11,1,348
2025-03-24,11,2,264
2025-03-24,11,3,308
2025-03-24,11,4,133
2025-03-24,11,5,96
2025-03-24,12,1,404
2025-03-24,12,2,350
2025-03-24,12,3,395
2025-03-24,12,4,165
2025-03-24,12,5,131
2025-03-24,13,1,472
2025-03-24,13,2,389
2025-03-24,13,3,447
2025-03-24,13,4,174
2025-03-24,13,5,138
2025-03-24,14,1,304
2025-03-24,14,2,232
2025-03-24,14,3,295
2025-03-24,14,4,124
2025-03-24,14,5,87
2025-03-24,15,1,509
2025-03-24,15,2,463
2025-03-24,15,3,513
2025-03-24,15,4,191
2025-03-24,15,5,165
2025-03-24,16,1,322
2025-03-24,16,2,305
2025-03-24,16,3,284
2025-03-24,16,4,127
2025-03-24,16,5,115
2025-03-24,17,1,429
2025-03-24,17,2,335
2025-03-24,17,3,382
2025-03-24,17,4,159
2025-03-24,17,5,140
2025-03-24,18,1,915
2025-03-24,18,2,739
2025-03-24,18,3,882
2025-03-24,18,4,317
2025-03-24,18,5,305
2025-03-24,19,1,459
2025-03-24,19,2,370
2025-03-24,19,3,440
2025-03-24,19,4,194
2025-03-24,19,5,132
2025-03-24,20,1,495
2025-03-24,20,2,373
2025-03-24,20,3,439
2025-03-24,20,4,158
2025-03-24,20,5,156
2025-03-24,21,1,277
2025-03-24,21,2,234
2025-03-24,21,3,262
2025-03-24,21,4,116
2025-03-24,21,5,72
2025-03-24,22,1,439
2025-03-24,22,2,401
2025-03-24,22,3,456
2025-03-24,22,4,190
2025-03-24,22,5,138
2025-03-24,23,1,127
2025-03-24,23,2,99
2025-03-24,23,3,99
2025-03-24,23,4,50
2025-03-24,23,5,35
2025-03-24,24,1,114
2025-03-24,24,2,84
2025-03-24,24,3,110
2025-03-24,24,4,34
2025-03-24,24,5,45
2025-03-24,25,1,340
2025-03-24,25,2,305
2025-03-24,25,3,333
2025-03-24,25,4,116
2025-03-24,25,5,105
2025-03-25,1,1,766
2025-03-25,1,2,660
2025-03-25,1,3,682
2025-03-25,1,4,326
2025-03-25,1,5,245
2025-03-25,2,1,507
2025-03-25,2,2,374
2025-03-25,2,3,479
2025-03-25,2,4,199
2025-03-25,2,5,151
2025-03-25,3,1,251
2025-03-25,3,2,185
2025-03-25,3,3,222
2025-03-25,3,4,78
2025-03-25,3,5,85
2025-03-25,4,1,645
2025-03-25,4,2,556
2025-03-25,4,3,637
2025-03-25,4,4,243
2025-03-25,4,5,212
2025-03-25,5,1,533
2025-03-25,5,2,440
2025-03-25,5,3,504
2025-03-25,5,4,250
2025-03-25,5,5,174
2025-03-25,6,1,335
2025-03-25,6,2,288
2025-03-25,6,3,315
2025-03-25,6,4,124
2025-03-25,6,5,109
2025-03-25,7,1,382
2025-03-25,7,2,322
2025-03-25,7,3,380
2025-03-25,7,4,146
2025-03-25,7,5,105
2025-03-25,8,1,194
2025-03-25,8,2,167
2025-03-25,8,3,185
2025-03-25,8,4,68
2025-03-25,8,5,52
2025-03-25,9,1,498
2025-03-25,9,2,426
2025-03-25,9,3,410
2025-03-25,9,4,164
2025-03-25,9,5,149
2025-03-25,10,1,245
2025-03-25,10,2,190
2025-03-25,10,3,229
2025-03-25,10,4,82
2025-03-25,10,5,74
2025-03-25,11,1,328
2025-03-25,11,2,277
2025-03-25,11,3,314
2025-03-25,11,4,131
2025-03-25,11,5,90
2025-03-25,12,1,414
2025-03-25,12,2,319
2025-03-25,12,3,334
2025-03-25,12,4,168
2025-03-25,12,5,118
2025-03-25,13,1,441
2025-03-25,13,2,416
2025-03-25,13,3,464
2025-03-25,13,4,205
2025-03-25,13,5,124
2025-03-25,14,1,296
2025-03-25,14,2,278
2025-03-25,14,3,297
2025-03-25,14,4,131
2025-03-25,14,5,83
2025-03-25,15,1,499
2025-03-25,15,2,426
2025-03-25,15,3,472
2025-03-25,15,4,198
2025-03-25,15,5,156
2025-03-25,16,1,297
2025-03-25,16,2,218
2025-03-25,16,3,270
2025-03-25,16,4,112
2025-03-25,16,5,96
2025-03-25,17,1,382
2025-03-25,17,2,313
2025-03-25,17,3,381
2025-03-25,17,4,148
2025-03-25,17,5,137
2025-03-25,18,1,902
2025-03-25,18,2,754
2025-03-25,18,3,830
2025-03-25,18,4,378
2025-03-25,18,5,265
2025-03-25,19,1,446
2025-03-25,19,2,380
2025-03-25,19,3,391
2025-03-25,19,4,138
2025-03-25,19,5,130
2025-03-25,20,1,434
2025-03-25,20,2,383
2025-03-25,20,3,443
2025-03-25,20,4,156
2025-03-25,20,5,124
2025-03-25,21,1,264
2025-03-25,21,2,194
2025-03-25,21,3,206
2025-03-25,21,4,92
2025-03-25,21,5,67
2025-03-25,22,1,437
2025-03-25,22,2,362
2025-03-25,22,3,387
2025-03-25,22,4,169
2025-03-25,22,5,156
2025-03-25,23,1,95
2025-03-25,23,2,79
2025-03-25,23,3,105
2025-03-25,23,4,45
2025-03-25,23,5,34
2025-03-25,24,1,107
2025-03-25,24,2,83
2025-03-25,24,3,93
2025-03-25,24,4,55
2025-03-25,24,5,33
2025-03-25,25,1,310
2025-03-25,25,2,275
2025-03-25,25,3,318
2025-03-25,25,4,132
2025-03-25,25,5,109
2025-03-26,1,1,684
2025-03-26,1,2,589
2025-03-26,1,3,666
2025-03-26,1,4,291
2025-03-26,1,5,246
2025-03-26,2,1,473
2025-03-26,2,2,349
2025-03-26,2,3,370
2025-03-26,2,4,142
2025-03-26,2,5,135
2025-03-26,3,1,208
2025-03-26,3,2,184
2025-03-26,3,3,201
2025-03-26,3,4,67
2025-03-26,3,5,62
2025-03-26,4,1,614
2025-03-26,4,2,471
2025-03-26,4,3,586
2025-03-26,4,4,223
2025-03-26,4,5,198
2025-03-26,5,1,464
2025-03-26,5,2,417
2025-03-26,5,3,453
2025-03-26,5,4,198
2025-03-26,5,5,150
2025-03-26,6,1,310
2025-03-26,6,2,242
2025-03-26,6,3,269
2025-03-26,6,4,107
2025-03-26,6,5,104
2025-03-26,7,1,363
2025-03-26,7,2,297
2025-03-26,7,3,306
2025-03-26,7,4,137
2025-03-26,7,5,109
2025-03-26,8,1,178
2025-03-26,8,2,136
2025-03-26,8,3,149
2025-03-26,8,4,66
2025-03-26,8,5,45
2025-03-26,9,1,437
2025-03-26,9,2,350
2025-03-26,9,3,391
2025-03-26,9,4,155
2025-03-26,9,5,146
2025-03-26,10,1,232
2025-03-26,10,2,160
2025-03-26,10,3,222
2025-03-26,10,4,86
2025-03-26,10,5,57
2025-03-26,11,1,313
2025-03-26,11,2,262
2025-03-26,11,3,276
2025-03-26,11,4,105
2025-03-26,11,5,108
2025-03-26,12,1,345
2025-03-26,12,2,279
2025-03-26,12,3,340
2025-03-26,12,4,161
2025-03-26,12,5,117
2025-03-26,13,1,440
2025-03-26,13,2,333
2025-03-26,13,3,421
2025-03-26,13,4,173
2025-03-26,13,5,135
2025-03-26,14,1,260
2025-03-26,14,2,213
2025-03-26,14,3,277
2025-03-26,14,4,106
2025-03-26,14,5,59
2025-03-26,15,1,473
2025-03-26,15,2,390
2025-03-26,15,3,428
2025-03-26,15,4,193
2025-03-26,15,5,129
2025-03-26,16,1,303
2025-03-26,16,2,233
2025-03-26,16,3,245
2025-03-26,16,4,102
2025-03-26,16,5,89
2025-03-26,17,1,358
2025-03-26,17,2,285
2025-03-26,17,3,338
2025-03-26,17,4,130
2025-03-26,17,5,116
2025-03-26,18,1,851
2025-03-26,18,2,663
2025-03-26,18,3,723
2025-03-26,18,4,350
2025-03-26,18,5,233
2025-03-26,19,1,393
2025-03-26,19,2,294
2025-03-26,19,3,360
2025-03-26,19,4,163
2025-03-26,19,5,127
2025-03-26,20,1,401
2025-03-26,20,2,334
2025-03-26,20,3,385
2025-03-26,20,4,168
2025-03-26,20,5,126
2025-03-26,21,1,236
2025-03-26,21,2,189
2025-03-26,21,3,209
2025-03-26,21,4,83
2025-03-26,21,5,64
2025-03-26,22,1,414
2025-03-26,22,2,324
2025-03-26,22,3,347
2025-03-26,22,4,155
2025-03-26,22,5,119
2025-03-26,23,1,95
2025-03-26,23,2,86
2025-03-26,23,3,102
2025-03-26,23,4,47
2025-03-26,23,5,36
2025-03-26,24,1,111
2025-03-26,24,2,60
2025-03-26,24,3,100
2025-03-26,24,4,45
2025-03-26,24,5,25
2025-03-26,25,1,312
2025-03-26,25,2,251
2025-03-26,25,3,319
2025-03-26,25,4,131
2025-03-26,25,5,89
2025-03-27,1,1,711
2025-03-27,1,2,526
2025-03-27,1,3,679
2025-03-27,1,4,261
2025-03-27,1,5,235
2025-03-27,2,1,438
2025-03-27,2,2,299
2025-03-27,2,3,407
2025-03-27,2,4,153
2025-03-27,2,5,142
2025-03-27,3,1,223
2025-03-27,3,2,147
2025-03-27,3,3,162
2025-03-27,3,4,78
2025-03-27,3,5,71
2025-03-27,4,1,582
2025-03-27,4,2,422
2025-03-27,4,3,569
2025-03-27,4,4,201
2025-03-27,4,5,192
2025-03-27,5,1,508
2025-03-27,5,2,365
2025-03-27,5,3,453
2025-03-27,5,4,172
2025-03-27,5,5,174
2025-03-27,6,1,310
2025-03-27,6,2,233
2025-03-27,6,3,315
2025-03-27,6,4,104
2025-03-27,6,5,76
2025-03-27,7,1,350
2025-03-27,7,2,277
2025-03-27,7,3,364
2025-03-27,7,4,125
2025-03-27,7,5,111
2025-03-27,8,1,181
2025-03-27,8,2,114
2025-03-27,8,3,173
2025-03-27,8,4,63
2025-03-27,8,5,45
2025-03-27,9,1,412
2025-03-27,9,2,301
2025-03-27,9,3,397
2025-03-27,9,4,173
2025-03-27,9,5,131
2025-03-27,10,1,217
2025-03-27,10,2,162
2025-03-27,10,3,191
2025-03-27,10,4,66
2025-03-27,10,5,69
2025-03-27,11,1,267
2025-03-27,11,2,220
2025-03-27,11,3,267
2025-03-27,11,4,95
2025-03-27,11,5,93
2025-03-27,12,1,343
2025-03-27,12,2,229
2025-03-27,12,3,306
2025-03-27,12,4,127
2025-03-27,12,5,99
2025-03-27,13,1,425
2025-03-27,13,2,287
2025-03-27,13,3,404
2025-03-27,13,4,160
2025-03-27,13,5,122
2025-03-27,14,1,249
2025-03-27,14,2,194
2025-03-27,14,3,258
2025-03-27,14,4,108
2025-03-27,14,5,65
2025-03-27,15,1,446
2025-03-27,15,2,303
2025-03-27,15,3,443
2025-03-27,15,4,186
2025-03-27,15,5,156
2025-03-27,16,1,268
2025-03-27,16,2,205
2025-03-27,16,3,292
2025-03-27,16,4,119
2025-03-27,16,5,87
2025-03-27,17,1,359
2025-03-27,17,2,291
2025-03-27,17,3,344
2025-03-27,17,4,126
2025-03-27,17,5,96
2025-03-27,18,1,763
2025-03-27,18,2,595
2025-03-27,18,3,767
2025-03-27,18,4,308
2025-03-27,18,5,266
2025-03-27,19,1,409
2025-03-27,19,2,292
2025-03-27,19,3,378
2025-03-27,19,4,141
2025-03-27,19,5,122
2025-03-27,20,1,400
2025-03-27,20,2,281
2025-03-27,20,3,388
2025-03-27,20,4,129
2025-03-27,20,5,119
2025-03-27,21,1,202
2025-03-27,21,2,163
2025-03-27,21,3,189
2025-03-27,21,4,79
2025-03-27,21,5,71
2025-03-27,22,1,380
2025-03-27,22,2,280
2025-03-27,22,3,342
2025-03-27,22,4,148
2025-03-27,22,5,123
2025-03-27,23,1,109
2025-03-27,23,2,52
2025-03-27,23,3,107
2025-03-27,23,4,52
2025-03-27,23,5,30
2025-03-27,24,1,93
2025-03-27,24,2,77
2025-03-27,24,3,82
2025-03-27,24,4,22
2025-03-27,24,5,21
2025-03-27,25,1,271
2025-03-27,25,2,219
2025-03-27,25,3,278
2025-03-27,25,4,109
2025-03-27,25,5,93
2025-03-28,1,1,770
2025-03-28,1,2,547
2025-03-28,1,3,701
2025-03-28,1,4,279
2025-03-28,1,5,242
2025-03-28,2,1,485
2025-03-28,2,2,316
2025-03-28,2,3,425
2025-03-28,2,4,157
2025-03-28,2,5,129
2025-03-28,3,1,184
2025-03-28,3,2,167
2025-03-28,3,3,207
2025-03-28,3,4,77
2025-03-28,3,5,72
2025-03-28,4,1,624
2025-03-28,4,2,451
2025-03-28,4,3,620
2025-03-28,4,4,229
2025-03-28,4,5,197
2025-03-28,5,1,549
2025-03-28,5,2,412
2025-03-28,5,3,472
2025-03-28,5,4,175
2025-03-28,5,5,169
2025-03-28,6,1,308
2025-03-28,6,2,251
2025-03-28,6,3,299
2025-03-28,6,4,129
2025-03-28,6,5,101
2025-03-28,7,1,367
2025-03-28,7,2,268
2025-03-28,7,3,332
2025-03-28,7,4,140
2025-03-28,7,5,114
2025-03-28,8,1,165
2025-03-28,8,2,142
2025-03-28,8,3,169
2025-03-28,8,4,53
2025-03-28,8,5,60
2025-03-28,9,1,429
2025-03-28,9,2,306
2025-03-28,9,3,412
2025-03-28,9,4,198
2025-03-28,9,5,148
2025-03-28,10,1,215
2025-03-28,10,2,153
2025-03-28,10,3,228
2025-03-28,10,4,82
2025-03-28,10,5,79
2025-03-28,11,1,298
2025-03-28,11,2,211
2025-03-28,11,3,301
2025-03-28,11,4,109
2025-03-28,11,5,106
2025-03-28,12,1,355
2025-03-28,12,2,265
2025-03-28,12,3,333
2025-03-28,12,4,126
2025-03-28,12,5,114
2025-03-28,13,1,455
2025-03-28,13,2,289
2025-03-28,13,3,431
2025-03-28,13,4,151
2025-03-28,13,5,132
2025-03-28,14,1,256
2025-03-28,14,2,192
2025-03-28,14,3,263
2025-03-28,14,4,106
2025-03-28,14,5,79
2025-03-28,15,1,484
2025-03-28,15,2,296
2025-03-28,15,3,431
2025-03-28,15,4,178
2025-03-28,15,5,139
2025-03-28,16,1,290
2025-03-28,16,2,192
2025-03-28,16,3,263
2025-03-28,16,4,97
2025-03-28,16,5,86
2025-03-28,17,1,366
2025-03-28,17,2,282
2025-03-28,17,3,349
2025-03-28,17,4,129
2025-03-28,17,5,123
2025-03-28,18,1,845
2025-03-28,18,2,582
2025-03-28,18,3,738
2025-03-28,18,4,332
2025-03-28,18,5,261
2025-03-28,19,1,405
2025-03-28,19,2,286
2025-03-28,19,3,371
2025-03-28,19,4,173
2025-03-28,19,5,117
2025-03-28,20,1,411
2025-03-28,20,2,315
2025-03-28,20,3,393
2025-03-28,20,4,176
2025-03-28,20,5,131
2025-03-28,21,1,203
2025-03-28,21,2,182
2025-03-28,21,3,200
2025-03-28,21,4,82
2025-03-28,21,5,87
2025-03-28,22,1,409
2025-03-28,22,2,330
2025-03-28,22,3,382
2025-03-28,22,4,137
2025-03-28,22,5,124
2025-03-28,23,1,125
2025-03-28,23,2,92
2025-03-28,23,3,93
2025-03-28,23,4,47
2025-03-28,23,5,38
2025-03-28,24,1,90
2025-03-28,24,2,87
2025-03-28,24,3,90
2025-03-28,24,4,41
2025-03-28,24,5,29
2025-03-28,25,1,313
2025-03-28,25,2,201
2025-03-28,25,3,310
2025-03-28,25,4,128
2025-03-28,25,5,95
2025-03-29,1,1,612
2025-03-29,1,2,417
2025-03-29,1,3,519
2025-03-29,1,4,222
2025-03-29,1,5,181
2025-03-29,2,1,370
2025-03-29,2,2,237
2025-03-29,2,3,338
2025-03-29,2,4,118
2025-03-29,2,5,124
2025-03-29,3,1,179
2025-03-29,3,2,141
2025-03-29,3,3,172
2025-03-29,3,4,81
2025-03-29,3,5,65
2025-03-29,4,1,485
2025-03-29,4,2,391
2025-03-29,4,3,451
2025-03-29,4,4,173
2025-03-29,4,5,155
2025-03-29,5,1,419
2025-03-29,5,2,289
2025-03-29,5,3,384
2025-03-29,5,4,144
2025-03-29,5,5,115
2025-03-29,6,1,247
2025-03-29,6,2,187
2025-03-29,6,3,203
2025-03-29,6,4,90
2025-03-29,6,5,75
2025-03-29,7,1,283
2025-03-29,7,2,223
2025-03-29,7,3,259
2025-03-29,7,4,116
2025-03-29,7,5,89
2025-03-29,8,1,121
2025-03-29,8,2,99
2025-03-29,8,3,129
2025-03-29,8,4,41
2025-03-29,8,5,43
2025-03-29,9,1,346
2025-03-29,9,2,291
2025-03-29,9,3,312
2025-03-29,9,4,140
2025-03-29,9,5,121
2025-03-29,10,1,185
2025-03-29,10,2,109
2025-03-29,10,3,202
2025-03-29,10,4,63
2025-03-29,10,5,44
2025-03-29,11,1,250
2025-03-29,11,2,164
2025-03-29,11,3,229
2025-03-29,11,4,82
2025-03-29,11,5,62
2025-03-29,12,1,259
2025-03-29,12,2,201
2025-03-29,12,3,274
2025-03-29,12,4,105
2025-03-29,12,5,77
2025-03-29,13,1,362
2025-03-29,13,2,258
2025-03-29,13,3,317
2025-03-29,13,4,139
2025-03-29,13,5,94
2025-03-29,14,1,208
2025-03-29,14,2,143
2025-03-29,14,3,206
2025-03-29,14,4,77
2025-03-29,14,5,73
2025-03-29,15,1,360
2025-03-29,15,2,260
2025-03-29,15,3,373
2025-03-29,15,4,137
2025-03-29,15,5,119
2025-03-29,16,1,219
2025-03-29,16,2,159
2025-03-29,16,3,175
2025-03-29,16,4,89
2025-03-29,16,5,70
2025-03-29,17,1,297
2025-03-29,17,2,208
2025-03-29,17,3,304
2025-03-29,17,4,112
2025-03-29,17,5,103
2025-03-29,18,1,678
2025-03-29,18,2,494
2025-03-29,18,3,655
2025-03-29,18,4,264
2025-03-29,18,5,184
2025-03-29,19,1,307
2025-03-29,19,2,244
2025-03-29,19,3,298
2025-03-29,19,4,121
2025-03-29,19,5,113
2025-03-29,20,1,342
2025-03-29,20,2,230
2025-03-29,20,3,328
2025-03-29,20,4,128
2025-03-29,20,5,93
2025-03-29,21,1,176
2025-03-29,21,2,117
2025-03-29,21,3,168
2025-03-29,21,4,58
2025-03-29,21,5,51
2025-03-29,22,1,285
2025-03-29,22,2,241
2025-03-29,22,3,308
2025-03-29,22,4,121
2025-03-29,22,5,105
2025-03-29,23,1,73
2025-03-29,23,2,56
2025-03-29,23,3,67
2025-03-29,23,4,27
2025-03-29,23,5,30
2025-03-29,24,1,98
2025-03-29,24,2,51
2025-03-29,24,3,58
2025-03-29,24,4,34
2025-03-29,24,5,27
2025-03-29,25,1,236
2025-03-29,25,2,210
2025-03-29,25,3,202
2025-03-29,25,4,95
2025-03-29,25,5,62
2025-03-30,1,1,533
2025-03-30,1,2,417
2025-03-30,1,3,541
2025-03-30,1,4,214
2025-03-30,1,5,183
2025-03-30,2,1,339
2025-03-30,2,2,256
2025-03-30,2,3,296
2025-03-30,2,4,134
2025-03-30,2,5,103
2025-03-30,3,1,182
2025-03-30,3,2,127
2025-03-30,3,3,179
2025-03-30,3,4,73
2025-03-30,3,5,41
2025-03-30,4,1,460
2025-03-30,4,2,351
2025-03-30,4,3,454
2025-03-30,4,4,181
2025-03-30,4,5,146
2025-03-30,5,1,411
2025-03-30,5,2,288
2025-03-30,5,3,364
2025-03-30,5,4,134
2025-03-30,5,5,147
2025-03-30,6,1,234
2025-03-30,6,2,201
2025-03-30,6,3,229
2025-03-30,6,4,116
2025-03-30,6,5,79
2025-03-30,7,1,241
2025-03-30,7,2,206
2025-03-30,7,3,250
2025-03-30,7,4,114
2025-03-30,7,5,89
2025-03-30,8,1,155
2025-03-30,8,2,107
2025-03-30,8,3,117
2025-03-30,8,4,44
2025-03-30,8,5,42
2025-03-30,9,1,310
2025-03-30,9,2,261
2025-03-30,9,3,313
2025-03-30,9,4,115
2025-03-30,9,5,107
2025-03-30,10,1,147
2025-03-30,10,2,144
2025-03-30,10,3,145
2025-03-30,10,4,68
2025-03-30,10,5,58
2025-03-30,11,1,236
2025-03-30,11,2,159
2025-03-30,11,3,207
2025-03-30,11,4,96
2025-03-30,11,5,65
2025-03-30,12,1,285
2025-03-30,12,2,199
2025-03-30,12,3,229
2025-03-30,12,4,89
2025-03-30,12,5,65
2025-03-30,13,1,306
2025-03-30,13,2,222
2025-03-30,13,3,319
2025-03-30,13,4,108
2025-03-30,13,5,97
2025-03-30,14,1,232
2025-03-30,14,2,154
2025-03-30,14,3,183
2025-03-30,14,4,71
2025-03-30,14,5,63
2025-03-30,15,1,352
2025-03-30,15,2,246
2025-03-30,15,3,321
2025-03-30,15,4,140
2025-03-30,15,5,105
2025-03-30,16,1,215
2025-03-30,16,2,157
2025-03-30,16,3,227
2025-03-30,16,4,98
2025-03-30,16,5,55
2025-03-30,17,1,284
2025-03-30,17,2,198
2025-03-30,17,3,268
2025-03-30,17,4,115
2025-03-30,17,5,89
2025-03-30,18,1,606
2025-03-30,18,2,462
2025-03-30,18,3,561
2025-03-30,18,4,226
2025-03-30,18,5,201
2025-03-30,19,1,331
2025-03-30,19,2,227
2025-03-30,19,3,297
2025-03-30,19,4,112
2025-03-30,19,5,105
2025-03-30,20,1,301
2025-03-30,20,2,237
2025-03-30,20,3,295
2025-03-30,20,4,126
2025-03-30,20,5,79
2025-03-30,21,1,145
2025-03-30,21,2,132
2025-03-30,21,3,161
2025-03-30,21,4,71
2025-03-30,21,5,45
2025-03-30,22,1,300
2025-03-30,22,2,217
2025-03-30,22,3,264
2025-03-30,22,4,112
2025-03-30,22,5,99
2025-03-30,23,1,108
2025-03-30,23,2,56
2025-03-30,23,3,63
2025-03-30,23,4,43
2025-03-30,23,5,24
2025-03-30,24,1,74
2025-03-30,24,2,55
2025-03-30,24,3,95
2025-03-30,24,4,28
2025-03-30,24,5,27
2025-03-30,25,1,222
2025-03-30,25,2,165
2025-03-30,25,3,230
2025-03-30,25,4,81
2025-03-30,25,5,58
2025-03-31,1,1,863
2025-03-31,1,2,722
2025-03-31,1,3,790
2025-03-31,1,4,327
2025-03-31,1,5,267
2025-03-31,2,1,520
2025-03-31,2,2,414
2025-03-31,2,3,437
2025-03-31,2,4,197
2025-03-31,2,5,161
2025-03-31,3,1,259
2025-03-31,3,2,216
2025-03-31,3,3,256
2025-03-31,3,4,82
2025-03-31,3,5,95
2025-03-31,4,1,654
2025-03-31,4,2,578
2025-03-31,4,3,674
2025-03-31,4,4,289
2025-03-31,4,5,215
2025-03-31,5,1,514
2025-03-31,5,2,483
2025-03-31,5,3,496
2025-03-31,5,4,213
2025-03-31,5,5,179
2025-03-31,6,1,392
2025-03-31,6,2,286
2025-03-31,6,3,350
2025-03-31,6,4,130
2025-03-31,6,5,115
2025-03-31,7,1,425
2025-03-31,7,2,347
2025-03-31,7,3,396
2025-03-31,7,4,149
2025-03-31,7,5,134
2025-03-31,8,1,203
2025-03-31,8,2,139
2025-03-31,8,3,181
2025-03-31,8,4,73
2025-03-31,8,5,65
2025-03-31,9,1,456
2025-03-31,9,2,415
2025-03-31,9,3,506
2025-03-31,9,4,183
2025-03-31,9,5,169
2025-03-31,10,1,254
2025-03-31,10,2,196
2025-03-31,10,3,275
2025-03-31,10,4,97
2025-03-31,10,5,61
2025-03-31,11,1,355
2025-03-31,11,2,281
2025-03-31,11,3,328
2025-03-31,11,4,135
2025-03-31,11,5,80
2025-03-31,12,1,399
2025-03-31,12,2,338
2025-03-31,12,3,405
2025-03-31,12,4,134
2025-03-31,12,5,117
2025-03-31,13,1,491
2025-03-31,13,2,402
2025-03-31,13,3,436
2025-03-31,13,4,192
2025-03-31,13,5,158
2025-03-31,14,1,314
2025-03-31,14,2,250
2025-03-31,14,3,317
2025-03-31,14,4,129
2025-03-31,14,5,108
2025-03-31,15,1,519
2025-03-31,15,2,458
2025-03-31,15,3,496
2025-03-31,15,4,163
2025-03-31,15,5,169
2025-03-31,16,1,335
2025-03-31,16,2,270
2025-03-31,16,3,308
2025-03-31,16,4,132
2025-03-31,16,5,99
2025-03-31,17,1,422
2025-03-31,17,2,312
2025-03-31,17,3,363
2025-03-31,17,4,154
2025-03-31,17,5,146
2025-03-31,18,1,944
2025-03-31,18,2,779
2025-03-31,18,3,868
2025-03-31,18,4,361
2025-03-31,18,5,292
2025-03-31,19,1,453
2025-03-31,19,2,361
2025-03-31,19,3,410
2025-03-31,19,4,163
2025-03-31,19,5,132
2025-03-31,20,1,465
2025-03-31,20,2,401
2025-03-31,20,3,465
2025-03-31,20,4,199
2025-03-31,20,5,141
2025-03-31,21,1,250
2025-03-31,21,2,195
2025-03-31,21,3,234
2025-03-31,21,4,94
2025-03-31,21,5,76
2025-03-31,22,1,485
2025-03-31,22,2,405
2025-03-31,22,3,445
2025-03-31,22,4,191
2025-03-31,22,5,139
2025-03-31,23,1,105
2025-03-31,23,2,106
2025-03-31,23,3,118
2025-03-31,23,4,55
2025-03-31,23,5,42
2025-03-31,24,1,123
2025-03-31,24,2,97
2025-03-31,24,3,98
2025-03-31,24,4,35
2025-03-31,24,5,29
2025-03-31,25,1,346
2025-03-31,25,2,264
2025-03-31,25,3,316
2025-03-31,25,4,134
2025-03-31,25,5,96
2025-04-01,1,1,775
2025-04-01,1,2,631
2025-04-01,1,3,751
2025-04-01,1,4,309
2025-04-01,1,5,281
2025-04-01,2,1,537
2025-04-01,2,2,397
2025-04-01,2,3,469
2025-04-01,2,4,200
2025-04-01,2,5,178
2025-04-01,3,1,217
2025-04-01,3,2,198
2025-04-01,3,3,257
2025-04-01,3,4,87
2025-04-01,3,5,72
2025-04-01,4,1,711
2025-04-01,4,2,563
2025-04-01,4,3,704
2025-04-01,4,4,261
2025-04-01,4,5,235
2025-04-01,5,1,581
2025-04-01,5,2,480
2025-04-01,5,3,528
2025-04-01,5,4,211
2025-04-01,5,5,190
2025-04-01,6,1,402
2025-04-01,6,2,287
2025-04-01,6,3,356
2025-04-01,6,4,150
2025-04-01,6,5,109
2025-04-01,7,1,388
2025-04-01,7,2,320
2025-04-01,7,3,391
2025-04-01,7,4,164
2025-04-01,7,5,119
2025-04-01,8,1,200
2025-04-01,8,2,152
2025-04-01,8,3,173
2025-04-01,8,4,86
2025-04-01,8,5,48
2025-04-01,9,1,485
2025-04-01,9,2,387
2025-04-01,9,3,450
2025-04-01,9,4,191
2025-04-01,9,5,172
2025-04-01,10,1,292
2025-04-01,10,2,211
2025-04-01,10,3,228
2025-04-01,10,4,93
2025-04-01,10,5,79
2025-04-01,11,1,352
2025-04-01,11,2,273
2025-04-01,11,3,330
2025-04-01,11,4,127
2025-04-01,11,5,115
2025-04-01,12,1,417
2025-04-01,12,2,319
2025-04-01,12,3,371
2025-04-01,12,4,163
2025-04-01,12,5,144
2025-04-01,13,1,486
2025-04-01,13,2,411
2025-04-01,13,3,451
2025-04-01,13,4,179
2025-04-01,13,5,127
2025-04-01,14,1,299
2025-04-01,14,2,240
2025-04-01,14,3,297
2025-04-01,14,4,121
2025-04-01,14,5,83
2025-04-01,15,1,497
2025-04-01,15,2,419
2025-04-01,15,3,495
2025-04-01,15,4,198
2025-04-01,15,5,169
2025-04-01,16,1,326
2025-04-01,16,2,250
2025-04-01,16,3,300
2025-04-01,16,4,135
2025-04-01,16,5,124
2025-04-01,17,1,438
2025-04-01,17,2,340
2025-04-01,17,3,401
2025-04-01,17,4,166
2025-04-01,17,5,122
2025-04-01,18,1,922
2025-04-01,18,2,726
2025-04-01,18,3,887
2025-04-01,18,4,354
2025-04-01,18,5,280
2025-04-01,19,1,460
2025-04-01,19,2,350
2025-04-01,19,3,408
2025-04-01,19,4,181
2025-04-01,19,5,150
2025-04-01,20,1,475
2025-04-01,20,2,391
2025-04-01,20,3,434
2025-04-01,20,4,157
2025-04-01,20,5,139
2025-04-01,21,1,265
2025-04-01,21,2,203
2025-04-01,21,3,235
2025-04-01,21,4,102
2025-04-01,21,5,79
2025-04-01,22,1,465
2025-04-01,22,2,302
2025-04-01,22,3,449
2025-04-01,22,4,155
2025-04-01,22,5,162
2025-04-01,23,1,124
2025-04-01,23,2,114
2025-04-01,23,3,122
2025-04-01,23,4,52
2025-04-01,23,5,40
2025-04-01,24,1,105
2025-04-01,24,2,98
2025-04-01,24,3,118
2025-04-01,24,4,52
2025-04-01,24,5,42
2025-04-01,25,1,333
2025-04-01,25,2,283
2025-04-01,25,3,318
2025-04-01,25,4,122
2025-04-01,25,5,122
2025-04-02,1,1,732
2025-04-02,1,2,661
2025-04-02,1,3,700
2025-04-02,1,4,252
2025-04-02,1,5,223
2025-04-02,2,1,424
2025-04-02,2,2,378
2025-04-02,2,3,384
2025-04-02,2,4,157
2025-04-02,2,5,125
2025-04-02,3,1,182
2025-04-02,3,2,186
2025-04-02,3,3,183
2025-04-02,3,4,83
2025-04-02,3,5,66
2025-04-02,4,1,587
2025-04-02,4,2,477
2025-04-02,4,3,540
2025-04-02,4,4,247
2025-04-02,4,5,196
2025-04-02,5,1,522
2025-04-02,5,2,403
2025-04-02,5,3,483
2025-04-02,5,4,170
2025-04-02,5,5,143
2025-04-02,6,1,325
2025-04-02,6,2,264
2025-04-02,6,3,265
2025-04-02,6,4,119
2025-04-02,6,5,103
2025-04-02,7,1,346
2025-04-02,7,2,254
2025-04-02,7,3,338
2025-04-02,7,4,133
2025-04-02,7,5,122
2025-04-02,8,1,164
2025-04-02,8,2,125
2025-04-02,8,3,159
2025-04-02,8,4,71
2025-04-02,8,5,57
2025-04-02,9,1,449
2025-04-02,9,2,329
2025-04-02,9,3,420
2025-04-02,9,4,159
2025-04-02,9,5,117
2025-04-02,10,1,201
2025-04-02,10,2,173
2025-04-02,10,3,231
2025-04-02,10,4,72
2025-04-02,10,5,75
2025-04-02,11,1,269
2025-04-02,11,2,233
2025-04-02,11,3,262
2025-04-02,11,4,97
2025-04-02,11,5,99
2025-04-02,12,1,362
2025-04-02,12,2,292
2025-04-02,12,3,327
2025-04-02,12,4,143
2025-04-02,12,5,121
2025-04-02,13,1,405
2025-04-02,13,2,321
2025-04-02,13,3,390
2025-04-02,13,4,153
2025-04-02,13,5,146
2025-04-02,14,1,269
2025-04-02,14,2,238
2025-04-02,14,3,253
2025-04-02,14,4,87
2025-04-02,14,5,88
2025-04-02,15,1,458
2025-04-02,15,2,386
2025-04-02,15,3,433
2025-04-02,15,4,165
2025-04-02,15,5,162
2025-04-02,16,1,281
2025-04-02,16,2,246
2025-04-02,16,3,269
2025-04-02,16,4,120
2025-04-02,16,5,82
2025-04-02,17,1,387
2025-04-02,17,2,306
2025-04-02,17,3,331
2025-04-02,17,4,146
2025-04-02,17,5,132
2025-04-02,18,1,758
2025-04-02,18,2,652
2025-04-02,18,3,750
2025-04-02,18,4,322
2025-04-02,18,5,244
2025-04-02,19,1,364
2025-04-02,19,2,315
2025-04-02,19,3,371
2025-04-02,19,4,162
2025-04-02,19,5,127
2025-04-02,20,1,440
2025-04-02,20,2,332
2025-04-02,20,3,376
2025-04-02,20,4,166
2025-04-02,20,5,136
2025-04-02,21,1,222
2025-04-02,21,2,168
2025-04-02,21,3,221
2025-04-02,21,4,81
2025-04-02,21,5,83
2025-04-02,22,1,390
2025-04-02,22,2,336
2025-04-02,22,3,366
2025-04-02,22,4,140
2025-04-02,22,5,119
2025-04-02,23,1,95
2025-04-02,23,2,98
2025-04-02,23,3,95
2025-04-02,23,4,35
2025-04-02,23,5,39
2025-04-02,24,1,88
2025-04-02,24,2,79
2025-04-02,24,3,100
2025-04-02,24,4,36
2025-04-02,24,5,28
2025-04-02,25,1,318
2025-04-02,25,2,224
2025-04-02,25,3,287
2025-04-02,25,4,127
2025-04-02,25,5,86
2025-04-03,1,1,733
2025-04-03,1,2,526
2025-04-03,1,3,650
2025-04-03,1,4,244
2025-04-03,1,5,228
2025-04-03,2,1,438
2025-04-03,2,2,328
2025-04-03,2,3,391
2025-04-03,2,4,159
2025-04-03,2,5,124
2025-04-03,3,1,187
2025-04-03,3,2,147
2025-04-03,3,3,217
2025-04-03,3,4,83
2025-04-03,3,5,67
2025-04-03,4,1,578
2025-04-03,4,2,419
2025-04-03,4,3,605
2025-04-03,4,4,233
2025-04-03,4,5,172
2025-04-03,5,1,472
2025-04-03,5,2,363
2025-04-03,5,3,483
2025-04-03,5,4,200
2025-04-03,5,5,159
2025-04-03,6,1,279
2025-04-03,6,2,220
2025-04-03,6,3,290
2025-04-03,6,4,125
2025-04-03,6,5,82
2025-04-03,7,1,366
2025-04-03,7,2,250
2025-04-03,7,3,325
2025-04-03,7,4,134
2025-04-03,7,5,107
2025-04-03,8,1,158
2025-04-03,8,2,117
2025-04-03,8,3,183
2025-04-03,8,4,75
2025-04-03,8,5,60
2025-04-03,9,1,433
2025-04-03,9,2,320
2025-04-03,9,3,420
2025-04-03,9,4,188
2025-04-03,9,5,143
2025-04-03,10,1,206
2025-04-03,10,2,166
2025-04-03,10,3,186
2025-04-03,10,4,77
2025-04-03,10,5,81
2025-04-03,11,1,295
2025-04-03,11,2,232
2025-04-03,11,3,249
2025-04-03,11,4,116
2025-04-03,11,5,106
2025-04-03,12,1,337
2025-04-03,12,2,266
2025-04-03,12,3,325
2025-04-03,12,4,132
2025-04-03,12,5,116
2025-04-03,13,1,431
2025-04-03,13,2,311
2025-04-03,13,3,394
2025-04-03,13,4,177
2025-04-03,13,5,134
2025-04-03,14,1,288
2025-04-03,14,2,206
2025-04-03,14,3,265
2025-04-03,14,4,100
2025-04-03,14,5,81
2025-04-03,15,1,467
2025-04-03,15,2,338
2025-04-03,15,3,450
2025-04-03,15,4,171
2025-04-03,15,5,146
2025-04-03,16,1,250
2025-04-03,16,2,193
2025-04-03,16,3,306
2025-04-03,16,4,93
2025-04-03,16,5,75
2025-04-03,17,1,354
2025-04-03,17,2,276
2025-04-03,17,3,348
2025-04-03,17,4,138
2025-04-03,17,5,102
2025-04-03,18,1,736
2025-04-03,18,2,614
2025-04-03,18,3,743
2025-04-03,18,4,300
2025-04-03,18,5,250
2025-04-03,19,1,406
2025-04-03,19,2,280
2025-04-03,19,3,365
2025-04-03,19,4,145
2025-04-03,19,5,128
2025-04-03,20,1,414
2025-04-03,20,2,310
2025-04-03,20,3,386
2025-04-03,20,4,158
2025-04-03,20,5,128
2025-04-03,21,1,232
2025-04-03,21,2,162
2025-04-03,21,3,209
2025-04-03,21,4,84
2025-04-03,21,5,68
2025-04-03,22,1,378
2025-04-03,22,2,281
2025-04-03,22,3,338
2025-04-03,22,4,134
2025-04-03,22,5,107
2025-04-03,23,1,93
2025-04-03,23,2,92
2025-04-03,23,3,91
2025-04-03,23,4,41
2025-04-03,23,5,44
2025-04-03,24,1,102
2025-04-03,24,2,85
2025-04-03,24,3,93
2025-04-03,24,4,42
2025-04-03,24,5,21
2025-04-03,25,1,300
2025-04-03,25,2,220
2025-04-03,25,3,260
2025-04-03,25,4,124
2025-04-03,25,5,98
2025-04-04,1,1,736
2025-04-04,1,2,523
2025-04-04,1,3,722
2025-04-04,1,4,277
2025-04-04,1,5,250
2025-04-04,2,1,444
2025-04-04,2,2,332
2025-04-04,2,3,417
2025-04-04,2,4,207
2025-04-04,2,5,136
2025-04-04,3,1,214
2025-04-04,3,2,149
2025-04-04,3,3,186
2025-04-04,3,4,76
2025-04-04,3,5,86
2025-04-04,4,1,624
2025-04-04,4,2,471
2025-04-04,4,3,577
2025-04-04,4,4,203
2025-04-04,4,5,236
2025-04-04,5,1,508
2025-04-04,5,2,404
2025-04-04,5,3,457
2025-04-04,5,4,183
2025-04-04,5,5,163
2025-04-04,6,1,296
2025-04-04,6,2,230
2025-04-04,6,3,298
2025-04-04,6,4,113
2025-04-04,6,5,82
2025-04-04,7,1,377
2025-04-04,7,2,291
2025-04-04,7,3,331
2025-04-04,7,4,151
2025-04-04,7,5,119
2025-04-04,8,1,199
2025-04-04,8,2,133
2025-04-04,8,3,162
2025-04-04,8,4,52
2025-04-04,8,5,50
2025-04-04,9,1,467
2025-04-04,9,2,323
2025-04-04,9,3,399
2025-04-04,9,4,180
2025-04-04,9,5,144
2025-04-04,10,1,213
2025-04-04,10,2,143
2025-04-04,10,3,224
2025-04-04,10,4,89
2025-04-04,10,5,85
2025-04-04,11,1,303
2025-04-04,11,2,228
2025-04-04,11,3,298
2025-04-04,11,4,115
2025-04-04,11,5,101
2025-04-04,12,1,359
2025-04-04,12,2,258
2025-04-04,12,3,308
2025-04-04,12,4,145
2025-04-04,12,5,118
2025-04-04,13,1,441
2025-04-04,13,2,297
2025-04-04,13,3,384
2025-04-04,13,4,190
2025-04-04,13,5,153
2025-04-04,14,1,244
2025-04-04,14,2,202
2025-04-04,14,3,250
2025-04-04,14,4,105
2025-04-04,14,5,81
2025-04-04,15,1,492
2025-04-04,15,2,362
2025-04-04,15,3,465
2025-04-04,15,4,180
2025-04-04,15,5,162
2025-04-04,16,1,312
2025-04-04,16,2,201
2025-04-04,16,3,267
2025-04-04,16,4,108
2025-04-04,16,5,102
2025-04-04,17,1,372
2025-04-04,17,2,275
2025-04-04,17,3,333
2025-04-04,17,4,129
2025-04-04,17,5,106
2025-04-04,18,1,798
2025-04-04,18,2,637
2025-04-04,18,3,807
2025-04-04,18,4,341
2025-04-04,18,5,258
2025-04-04,19,1,416
2025-04-04,19,2,288
2025-04-04,19,3,435
2025-04-04,19,4,153
2025-04-04,19,5,133
2025-04-04,20,1,419
2025-04-04,20,2,296
2025-04-04,20,3,428
2025-04-04,20,4,172
2025-04-04,20,5,126
2025-04-04,21,1,227
2025-04-04,21,2,184
2025-04-04,21,3,226
2025-04-04,21,4,100
2025-04-04,21,5,51
2025-04-04,22,1,396
2025-04-04,22,2,284
2025-04-04,22,3,375
2025-04-04,22,4,158
2025-04-04,22,5,144
2025-04-04,23,1,119
2025-04-04,23,2,75
2025-04-04,23,3,92
2025-04-04,23,4,40
2025-04-04,23,5,35
2025-04-04,24,1,93
2025-04-04,24,2,73
2025-04-04,24,3,89
2025-04-04,24,4,39
2025-04-04,24,5,45
2025-04-04,25,1,328
2025-04-04,25,2,218
2025-04-04,25,3,285
2025-04-04,25,4,113
2025-04-04,25,5,105
2025-04-05,1,1,582
2025-04-05,1,2,421
2025-04-05,1,3,553
2025-04-05,1,4,219
2025-04-05,1,5,186
2025-04-05,2,1,349
2025-04-05,2,2,224
2025-04-05,2,3,344
2025-04-05,2,4,145
2025-04-05,2,5,99
2025-04-05,3,1,160
2025-04-05,3,2,126
2025-04-05,3,3,159
2025-04-05,3,4,64
2025-04-05,3,5,57
2025-04-05,4,1,469
2025-04-05,4,2,333
2025-04-05,4,3,488
2025-04-05,4,4,157
2025-04-05,4,5,136
2025-04-05,5,1,390
2025-04-05,5,2,278
2025-04-05,5,3,393
2025-04-05,5,4,172
2025-04-05,5,5,140
2025-04-05,6,1,257
2025-04-05,6,2,193
2025-04-05,6,3,221
2025-04-05,6,4,91
2025-04-05,6,5,70
2025-04-05,7,1,285
2025-04-05,7,2,184
2025-04-05,7,3,296
2025-04-05,7,4,102
2025-04-05,7,5,88
2025-04-05,8,1,155
2025-04-05,8,2,96
2025-04-05,8,3,112
2025-04-05,8,4,56
2025-04-05,8,5,43
2025-04-05,9,1,400
2025-04-05,9,2,237
2025-04-05,9,3,316
2025-04-05,9,4,130
2025-04-05,9,5,83
2025-04-05,10,1,169
2025-04-05,10,2,120
2025-04-05,10,3,188
2025-04-05,10,4,74
2025-04-05,10,5,54
2025-04-05,11,1,279
2025-04-05,11,2,186
2025-04-05,11,3,206
2025-04-05,11,4,105
2025-04-05,11,5,70
2025-04-05,12,1,270
2025-04-05,12,2,221
2025-04-05,12,3,289
2025-04-05,12,4,108
2025-04-05,12,5,86
2025-04-05,13,1,329
2025-04-05,13,2,279
2025-04-05,13,3,276
2025-04-05,13,4,134
2025-04-05,13,5,104
2025-04-05,14,1,240
2025-04-05,14,2,161
2025-04-05,14,3,221
2025-04-05,14,4,90
2025-04-05,14,5,51
2025-04-05,15,1,383
2025-04-05,15,2,280
2025-04-05,15,3,392
2025-04-05,15,4,152
2025-04-05,15,5,121
2025-04-05,16,1,233
2025-04-05,16,2,158
2025-04-05,16,3,199
2025-04-05,16,4,79
2025-04-05,16,5,69
2025-04-05,17,1,301
2025-04-05,17,2,193
2025-04-05,17,3,270
2025-04-05,17,4,85
2025-04-05,17,5,76
2025-04-05,18,1,634
2025-04-05,18,2,493
2025-04-05,18,3,598
2025-04-05,18,4,235
2025-04-05,18,5,213
2025-04-05,19,1,315
2025-04-05,19,2,246
2025-04-05,19,3,305
2025-04-05,19,4,115
2025-04-05,19,5,86
2025-04-05,20,1,336
2025-04-05,20,2,256
2025-04-05,20,3,324
2025-04-05,20,4,132
2025-04-05,20,5,95
2025-04-05,21,1,181
2025-04-05,21,2,139
2025-04-05,21,3,172
2025-04-05,21,4,58
2025-04-05,21,5,72
2025-04-05,22,1,324
2025-04-05,22,2,199
2025-04-05,22,3,282
2025-04-05,22,4,122
2025-04-05,22,5,79
2025-04-05,23,1,90
2025-04-05,23,2,60
2025-04-05,23,3,91
2025-04-05,23,4,41
2025-04-05,23,5,25
2025-04-05,24,1,78
2025-04-05,24,2,44
2025-04-05,24,3,70
2025-04-05,24,4,19
2025-04-05,24,5,25
2025-04-05,25,1,242
2025-04-05,25,2,182
2025-04-05,25,3,236
2025-04-05,25,4,93
2025-04-05,25,5,86
2025-04-06,1,1,552
2025-04-06,1,2,428
2025-04-06,1,3,493
2025-04-06,1,4,222
2025-04-06,1,5,161
2025-04-06,2,1,327
2025-04-06,2,2,255
2025-04-06,2,3,312
2025-04-06,2,4,141
2025-04-06,2,5,110
2025-04-06,3,1,163
2025-04-06,3,2,132
2025-04-06,3,3,156
2025-04-06,3,4,57
2025-04-06,3,5,60
2025-04-06,4,1,450
2025-04-06,4,2,352
2025-04-06,4,3,447
2025-04-06,4,4,179
2025-04-06,4,5,131
2025-04-06,5,1,406
2025-04-06,5,2,258
2025-04-06,5,3,390
2025-04-06,5,4,154
2025-04-06,5,5,118
2025-04-06,6,1,232
2025-04-06,6,2,172
2025-04-06,6,3,238
2025-04-06,6,4,90
2025-04-06,6,5,62
2025-04-06,7,1,291
2025-04-06,7,2,198
2025-04-06,7,3,263
2025-04-06,7,4,103
2025-04-06,7,5,86
2025-04-06,8,1,120
2025-04-06,8,2,119
2025-04-06,8,3,125
2025-04-06,8,4,56
2025-04-06,8,5,42
2025-04-06,9,1,353
2025-04-06,9,2,249
2025-04-06,9,3,300
2025-04-06,9,4,130
2025-04-06,9,5,125
2025-04-06,10,1,174
2025-04-06,10,2,140
2025-04-06,10,3,174
2025-04-06,10,4,53
2025-04-06,10,5,51
2025-04-06,11,1,255
2025-04-06,11,2,156
2025-04-06,11,3,198
2025-04-06,11,4,89
2025-04-06,11,5,69
2025-04-06,12,1,274
2025-04-06,12,2,190
2025-04-06,12,3,235
2025-04-06,12,4,96
2025-04-06,12,5,91
2025-04-06,13,1,314
2025-04-06,13,2,233
2025-04-06,13,3,304
2025-04-06,13,4,116
2025-04-06,13,5,99
2025-04-06,14,1,193
2025-04-06,14,2,152
2025-04-06,14,3,201
2025-04-06,14,4,83
2025-04-06,14,5,54
2025-04-06,15,1,348
2025-04-06,15,2,279
2025-04-06,15,3,322
2025-04-06,15,4,164
2025-04-06,15,5,129
2025-04-06,16,1,227
2025-04-06,16,2,148
2025-04-06,16,3,206
2025-04-06,16,4,78
2025-04-06,16,5,69
2025-04-06,17,1,280
2025-04-06,17,2,194
2025-04-06,17,3,244
2025-04-06,17,4,103
2025-04-06,17,5,80
2025-04-06,18,1,617
2025-04-06,18,2,436
2025-04-06,18,3,589
2025-04-06,18,4,232
2025-04-06,18,5,203
2025-04-06,19,1,326
2025-04-06,19,2,220
2025-04-06,19,3,337
2025-04-06,19,4,109
2025-04-06,19,5,102
2025-04-06,20,1,302
2025-04-06,20,2,227
2025-04-06,20,3,312
2025-04-06,20,4,116
2025-04-06,20,5,96
2025-04-06,21,1,183
2025-04-06,21,2,119
2025-04-06,21,3,153
2025-04-06,21,4,63
2025-04-06,21,5,62
2025-04-06,22,1,270
2025-04-06,22,2,221
2025-04-06,22,3,282
2025-04-06,22,4,98
2025-04-06,22,5,92
2025-04-06,23,1,84
2025-04-06,23,2,67
2025-04-06,23,3,79
2025-04-06,23,4,25
2025-04-06,23,5,17
2025-04-06,24,1,79
2025-04-06,24,2,46
2025-04-06,24,3,60
2025-04-06,24,4,34
2025-04-06,24,5,32
2025-04-06,25,1,243
2025-04-06,25,2,171
2025-04-06,25,3,211
2025-04-06,25,4,82
2025-04-06,25,5,73
2025-04-07,1,1,822
2025-04-07,1,2,677
2025-04-07,1,3,757
2025-04-07,1,4,335
2025-04-07,1,5,256
2025-04-07,2,1,550
2025-04-07,2,2,407
2025-04-07,2,3,480
2025-04-07,2,4,188
2025-04-07,2,5,141
2025-04-07,3,1,261
2025-04-07,3,2,201
2025-04-07,3,3,252
2025-04-07,3,4,83
2025-04-07,3,5,79
2025-04-07,4,1,723
2025-04-07,4,2,597
2025-04-07,4,3,641
2025-04-07,4,4,283
2025-04-07,4,5,223
2025-04-07,5,1,578
2025-04-07,5,2,453
2025-04-07,5,3,553
2025-04-07,5,4,201
2025-04-07,5,5,175
2025-04-07,6,1,350
2025-04-07,6,2,275
2025-04-07,6,3,303
2025-04-07,6,4,147
2025-04-07,6,5,98
2025-04-07,7,1,422
2025-04-07,7,2,322
2025-04-07,7,3,381
2025-04-07,7,4,166
2025-04-07,7,5,134
2025-04-07,8,1,225
2025-04-07,8,2,151
2025-04-07,8,3,174
2025-04-07,8,4,84
2025-04-07,8,5,66
2025-04-07,9,1,552
2025-04-07,9,2,444
2025-04-07,9,3,492
2025-04-07,9,4,193
2025-04-07,9,5,165
2025-04-07,10,1,255
2025-04-07,10,2,220
2025-04-07,10,3,263
2025-04-07,10,4,86
2025-04-07,10,5,79
2025-04-07,11,1,349
2025-04-07,11,2,253
2025-04-07,11,3,294
2025-04-07,11,4,134
2025-04-07,11,5,128
2025-04-07,12,1,399
2025-04-07,12,2,318
2025-04-07,12,3,387
2025-04-07,12,4,156
2025-04-07,12,5,140
2025-04-07,13,1,487
2025-04-07,13,2,380
2025-04-07,13,3,446
2025-04-07,13,4,202
2025-04-07,13,5,160
2025-04-07,14,1,302
2025-04-07,14,2,252
2025-04-07,14,3,279
2025-04-07,14,4,111
2025-04-07,14,5,89
2025-04-07,15,1,552
2025-04-07,15,2,487
2025-04-07,15,3,500
2025-04-07,15,4,223
2025-04-07,15,5,167
2025-04-07,16,1,328
2025-04-07,16,2,279
2025-04-07,16,3,309
2025-04-07,16,4,128
2025-04-07,16,5,108
2025-04-07,17,1,418
2025-04-07,17,2,341
2025-04-07,17,3,404
2025-04-07,17,4,156
2025-04-07,17,5,146
2025-04-07,18,1,950
2025-04-07,18,2,751
2025-04-07,18,3,870
2025-04-07,18,4,351
2025-04-07,18,5,277
2025-04-07,19,1,470
2025-04-07,19,2,366
2025-04-07,19,3,434
2025-04-07,19,4,178
2025-04-07,19,5,148
2025-04-07,20,1,456
2025-04-07,20,2,367
2025-04-07,20,3,451
2025-04-07,20,4,165
2025-04-07,20,5,135
2025-04-07,21,1,251
2025-04-07,21,2,221
2025-04-07,21,3,240
2025-04-07,21,4,94
2025-04-07,21,5,97
2025-04-07,22,1,457
2025-04-07,22,2,401
2025-04-07,22,3,429
2025-04-07,22,4,178
2025-04-07,22,5,141
2025-04-07,23,1,111
2025-04-07,23,2,103
2025-04-07,23,3,107
2025-04-07,23,4,43
2025-04-07,23,5,32
2025-04-07,24,1,141
2025-04-07,24,2,96
2025-04-07,24,3,114
2025-04-07,24,4,35
2025-04-07,24,5,38
2025-04-07,25,1,328
2025-04-07,25,2,316
2025-04-07,25,3,325
2025-04-07,25,4,137
2025-04-07,25,5,108
2025-04-08,1,1,768
2025-04-08,1,2,667
2025-04-08,1,3,737
2025-04-08,1,4,326
2025-04-08,1,5,255
2025-04-08,2,1,493
2025-04-08,2,2,430
2025-04-08,2,3,491
2025-04-08,2,4,170
2025-04-08,2,5,144
2025-04-08,3,1,225
2025-04-08,3,2,184
2025-04-08,3,3,207
2025-04-08,3,4,91
2025-04-08,3,5,64
2025-04-08,4,1,648
2025-04-08,4,2,549
2025-04-08,4,3,618
2025-04-08,4,4,252
2025-04-08,4,5,227
2025-04-08,5,1,566
2025-04-08,5,2,451
2025-04-08,5,3,514
2025-04-08,5,4,214
2025-04-08,5,5,177
2025-04-08,6,1,301
2025-04-08,6,2,297
2025-04-08,6,3,346
2025-04-08,6,4,139
2025-04-08,6,5,101
2025-04-08,7,1,378
2025-04-08,7,2,317
2025-04-08,7,3,371
2025-04-08,7,4,143
2025-04-08,7,5,116
2025-04-08,8,1,176
2025-04-08,8,2,141
2025-04-08,8,3,167
2025-04-08,8,4,60
2025-04-08,8,5,55
2025-04-08,9,1,455
2025-04-08,9,2,408
2025-04-08,9,3,455
2025-04-08,9,4,200
2025-04-08,9,5,154
2025-04-08,10,1,244
2025-04-08,10,2,182
2025-04-08,10,3,211
2025-04-08,10,4,80
2025-04-08,10,5,72
2025-04-08,11,1,319
2025-04-08,11,2,290
2025-04-08,11,3,302
2025-04-08,11,4,140
2025-04-08,11,5,103
2025-04-08,12,1,357
2025-04-08,12,2,337
2025-04-08,12,3,350
2025-04-08,12,4,152
2025-04-08,12,5,118
2025-04-08,13,1,439
2025-04-08,13,2,381
2025-04-08,13,3,433
2025-04-08,13,4,204
2025-04-08,13,5,112
2025-04-08,14,1,296
2025-04-08,14,2,237
2025-04-08,14,3,279
2025-04-08,14,4,100
2025-04-08,14,5,111
2025-04-08,15,1,508
2025-04-08,15,2,400
2025-04-08,15,3,470
2025-04-08,15,4,188
2025-04-08,15,5,171
2025-04-08,16,1,335
2025-04-08,16,2,244
2025-04-08,16,3,293
2025-04-08,16,4,109
2025-04-08,16,5,85
2025-04-08,17,1,401
2025-04-08,17,2,319
2025-04-08,17,3,354
2025-04-08,17,4,140
2025-04-08,17,5,134
2025-04-08,18,1,975
2025-04-08,18,2,724
2025-04-08,18,3,841
2025-04-08,18,4,379
2025-04-08,18,5,282
2025-04-08,19,1,447
2025-04-08,19,2,342
2025-04-08,19,3,401
2025-04-08,19,4,164
2025-04-08,19,5,135
2025-04-08,20,1,448
2025-04-08,20,2,348
2025-04-08,20,3,461
2025-04-08,20,4,155
2025-04-08,20,5,136
2025-04-08,21,1,237
2025-04-08,21,2,182
2025-04-08,21,3,227
2025-04-08,21,4,98
2025-04-08,21,5,72
2025-04-08,22,1,467
2025-04-08,22,2,359
2025-04-08,22,3,415
2025-04-08,22,4,174
2025-04-08,22,5,140
2025-04-08,23,1,122
2025-04-08,23,2,87
2025-04-08,23,3,109
2025-04-08,23,4,37
2025-04-08,23,5,40
2025-04-08,24,1,104
2025-04-08,24,2,86
2025-04-08,24,3,92
2025-04-08,24,4,31
2025-04-08,24,5,35
2025-04-08,25,1,346
2025-04-08,25,2,279
2025-04-08,25,3,299
2025-04-08,25,4,118
2025-04-08,25,5,83
2025-04-09,1,1,701
2025-04-09,1,2,609
2025-04-09,1,3,678
2025-04-09,1,4,290
2025-04-09,1,5,239
2025-04-09,2,1,406
2025-04-09,2,2,341
2025-04-09,2,3,427
2025-04-09,2,4,160
2025-04-09,2,5,126
2025-04-09,3,1,218
2025-04-09,3,2,148
2025-04-09,3,3,197
2025-04-09,3,4,76
2025-04-09,3,5,64
2025-04-09,4,1,638
2025-04-09,4,2,457
2025-04-09,4,3,555
2025-04-09,4,4,207
2025-04-09,4,5,196
2025-04-09,5,1,551
2025-04-09,5,2,419
2025-04-09,5,3,472
2025-04-09,5,4,189
2025-04-09,5,5,145
2025-04-09,6,1,332
2025-04-09,6,2,273
2025-04-09,6,3,277
2025-04-09,6,4,103
2025-04-09,6,5,114
2025-04-09,7,1,406
2025-04-09,7,2,316
2025-04-09,7,3,350
2025-04-09,7,4,153
2025-04-09,7,5,118
2025-04-09,8,1,166
2025-04-09,8,2,137
2025-04-09,8,3,193
2025-04-09,8,4,65
2025-04-09,8,5,51
2025-04-09,9,1,469
2025-04-09,9,2,354
2025-04-09,9,3,388
2025-04-09,9,4,143
2025-04-09,9,5,128
2025-04-09,10,1,217
2025-04-09,10,2,185
2025-04-09,10,3,200
2025-04-09,10,4,76
2025-04-09,10,5,68
2025-04-09,11,1,305
2025-04-09,11,2,265
2025-04-09,11,3,261
2025-04-09,11,4,126
2025-04-09,11,5,83
2025-04-09,12,1,343
2025-04-09,12,2,265
2025-04-09,12,3,323
2025-04-09,12,4,149
2025-04-09,12,5,113
2025-04-09,13,1,411
2025-04-09,13,2,359
2025-04-09,13,3,354
2025-04-09,13,4,157
2025-04-09,13,5,115
2025-04-09,14,1,257
2025-04-09,14,2,229
2025-04-09,14,3,271
2025-04-09,14,4,113
2025-04-09,14,5,83
2025-04-09,15,1,456
2025-04-09,15,2,375
2025-04-09,15,3,400
2025-04-09,15,4,183
2025-04-09,15,5,135
2025-04-09,16,1,282
2025-04-09,16,2,226
2025-04-09,16,3,240
2025-04-09,16,4,105
2025-04-09,16,5,85
2025-04-09,17,1,378
2025-04-09,17,2,293
2025-04-09,17,3,347
2025-04-09,17,4,128
2025-04-09,17,5,120
2025-04-09,18,1,769
2025-04-09,18,2,698
2025-04-09,18,3,730
2025-04-09,18,4,337
2025-04-09,18,5,271
2025-04-09,19,1,422
2025-04-09,19,2,352
2025-04-09,19,3,381
2025-04-09,19,4,137
2025-04-09,19,5,130
2025-04-09,20,1,446
2025-04-09,20,2,333
2025-04-09,20,3,394
2025-04-09,20,4,141
2025-04-09,20,5,126
2025-04-09,21,1,196
2025-04-09,21,2,167
2025-04-09,21,3,187
2025-04-09,21,4,80
2025-04-09,21,5,72
2025-04-09,22,1,382
2025-04-09,22,2,354
2025-04-09,22,3,391
2025-04-09,22,4,142
2025-04-09,22,5,123
2025-04-09,23,1,114
2025-04-09,23,2,83
2025-04-09,23,3,96
2025-04-09,23,4,47
2025-04-09,23,5,39
2025-04-09,24,1,80
2025-04-09,24,2,76
2025-04-09,24,3,87
2025-04-09,24,4,36
2025-04-09,24,5,32
2025-04-09,25,1,311
2025-04-09,25,2,264
2025-04-09,25,3,269
2025-04-09,25,4,131
2025-04-09,25,5,90
2025-04-10,1,1,776
2025-04-10,1,2,533
2025-04-10,1,3,672
2025-04-10,1,4,294
2025-04-10,1,5,229
2025-04-10,2,1,411
2025-04-10,2,2,306
2025-04-10,2,3,410
2025-04-10,2,4,182
2025-04-10,2,5,136
2025-04-10,3,1,216
2025-04-10,3,2,130
2025-04-10,3,3,204
2025-04-10,3,4,77
2025-04-10,3,5,58
2025-04-10,4,1,569
2025-04-10,4,2,431
2025-04-10,4,3,566
2025-04-10,4,4,232
2025-04-10,4,5,169
2025-04-10,5,1,493
2025-04-10,5,2,355
2025-04-10,5,3,468
2025-04-10,5,4,185
2025-04-10,5,5,151
2025-04-10,6,1,324
2025-04-10,6,2,236
2025-04-10,6,3,286
2025-04-10,6,4,119
2025-04-10,6,5,107
2025-04-10,7,1,364
2025-04-10,7,2,247
2025-04-10,7,3,315
2025-04-10,7,4,150
2025-04-10,7,5,100
2025-04-10,8,1,146
2025-04-10,8,2,130
2025-04-10,8,3,156
2025-04-10,8,4,53
2025-04-10,8,5,52
2025-04-10,9,1,437
2025-04-10,9,2,325
2025-04-10,9,3,383
2025-04-10,9,4,155
2025-04-10,9,5,146
2025-04-10,10,1,224
2025-04-10,10,2,149
2025-04-10,10,3,191
2025-04-10,10,4,74
2025-04-10,10,5,61
2025-04-10,11,1,272
2025-04-10,11,2,202
2025-04-10,11,3,266
2025-04-10,11,4,104
2025-04-10,11,5,80
2025-04-10,12,1,367
2025-04-10,12,2,261
2025-04-10,12,3,310
2025-04-10,12,4,121
2025-04-10,12,5,137
2025-04-10,13,1,434
2025-04-10,13,2,281
2025-04-10,13,3,395
2025-04-10,13,4,170
2025-04-10,13,5,125
2025-04-10,14,1,266
2025-04-10,14,2,189
2025-04-10,14,3,248
2025-04-10,14,4,91
2025-04-10,14,5,82
2025-04-10,15,1,424
2025-04-10,15,2,332
2025-04-10,15,3,429
2025-04-10,15,4,161
2025-04-10,15,5,149
2025-04-10,16,1,304
2025-04-10,16,2,226
2025-04-10,16,3,248
2025-04-10,16,4,106
2025-04-10,16,5,84
2025-04-10,17,1,324
2025-04-10,17,2,273
2025-04-10,17,3,346
2025-04-10,17,4,141
2025-04-10,17,5,85
2025-04-10,18,1,779
2025-04-10,18,2,599
2025-04-10,18,3,744
2025-04-10,18,4,279
2025-04-10,18,5,243
2025-04-10,19,1,393
2025-04-10,19,2,303
2025-04-10,19,3,356
2025-04-10,19,4,152
2025-04-10,19,5,122
2025-04-10,20,1,412
2025-04-10,20,2,293
2025-04-10,20,3,375
2025-04-10,20,4,170
2025-04-10,20,5,114
2025-04-10,21,1,225
2025-04-10,21,2,179
2025-04-10,21,3,226
2025-04-10,21,4,79
2025-04-10,21,5,64
2025-04-10,22,1,421
2025-04-10,22,2,289
2025-04-10,22,3,325
2025-04-10,22,4,140
2025-04-10,22,5,119
2025-04-10,23,1,99
2025-04-10,23,2,69
2025-04-10,23,3,89
2025-04-10,23,4,45
2025-04-10,23,5,44
2025-04-10,24,1,106
2025-04-10,24,2,76
2025-04-10,24,3,86
2025-04-10,24,4,39
2025-04-10,24,5,27
2025-04-10,25,1,305
2025-04-10,25,2,203
2025-04-10,25,3,296
2025-04-10,25,4,107
2025-04-10,25,5,85
2025-04-11,1,1,749
2025-04-11,1,2,538
2025-04-11,1,3,709
2025-04-11,1,4,294
2025-04-11,1,5,212
2025-04-11,2,1,438
2025-04-11,2,2,370
2025-04-11,2,3,447
2025-04-11,2,4,184
2025-04-11,2,5,138
2025-04-11,3,1,231
2025-04-11,3,2,172
2025-04-11,3,3,208
2025-04-11,3,4,88
2025-04-11,3,5,76
2025-04-11,4,1,630
2025-04-11,4,2,430
2025-04-11,4,3,578
2025-04-11,4,4,256
2025-04-11,4,5,208
2025-04-11,5,1,573
2025-04-11,5,2,376
2025-04-11,5,3,498
2025-04-11,5,4,211
2025-04-11,5,5,172
2025-04-11,6,1,272
2025-04-11,6,2,254
2025-04-11,6,3,323
2025-04-11,6,4,137
2025-04-11,6,5,87
2025-04-11,7,1,350
2025-04-11,7,2,283
2025-04-11,7,3,364
2025-04-11,7,4,153
2025-04-11,7,5,120
2025-04-11,8,1,193
2025-04-11,8,2,138
2025-04-11,8,3,149
2025-04-11,8,4,77
2025-04-11,8,5,53
2025-04-11,9,1,475
2025-04-11,9,2,323
2025-04-11,9,3,455
2025-04-11,9,4,194
2025-04-11,9,5,144
2025-04-11,10,1,228
2025-04-11,10,2,157
2025-04-11,10,3,223
2025-04-11,10,4,86
2025-04-11,10,5,75
2025-04-11,11,1,287
2025-04-11,11,2,247
2025-04-11,11,3,288
2025-04-11,11,4,121
2025-04-11,11,5,113
2025-04-11,12,1,371
2025-04-11,12,2,282
2025-04-11,12,3,329
2025-04-11,12,4,137
2025-04-11,12,5,126
2025-04-11,13,1,450
2025-04-11,13,2,342
2025-04-11,13,3,412
2025-04-11,13,4,175
2025-04-11,13,5,152
2025-04-11,14,1,264
2025-04-11,14,2,213
2025-04-11,14,3,280
2025-04-11,14,4,110
2025-04-11,14,5,99
2025-04-11,15,1,497
2025-04-11,15,2,392
2025-04-11,15,3,469
2025-04-11,15,4,185
2025-04-11,15,5,130
2025-04-11,16,1,293
2025-04-11,16,2,224
2025-04-11,16,3,275
2025-04-11,16,4,117
2025-04-11,16,5,106
2025-04-11,17,1,360
2025-04-11,17,2,276
2025-04-11,17,3,360
2025-04-11,17,4,138
2025-04-11,17,5,125
2025-04-11,18,1,873
2025-04-11,18,2,607
2025-04-11,18,3,801
2025-04-11,18,4,317
2025-04-11,18,5,275
2025-04-11,19,1,403
2025-04-11,19,2,322
2025-04-11,19,3,390
2025-04-11,19,4,170
2025-04-11,19,5,147
2025-04-11,20,1,461
2025-04-11,20,2,328
2025-04-11,20,3,382
2025-04-11,20,4,171
2025-04-11,20,5,139
2025-04-11,21,1,261
2025-04-11,21,2,174
2025-04-11,21,3,194
2025-04-11,21,4,75
2025-04-11,21,5,71
2025-04-11,22,1,366
2025-04-11,22,2,332
2025-04-11,22,3,404
2025-04-11,22,4,158
2025-04-11,22,5,134
2025-04-11,23,1,119
2025-04-11,23,2,92
2025-04-11,23,3,123
2025-04-11,23,4,49
2025-04-11,23,5,39
2025-04-11,24,1,111
2025-04-11,24,2,72
2025-04-11,24,3,74
2025-04-11,24,4,53
2025-04-11,24,5,30
2025-04-11,25,1,310
2025-04-11,25,2,232
2025-04-11,25,3,306
2025-04-11,25,4,130
2025-04-11,25,5,102
2025-04-12,1,1,601
2025-04-12,1,2,408
2025-04-12,1,3,572
2025-04-12,1,4,206
2025-04-12,1,5,173
2025-04-12,2,1,335
2025-04-12,2,2,228
2025-04-12,2,3,313
2025-04-12,2,4,166
2025-04-12,2,5,124
2025-04-12,3,1,194
2025-04-12,3,2,107
2025-04-12,3,3,146
2025-04-12,3,4,59
2025-04-12,3,5,50
2025-04-12,4,1,483
2025-04-12,4,2,356
2025-04-12,4,3,476
2025-04-12,4,4,201
2025-04-12,4,5,128
2025-04-12,5,1,388
2025-04-12,5,2,271
2025-04-12,5,3,339
2025-04-12,5,4,151
2025-04-12,5,5,128
2025-04-12,6,1,245
2025-04-12,6,2,177
2025-04-12,6,3,241
2025-04-12,6,4,93
2025-04-12,6,5,82
2025-04-12,7,1,307
2025-04-12,7,2,206
2025-04-12,7,3,247
2025-04-12,7,4,116
2025-04-12,7,5,91
2025-04-12,8,1,162
2025-04-12,8,2,84
2025-04-12,8,3,130
2025-04-12,8,4,50
2025-04-12,8,5,45
2025-04-12,9,1,340
2025-04-12,9,2,237
2025-04-12,9,3,331
2025-04-12,9,4,127
2025-04-12,9,5,110
2025-04-12,10,1,175
2025-04-12,10,2,130
2025-04-12,10,3,165
2025-04-12,10,4,56
2025-04-12,10,5,46
2025-04-12,11,1,246
2025-04-12,11,2,187
2025-04-12,11,3,212
2025-04-12,11,4,89
2025-04-12,11,5,80
2025-04-12,12,1,312
2025-04-12,12,2,190
2025-04-12,12,3,287
2025-04-12,12,4,107
2025-04-12,12,5,90
2025-04-12,13,1,369
2025-04-12,13,2,260
2025-04-12,13,3,314
2025-04-12,13,4,117
2025-04-12,13,5,110
2025-04-12,14,1,233
2025-04-12,14,2,155
2025-04-12,14,3,198
2025-04-12,14,4,69
2025-04-12,14,5,78
2025-04-12,15,1,347
2025-04-12,15,2,268
2025-04-12,15,3,345
2025-04-12,15,4,132
2025-04-12,15,5,114
2025-04-12,16,1,238
2025-04-12,16,2,178
2025-04-12,16,3,191
2025-04-12,16,4,86
2025-04-12,16,5,77
2025-04-12,17,1,312
2025-04-12,17,2,223
2025-04-12,17,3,265
2025-04-12,17,4,110
2025-04-12,17,5,103
2025-04-12,18,1,643
2025-04-12,18,2,506
2025-04-12,18,3,608
2025-04-12,18,4,262
2025-04-12,18,5,215
2025-04-12,19,1,319
2025-04-12,19,2,221
2025-04-12,19,3,289
2025-04-12,19,4,129
2025-04-12,19,5,81
2025-04-12,20,1,318
2025-04-12,20,2,226
2025-04-12,20,3,288
2025-04-12,20,4,120
2025-04-12,20,5,120
2025-04-12,21,1,161
2025-04-12,21,2,133
2025-04-12,21,3,161
2025-04-12,21,4,69
2025-04-12,21,5,52
2025-04-12,22,1,301
2025-04-12,22,2,214
2025-04-12,22,3,272
2025-04-12,22,4,133
2025-04-12,22,5,83
2025-04-12,23,1,101
2025-04-12,23,2,65
2025-04-12,23,3,79
2025-04-12,23,4,32
2025-04-12,23,5,28
2025-04-12,24,1,76
2025-04-12,24,2,51
2025-04-12,24,3,57
2025-04-12,24,4,32
2025-04-12,24,5,24
2025-04-12,25,1,230
2025-04-12,25,2,192
2025-04-12,25,3,246
2025-04-12,25,4,109
2025-04-12,25,5,75
2025-04-13,1,1,562
2025-04-13,1,2,406
2025-04-13,1,3,572
2025-04-13,1,4,218
2025-04-13,1,5,159
2025-04-13,2,1,313
2025-04-13,2,2,233
2025-04-13,2,3,298
2025-04-13,2,4,128
2025-04-13,2,5,113
2025-04-13,3,1,172
2025-04-13,3,2,114
2025-04-13,3,3,181
2025-04-13,3,4,50
2025-04-13,3,5,56
2025-04-13,4,1,412
2025-04-13,4,2,328
2025-04-13,4,3,416
2025-04-13,4,4,185
2025-04-13,4,5,123
2025-04-13,5,1,387
2025-04-13,5,2,252
2025-04-13,5,3,370
2025-04-13,5,4,140
2025-04-13,5,5,129
2025-04-13,6,1,244
2025-04-13,6,2,183
2025-04-13,6,3,241
2025-04-13,6,4,94
2025-04-13,6,5,71
2025-04-13,7,1,282
2025-04-13,7,2,194
2025-04-13,7,3,260
2025-04-13,7,4,107
2025-04-13,7,5,71
2025-04-13,8,1,128
2025-04-13,8,2,89
2025-04-13,8,3,145
2025-04-13,8,4,55
2025-04-13,8,5,39
2025-04-13,9,1,332
2025-04-13,9,2,236
2025-04-13,9,3,302
2025-04-13,9,4,116
2025-04-13,9,5,107
2025-04-13,10,1,174
2025-04-13,10,2,120
2025-04-13,10,3,165
2025-04-13,10,4,81
2025-04-13,10,5,47
2025-04-13,11,1,240
2025-04-13,11,2,138
2025-04-13,11,3,218
2025-04-13,11,4,96
2025-04-13,11,5,74
2025-04-13,12,1,239
2025-04-13,12,2,213
2025-04-13,12,3,240
2025-04-13,12,4,85
2025-04-13,12,5,87
2025-04-13,13,1,302
2025-04-13,13,2,260
2025-04-13,13,3,319
2025-04-13,13,4,116
2025-04-13,13,5,95
2025-04-13,14,1,202
2025-04-13,14,2,144
2025-04-13,14,3,162
2025-04-13,14,4,81
2025-04-13,14,5,58
2025-04-13,15,1,364
2025-04-13,15,2,246
2025-04-13,15,3,316
2025-04-13,15,4,130
2025-04-13,15,5,116
2025-04-13,16,1,232
2025-04-13,16,2,156
2025-04-13,16,3,206
2025-04-13,16,4,88
2025-04-13,16,5,55
2025-04-13,17,1,257
2025-04-13,17,2,202
2025-04-13,17,3,291
2025-04-13,17,4,112
2025-04-13,17,5,79
2025-04-13,18,1,608
2025-04-13,18,2,472
2025-04-13,18,3,573
2025-04-13,18,4,253
2025-04-13,18,5,180
2025-04-13,19,1,275
2025-04-13,19,2,243
2025-04-13,19,3,295
2025-04-13,19,4,112
2025-04-13,19,5,106
2025-04-13,20,1,324
2025-04-13,20,2,207
2025-04-13,20,3,311
2025-04-13,20,4,118
2025-04-13,20,5,99
2025-04-13,21,1,164
2025-04-13,21,2,129
2025-04-13,21,3,150
2025-04-13,21,4,69
2025-04-13,21,5,57
2025-04-13,22,1,290
2025-04-13,22,2,227
2025-04-13,22,3,289
2025-04-13,22,4,112
2025-04-13,22,5,75
2025-04-13,23,1,69
2025-04-13,23,2,68
2025-04-13,23,3,71
2025-04-13,23,4,31
2025-04-13,23,5,27
2025-04-13,24,1,66
2025-04-13,24,2,69
2025-04-13,24,3,78
2025-04-13,24,4,32
2025-04-13,24,5,28
2025-04-13,25,1,236
2025-04-13,25,2,159
2025-04-13,25,3,196
2025-04-13,25,4,105
2025-04-13,25,5,81
2025-04-14,1,1,850
2025-04-14,1,2,690
2025-04-14,1,3,766
2025-04-14,1,4,341
2025-04-14,1,5,262
2025-04-14,2,1,480
2025-04-14,2,2,430
2025-04-14,2,3,539
2025-04-14,2,4,228
2025-04-14,2,5,158
2025-04-14,3,1,252
2025-04-14,3,2,208
2025-04-14,3,3,214
2025-04-14,3,4,85
2025-04-14,3,5,85
2025-04-14,4,1,686
2025-04-14,4,2,570
2025-04-14,4,3,635
2025-04-14,4,4,255
2025-04-14,4,5,225
2025-04-14,5,1,575
2025-04-14,5,2,466
2025-04-14,5,3,542
2025-04-14,5,4,224
2025-04-14,5,5,174
2025-04-14,6,1,341
2025-04-14,6,2,301
2025-04-14,6,3,325
2025-04-14,6,4,151
2025-04-14,6,5,96
2025-04-14,7,1,411
2025-04-14,7,2,360
2025-04-14,7,3,411
2025-04-14,7,4,148
2025-04-14,7,5,129
2025-04-14,8,1,201
2025-04-14,8,2,161
2025-04-14,8,3,156
2025-04-14,8,4,81
2025-04-14,8,5,60
2025-04-14,9,1,500
2025-04-14,9,2,400
2025-04-14,9,3,470
2025-04-14,9,4,210
2025-04-14,9,5,152
2025-04-14,10,1,263
2025-04-14,10,2,214
2025-04-14,10,3,210
2025-04-14,10,4,101
2025-04-14,10,5,73
2025-04-14,11,1,343
2025-04-14,11,2,268
2025-04-14,11,3,328
2025-04-14,11,4,136
2025-04-14,11,5,100
2025-04-14,12,1,383
2025-04-14,12,2,347
2025-04-14,12,3,341
2025-04-14,12,4,139
2025-04-14,12,5,132
2025-04-14,13,1,503
2025-04-14,13,2,419
2025-04-14,13,3,462
2025-04-14,13,4,191
2025-04-14,13,5,157
2025-04-14,14,1,344
2025-04-14,14,2,260
2025-04-14,14,3,302
2025-04-14,14,4,118
2025-04-14,14,5,91
2025-04-14,15,1,587
2025-04-14,15,2,467
2025-04-14,15,3,516
2025-04-14,15,4,207
2025-04-14,15,5,145
2025-04-14,16,1,316
2025-04-14,16,2,280
2025-04-14,16,3,303
2025-04-14,16,4,129
2025-04-14,16,5,89
2025-04-14,17,1,426
2025-04-14,17,2,331
2025-04-14,17,3,377
2025-04-14,17,4,153
2025-04-14,17,5,114
2025-04-14,18,1,911
2025-04-14,18,2,742
2025-04-14,18,3,841
2025-04-14,18,4,346
2025-04-14,18,5,297
2025-04-14,19,1,475
2025-04-14,19,2,386
2025-04-14,19,3,445
2025-04-14,19,4,166
2025-04-14,19,5,149
2025-04-14,20,1,528
2025-04-14,20,2,408
2025-04-14,20,3,429
2025-04-14,20,4,206
2025-04-14,20,5,157
2025-04-14,21,1,257
2025-04-14,21,2,209
2025-04-14,21,3,247
2025-04-14,21,4,94
2025-04-14,21,5,78
2025-04-14,22,1,481
2025-04-14,22,2,440
2025-04-14,22,3,414
2025-04-14,22,4,165
2025-04-14,22,5,147
2025-04-14,23,1,119
2025-04-14,23,2,104
2025-04-14,23,3,123
2025-04-14,23,4,36
2025-04-14,23,5,41
2025-04-14,24,1,107
2025-04-14,24,2,99
2025-04-14,24,3,116
2025-04-14,24,4,38
2025-04-14,24,5,45
2025-04-14,25,1,307
2025-04-14,25,2,282
2025-04-14,25,3,330
2025-04-14,25,4,148
2025-04-14,25,5,93
2025-04-15,1,1,788
2025-04-15,1,2,633
2025-04-15,1,3,707
2025-04-15,1,4,310
2025-04-15,1,5,251
2025-04-15,2,1,494
2025-04-15,2,2,368
2025-04-15,2,3,445
2025-04-15,2,4,200
2025-04-15,2,5,147
2025-04-15,3,1,236
2025-04-15,3,2,161
2025-04-15,3,3,221
2025-04-15,3,4,92
2025-04-15,3,5,82
2025-04-15,4,1,628
2025-04-15,4,2,514
2025-04-15,4,3,626
2025-04-15,4,4,269
2025-04-15,4,5,182
2025-04-15,5,1,559
2025-04-15,5,2,439
2025-04-15,5,3,524
2025-04-15,5,4,221
2025-04-15,5,5,195
2025-04-15,6,1,311
2025-04-15,6,2,264
2025-04-15,6,3,301
2025-04-15,6,4,135
2025-04-15,6,5,96
2025-04-15,7,1,379
2025-04-15,7,2,316
2025-04-15,7,3,334
2025-04-15,7,4,134
2025-04-15,7,5,113
2025-04-15,8,1,188
2025-04-15,8,2,129
2025-04-15,8,3,155
2025-04-15,8,4,76
2025-04-15,8,5,61
2025-04-15,9,1,477
2025-04-15,9,2,406
2025-04-15,9,3,478
2025-04-15,9,4,172
2025-04-15,9,5,130
2025-04-15,10,1,269
2025-04-15,10,2,199
2025-04-15,10,3,219
2025-04-15,10,4,74
2025-04-15,10,5,63
2025-04-15,11,1,317
2025-04-15,11,2,268
2025-04-15,11,3,287
2025-04-15,11,4,120
2025-04-15,11,5,109
2025-04-15,12,1,388
2025-04-15,12,2,280
2025-04-15,12,3,371
2025-04-15,12,4,140
2025-04-15,12,5,119
2025-04-15,13,1,410
2025-04-15,13,2,376
2025-04-15,13,3,456
2025-04-15,13,4,154
2025-04-15,13,5,158
2025-04-15,14,1,265
2025-04-15,14,2,263
2025-04-15,14,3,282
2025-04-15,14,4,104
2025-04-15,14,5,82
2025-04-15,15,1,514
2025-04-15,15,2,418
2025-04-15,15,3,481
2025-04-15,15,4,160
2025-04-15,15,5,139
2025-04-15,16,1,296
2025-04-15,16,2,247
2025-04-15,16,3,287
2025-04-15,16,4,100
2025-04-15,16,5,96
2025-04-15,17,1,376
2025-04-15,17,2,322
2025-04-15,17,3,356
2025-04-15,17,4,156
2025-04-15,17,5,131
2025-04-15,18,1,887
2025-04-15,18,2,715
2025-04-15,18,3,834
2025-04-15,18,4,342
2025-04-15,18,5,274
2025-04-15,19,1,439
2025-04-15,19,2,314
2025-04-15,19,3,388
2025-04-15,19,4,183
2025-04-15,19,5,128
2025-04-15,20,1,441
2025-04-15,20,2,370
2025-04-15,20,3,413
2025-04-15,20,4,167
2025-04-15,20,5,130
2025-04-15,21,1,240
2025-04-15,21,2,188
2025-04-15,21,3,211
2025-04-15,21,4,88
2025-04-15,21,5,84
2025-04-15,22,1,418
2025-04-15,22,2,355
2025-04-15,22,3,386
2025-04-15,22,4,143
2025-04-15,22,5,138
2025-04-15,23,1,144
2025-04-15,23,2,80
2025-04-15,23,3,126
2025-04-15,23,4,57
2025-04-15,23,5,30
2025-04-15,24,1,99
2025-04-15,24,2,90
2025-04-15,24,3,109
2025-04-15,24,4,37
2025-04-15,24,5,44
2025-04-15,25,1,328
2025-04-15,25,2,278
2025-04-15,25,3,338
2025-04-15,25,4,154
2025-04-15,25,5,96
2025-04-16,1,1,784
2025-04-16,1,2,556
2025-04-16,1,3,682
2025-04-16,1,4,238
2025-04-16,1,5,193
2025-04-16,2,1,438
2025-04-16,2,2,354
2025-04-16,2,3,402
2025-04-16,2,4,188
2025-04-16,2,5,127
2025-04-16,3,1,208
2025-04-16,3,2,174
2025-04-16,3,3,179
2025-04-16,3,4,90
2025-04-16,3,5,67
2025-04-16,4,1,630
2025-04-16,4,2,506
2025-04-16,4,3,603
2025-04-16,4,4,223
2025-04-16,4,5,191
2025-04-16,5,1,482
2025-04-16,5,2,406
2025-04-16,5,3,480
2025-04-16,5,4,167
2025-04-16,5,5,161
2025-04-16,6,1,297
2025-04-16,6,2,250
2025-04-16,6,3,334
2025-04-16,6,4,112
2025-04-16,6,5,86
2025-04-16,7,1,354
2025-04-16,7,2,294
2025-04-16,7,3,354
2025-04-16,7,4,123
2025-04-16,7,5,110
2025-04-16,8,1,170
2025-04-16,8,2,160
2025-04-16,8,3,174
2025-04-16,8,4,67
2025-04-16,8,5,47
2025-04-16,9,1,393
2025-04-16,9,2,384
2025-04-16,9,3,406
2025-04-16,9,4,177
2025-04-16,9,5,144
2025-04-16,10,1,234
2025-04-16,10,2,165
2025-04-16,10,3,193
2025-04-16,10,4,73
2025-04-16,10,5,71
2025-04-16,11,1,296
2025-04-16,11,2,250
2025-04-16,11,3,312
2025-04-16,11,4,137
2025-04-16,11,5,112
2025-04-16,12,1,320
2025-04-16,12,2,275
2025-04-16,12,3,333
2025-04-16,12,4,134
2025-04-16,12,5,109
2025-04-16,13,1,442
2025-04-16,13,2,335
2025-04-16,13,3,396
2025-04-16,13,4,159
2025-04-16,13,5,128
2025-04-16,14,1,259
2025-04-16,14,2,233
2025-04-16,14,3,275
2025-04-16,14,4,105
2025-04-16,14,5,75
2025-04-16,15,1,495
2025-04-16,15,2,374
2025-04-16,15,3,423
2025-04-16,15,4,184
2025-04-16,15,5,158
2025-04-16,16,1,272
2025-04-16,16,2,215
2025-04-16,16,3,270
2025-04-16,16,4,106
2025-04-16,16,5,99
2025-04-16,17,1,369
2025-04-16,17,2,320
2025-04-16,17,3,335
2025-04-16,17,4,149
2025-04-16,17,5,119
2025-04-16,18,1,805
2025-04-16,18,2,655
2025-04-16,18,3,785
2025-04-16,18,4,310
2025-04-16,18,5,234
2025-04-16,19,1,399
2025-04-16,19,2,322
2025-04-16,19,3,375
2025-04-16,19,4,146
2025-04-16,19,5,138
2025-04-16,20,1,420
2025-04-16,20,2,322
2025-04-16,20,3,374
2025-04-16,20,4,161
2025-04-16,20,5,132
2025-04-16,21,1,200
2025-04-16,21,2,186
2025-04-16,21,3,185
2025-04-16,21,4,88
2025-04-16,21,5,71
2025-04-16,22,1,384
2025-04-16,22,2,337
2025-04-16,22,3,335
2025-04-16,22,4,177
2025-04-16,22,5,123
2025-04-16,23,1,123
2025-04-16,23,2,85
2025-04-16,23,3,124
2025-04-16,23,4,43
2025-04-16,23,5,29
2025-04-16,24,1,110
2025-04-16,24,2,78
2025-04-16,24,3,79
2025-04-16,24,4,33
2025-04-16,24,5,36
2025-04-16,25,1,295
2025-04-16,25,2,239
2025-04-16,25,3,285
2025-04-16,25,4,115
2025-04-16,25,5,97
2025-04-17,1,1,748
2025-04-17,1,2,482
2025-04-17,1,3,668
2025-04-17,1,4,273
2025-04-17,1,5,226
2025-04-17,2,1,421
2025-04-17,2,2,292
2025-04-17,2,3,390
2025-04-17,2,4,161
2025-04-17,2,5,141
2025-04-17,3,1,214
2025-04-17,3,2,150
2025-04-17,3,3,196
2025-04-17,3,4,85
2025-04-17,3,5,66
2025-04-17,4,1,635
2025-04-17,4,2,434
2025-04-17,4,3,532
2025-04-17,4,4,209
2025-04-17,4,5,202
2025-04-17,5,1,488
2025-04-17,5,2,354
2025-04-17,5,3,487
2025-04-17,5,4,193
2025-04-17,5,5,156
2025-04-17,6,1,283
2025-04-17,6,2,240
2025-04-17,6,3,305
2025-04-17,6,4,125
2025-04-17,6,5,92
2025-04-17,7,1,318
2025-04-17,7,2,257
2025-04-17,7,3,322
2025-04-17,7,4,132
2025-04-17,7,5,112
2025-04-17,8,1,171
2025-04-17,8,2,132
2025-04-17,8,3,145
2025-04-17,8,4,61
2025-04-17,8,5,53
2025-04-17,9,1,425
2025-04-17,9,2,347
2025-04-17,9,3,401
2025-04-17,9,4,135
2025-04-17,9,5,124
2025-04-17,10,1,236
2025-04-17,10,2,150
2025-04-17,10,3,203
2025-04-17,10,4,78
2025-04-17,10,5,62
2025-04-17,11,1,285
2025-04-17,11,2,253
2025-04-17,11,3,243
2025-04-17,11,4,105
2025-04-17,11,5,94
2025-04-17,12,1,357
2025-04-17,12,2,244
2025-04-17,12,3,332
2025-04-17,12,4,134
2025-04-17,12,5,108
2025-04-17,13,1,409
2025-04-17,13,2,320
2025-04-17,13,3,386
2025-04-17,13,4,151
2025-04-17,13,5,133
2025-04-17,14,1,254
2025-04-17,14,2,176
2025-04-17,14,3,272
2025-04-17,14,4,107
2025-04-17,14,5,82
2025-04-17,15,1,477
2025-04-17,15,2,311
2025-04-17,15,3,417
2025-04-17,15,4,170
2025-04-17,15,5,170
2025-04-17,16,1,268
2025-04-17,16,2,205
2025-04-17,16,3,291
2025-04-17,16,4,131
2025-04-17,16,5,83
2025-04-17,17,1,358
2025-04-17,17,2,243
2025-04-17,17,3,364
2025-04-17,17,4,149
2025-04-17,17,5,110
2025-04-17,18,1,782
2025-04-17,18,2,576
2025-04-17,18,3,750
2025-04-17,18,4,298
2025-04-17,18,5,253
2025-04-17,19,1,395
2025-04-17,19,2,262
2025-04-17,19,3,355
2025-04-17,19,4,142
2025-04-17,19,5,150
2025-04-17,20,1,376
2025-04-17,20,2,310
2025-04-17,20,3,394
2025-04-17,20,4,130
2025-04-17,20,5,123
2025-04-17,21,1,224
2025-04-17,21,2,160
2025-04-17,21,3,184
2025-04-17,21,4,100
2025-04-17,21,5,77
2025-04-17,22,1,395
2025-04-17,22,2,262
2025-04-17,22,3,369
2025-04-17,22,4,156
2025-04-17,22,5,126
2025-04-17,23,1,127
2025-04-17,23,2,79
2025-04-17,23,3,94
2025-04-17,23,4,35
2025-04-17,23,5,35
2025-04-17,24,1,101
2025-04-17,24,2,62
2025-04-17,24,3,83
2025-04-17,24,4,39
2025-04-17,24,5,19
2025-04-17,25,1,299
2025-04-17,25,2,228
2025-04-17,25,3,280
2025-04-17,25,4,112
2025-04-17,25,5,101
2025-04-18,1,1,739
2025-04-18,1,2,574
2025-04-18,1,3,653
2025-04-18,1,4,241
2025-04-18,1,5,233
2025-04-18,2,1,454
2025-04-18,2,2,336
2025-04-18,2,3,403
2025-04-18,2,4,187
2025-04-18,2,5,139
2025-04-18,3,1,250
2025-04-18,3,2,145
2025-04-18,3,3,183
2025-04-18,3,4,90
2025-04-18,3,5,54
2025-04-18,4,1,621
2025-04-18,4,2,435
2025-04-18,4,3,543
2025-04-18,4,4,233
2025-04-18,4,5,205
2025-04-18,5,1,526
2025-04-18,5,2,387
2025-04-18,5,3,491
2025-04-18,5,4,207
2025-04-18,5,5,176
2025-04-18,6,1,319
2025-04-18,6,2,231
2025-04-18,6,3,298
2025-04-18,6,4,132
2025-04-18,6,5,85
2025-04-18,7,1,381
2025-04-18,7,2,263
2025-04-18,7,3,346
2025-04-18,7,4,152
2025-04-18,7,5,112
2025-04-18,8,1,184
2025-04-18,8,2,113
2025-04-18,8,3,170
2025-04-18,8,4,66
2025-04-18,8,5,41
2025-04-18,9,1,446
2025-04-18,9,2,332
2025-04-18,9,3,393
2025-04-18,9,4,153
2025-04-18,9,5,121
2025-04-18,10,1,228
2025-04-18,10,2,169
2025-04-18,10,3,211
2025-04-18,10,4,87
2025-04-18,10,5,64
2025-04-18,11,1,283
2025-04-18,11,2,260
2025-04-18,11,3,278
2025-04-18,11,4,104
2025-04-18,11,5,113
2025-04-18,12,1,396
2025-04-18,12,2,229
2025-04-18,12,3,315
2025-04-18,12,4,137
2025-04-18,12,5,120
2025-04-18,13,1,434
2025-04-18,13,2,333
2025-04-18,13,3,411
2025-04-18,13,4,143
2025-04-18,13,5,120
2025-04-18,14,1,296
2025-04-18,14,2,194
2025-04-18,14,3,256
2025-04-18,14,4,88
2025-04-18,14,5,89
2025-04-18,15,1,469
2025-04-18,15,2,335
2025-04-18,15,3,447
2025-04-18,15,4,191
2025-04-18,15,5,166
2025-04-18,16,1,290
2025-04-18,16,2,210
2025-04-18,16,3,280
2025-04-18,16,4,104
2025-04-18,16,5,97
2025-04-18,17,1,378
2025-04-18,17,2,255
2025-04-18,17,3,326
2025-04-18,17,4,124
2025-04-18,17,5,107
2025-04-18,18,1,863
2025-04-18,18,2,566
2025-04-18,18,3,777
2025-04-18,18,4,304
2025-04-18,18,5,240
2025-04-18,19,1,391
2025-04-18,19,2,275
2025-04-18,19,3,340
2025-04-18,19,4,153
2025-04-18,19,5,121
2025-04-18,20,1,395
2025-04-18,20,2,300
2025-04-18,20,3,424
2025-04-18,20,4,145
2025-04-18,20,5,135
2025-04-18,21,1,223
2025-04-18,21,2,152
2025-04-18,21,3,195
2025-04-18,21,4,87
2025-04-18,21,5,55
2025-04-18,22,1,413
2025-04-18,22,2,291
2025-04-18,22,3,384
2025-04-18,22,4,151
2025-04-18,22,5,136
2025-04-18,23,1,129
2025-04-18,23,2,76
2025-04-18,23,3,87
2025-04-18,23,4,43
2025-04-18,23,5,34
2025-04-18,24,1,87
2025-04-18,24,2,77
2025-04-18,24,3,81
2025-04-18,24,4,31
2025-04-18,24,5,24
2025-04-18,25,1,295
2025-04-18,25,2,252
2025-04-18,25,3,279
2025-04-18,25,4,139
2025-04-18,25,5,92
2025-04-19,1,1,551
2025-04-19,1,2,442
2025-04-19,1,3,520
2025-04-19,1,4,223
2025-04-19,1,5,151
2025-04-19,2,1,348
2025-04-19,2,2,234
2025-04-19,2,3,347
2025-04-19,2,4,139
2025-04-19,2,5,104
2025-04-19,3,1,199
2025-04-19,3,2,146
2025-04-19,3,3,181
2025-04-19,3,4,66
2025-04-19,3,5,60
2025-04-19,4,1,455
2025-04-19,4,2,381
2025-04-19,4,3,489
2025-04-19,4,4,164
2025-04-19,4,5,164
2025-04-19,5,1,394
2025-04-19,5,2,273
2025-04-19,5,3,374
2025-04-19,5,4,157
2025-04-19,5,5,139
2025-04-19,6,1,264
2025-04-19,6,2,183
2025-04-19,6,3,229
2025-04-19,6,4,102
2025-04-19,6,5,90
2025-04-19,7,1,289
2025-04-19,7,2,206
2025-04-19,7,3,283
2025-04-19,7,4,116
2025-04-19,7,5,88
2025-04-19,8,1,140
2025-04-19,8,2,102
2025-04-19,8,3,124
2025-04-19,8,4,53
2025-04-19,8,5,52
2025-04-19,9,1,350
2025-04-19,9,2,248
2025-04-19,9,3,320
2025-04-19,9,4,135
2025-04-19,9,5,122
2025-04-19,10,1,184
2025-04-19,10,2,131
2025-04-19,10,3,168
2025-04-19,10,4,68
2025-04-19,10,5,58
2025-04-19,11,1,212
2025-04-19,11,2,188
2025-04-19,11,3,248
2025-04-19,11,4,80
2025-04-19,11,5,67
2025-04-19,12,1,280
2025-04-19,12,2,207
2025-04-19,12,3,244
2025-04-19,12,4,93
2025-04-19,12,5,108
2025-04-19,13,1,364
2025-04-19,13,2,231
2025-04-19,13,3,333
2025-04-19,13,4,127
2025-04-19,13,5,126
2025-04-19,14,1,202
2025-04-19,14,2,152
2025-04-19,14,3,196
2025-04-19,14,4,99
2025-04-19,14,5,70
2025-04-19,15,1,378
2025-04-19,15,2,298
2025-04-19,15,3,368
2025-04-19,15,4,130
2025-04-19,15,5,128
2025-04-19,16,1,224
2025-04-19,16,2,172
2025-04-19,16,3,223
2025-04-19,16,4,103
2025-04-19,16,5,77
2025-04-19,17,1,275
2025-04-19,17,2,233
2025-04-19,17,3,288
2025-04-19,17,4,125
2025-04-19,17,5,98
2025-04-19,18,1,670
2025-04-19,18,2,506
2025-04-19,18,3,622
2025-04-19,18,4,251
2025-04-19,18,5,208
2025-04-19,19,1,331
2025-04-19,19,2,234
2025-04-19,19,3,301
2025-04-19,19,4,134
2025-04-19,19,5,86
2025-04-19,20,1,312
2025-04-19,20,2,234
2025-04-19,20,3,328
2025-04-19,20,4,145
2025-04-19,20,5,110
2025-04-19,21,1,191
2025-04-19,21,2,139
2025-04-19,21,3,183
2025-04-19,21,4,69
2025-04-19,21,5,43
2025-04-19,22,1,316
2025-04-19,22,2,216
2025-04-19,22,3,288
2025-04-19,22,4,102
2025-04-19,22,5,83
2025-04-19,23,1,105
2025-04-19,23,2,62
2025-04-19,23,3,61
2025-04-19,23,4,36
2025-04-19,23,5,29
2025-04-19,24,1,95
2025-04-19,24,2,67
2025-04-19,24,3,67
2025-04-19,24,4,28
2025-04-19,24,5,19
2025-04-19,25,1,273
2025-04-19,25,2,194
2025-04-19,25,3,237
2025-04-19,25,4,91
2025-04-19,25,5,83
2025-04-20,1,1,533
2025-04-20,1,2,383
2025-04-20,1,3,518
2025-04-20,1,4,211
2025-04-20,1,5,169
2025-04-20,2,1,322
2025-04-20,2,2,257
2025-04-20,2,3,307
2025-04-20,2,4,118
2025-04-20,2,5,106
2025-04-20,3,1,140
2025-04-20,3,2,120
2025-04-20,3,3,157
2025-04-20,3,4,59
2025-04-20,3,5,40
2025-04-20,4,1,461
2025-04-20,4,2,335
2025-04-20,4,3,472
2025-04-20,4,4,184
2025-04-20,4,5,127
2025-04-20,5,1,399
2025-04-20,5,2,275
2025-04-20,5,3,357
2025-04-20,5,4,141
2025-04-20,5,5,134
2025-04-20,6,1,257
2025-04-20,6,2,193
2025-04-20,6,3,216
2025-04-20,6,4,95
2025-04-20,6,5,81
2025-04-20,7,1,279
2025-04-20,7,2,199
2025-04-20,7,3,248
2025-04-20,7,4,109
2025-04-20,7,5,87
2025-04-20,8,1,138
2025-04-20,8,2,111
2025-04-20,8,3,120
2025-04-20,8,4,45
2025-04-20,8,5,36
2025-04-20,9,1,324
2025-04-20,9,2,255
2025-04-20,9,3,326
2025-04-20,9,4,135
2025-04-20,9,5,112
2025-04-20,10,1,151
2025-04-20,10,2,112
2025-04-20,10,3,162
2025-04-20,10,4,74
2025-04-20,10,5,53
2025-04-20,11,1,242
2025-04-20,11,2,142
2025-04-20,11,3,201
2025-04-20,11,4,95
2025-04-20,11,5,64
2025-04-20,12,1,285
2025-04-20,12,2,189
2025-04-20,12,3,276
2025-04-20,12,4,93
2025-04-20,12,5,100
2025-04-20,13,1,317
2025-04-20,13,2,213
2025-04-20,13,3,328
2025-04-20,13,4,100
2025-04-20,13,5,113
2025-04-20,14,1,203
2025-04-20,14,2,134
2025-04-20,14,3,213
2025-04-20,14,4,65
2025-04-20,14,5,82
2025-04-20,15,1,341
2025-04-20,15,2,241
2025-04-20,15,3,334
2025-04-20,15,4,129
2025-04-20,15,5,102
2025-04-20,16,1,226
2025-04-20,16,2,159
2025-04-20,16,3,215
2025-04-20,16,4,78
2025-04-20,16,5,64
2025-04-20,17,1,292
2025-04-20,17,2,196
2025-04-20,17,3,262
2025-04-20,17,4,112
2025-04-20,17,5,115
2025-04-20,18,1,615
2025-04-20,18,2,452
2025-04-20,18,3,592
2025-04-20,18,4,256
2025-04-20,18,5,195
2025-04-20,19,1,313
2025-04-20,19,2,227
2025-04-20,19,3,289
2025-04-20,19,4,117
2025-04-20,19,5,86
2025-04-20,20,1,299
2025-04-20,20,2,199
2025-04-20,20,3,263
2025-04-20,20,4,89
2025-04-20,20,5,93
2025-04-20,21,1,174
2025-04-20,21,2,139
2025-04-20,21,3,129
2025-04-20,21,4,66
2025-04-20,21,5,50
2025-04-20,22,1,292
2025-04-20,22,2,223
2025-04-20,22,3,270
2025-04-20,22,4,119
2025-04-20,22,5,109
2025-04-20,23,1,85
2025-04-20,23,2,69
2025-04-20,23,3,71
2025-04-20,23,4,28
2025-04-20,23,5,25
2025-04-20,24,1,70
2025-04-20,24,2,55
2025-04-20,24,3,77
2025-04-20,24,4,26
2025-04-20,24,5,25
2025-04-20,25,1,204
2025-04-20,25,2,178
2025-04-20,25,3,223
2025-04-20,25,4,96
2025-04-20,25,5,88
2025-04-21,1,1,901
2025-04-21,1,2,707
2025-04-21,1,3,853
2025-04-21,1,4,357
2025-04-21,1,5,263
2025-04-21,2,1,504
2025-04-21,2,2,450
2025-04-21,2,3,485
2025-04-21,2,4,212
2025-04-21,2,5,171
2025-04-21,3,1,269
2025-04-21,3,2,195
2025-04-21,3,3,230
2025-04-21,3,4,99
2025-04-21,3,5,88
2025-04-21,4,1,749
2025-04-21,4,2,595
2025-04-21,4,3,691
2025-04-21,4,4,262
2025-04-21,4,5,235
2025-04-21,5,1,619
2025-04-21,5,2,529
2025-04-21,5,3,565
2025-04-21,5,4,244
2025-04-21,5,5,171
2025-04-21,6,1,400
2025-04-21,6,2,316
2025-04-21,6,3,334
2025-04-21,6,4,146
2025-04-21,6,5,126
2025-04-21,7,1,408
2025-04-21,7,2,333
2025-04-21,7,3,445
2025-04-21,7,4,158
2025-04-21,7,5,116
2025-04-21,8,1,218
2025-04-21,8,2,170
2025-04-21,8,3,181
2025-04-21,8,4,74
2025-04-21,8,5,64
2025-04-21,9,1,575
2025-04-21,9,2,434
2025-04-21,9,3,476
2025-04-21,9,4,224
2025-04-21,9,5,153
2025-04-21,10,1,242
2025-04-21,10,2,237
2025-04-21,10,3,267
2025-04-21,10,4,97
2025-04-21,10,5,64
2025-04-21,11,1,344
2025-04-21,11,2,305
2025-04-21,11,3,356
2025-04-21,11,4,123
2025-04-21,11,5,94
2025-04-21,12,1,420
2025-04-21,12,2,333
2025-04-21,12,3,435
2025-04-21,12,4,157
2025-04-21,12,5,150
2025-04-21,13,1,520
2025-04-21,13,2,396
2025-04-21,13,3,462
2025-04-21,13,4,184
2025-04-21,13,5,166
2025-04-21,14,1,341
2025-04-21,14,2,250
2025-04-21,14,3,321
2025-04-21,14,4,131
2025-04-21,14,5,103
2025-04-21,15,1,593
2025-04-21,15,2,441
2025-04-21,15,3,507
2025-04-21,15,4,209
2025-04-21,15,5,178
2025-04-21,16,1,326
2025-04-21,16,2,294
2025-04-21,16,3,330
2025-04-21,16,4,147
2025-04-21,16,5,119
2025-04-21,17,1,457
2025-04-21,17,2,350
2025-04-21,17,3,411
2025-04-21,17,4,180
2025-04-21,17,5,172
2025-04-21,18,1,1012
2025-04-21,18,2,838
2025-04-21,18,3,911
2025-04-21,18,4,349
2025-04-21,18,5,314
2025-04-21,19,1,510
2025-04-21,19,2,405
2025-04-21,19,3,425
2025-04-21,19,4,170
2025-04-21,19,5,165
2025-04-21,20,1,542
2025-04-21,20,2,425
2025-04-21,20,3,493
2025-04-21,20,4,208
2025-04-21,20,5,172
2025-04-21,21,1,249
2025-04-21,21,2,209
2025-04-21,21,3,256
2025-04-21,21,4,89
2025-04-21,21,5,76
2025-04-21,22,1,507
2025-04-21,22,2,418
2025-04-21,22,3,461
2025-04-21,22,4,200
2025-04-21,22,5,129
2025-04-21,23,1,139
2025-04-21,23,2,103
2025-04-21,23,3,127
2025-04-21,23,4,62
2025-04-21,23,5,29
2025-04-21,24,1,109
2025-04-21,24,2,100
2025-04-21,24,3,115
2025-04-21,24,4,33
2025-04-21,24,5,35
2025-04-21,25,1,384
2025-04-21,25,2,319
2025-04-21,25,3,318
2025-04-21,25,4,152
2025-04-21,25,5,100
2025-04-22,1,1,811
2025-04-22,1,2,672
2025-04-22,1,3,724
2025-04-22,1,4,307
2025-04-22,1,5,240
2025-04-22,2,1,496
2025-04-22,2,2,371
2025-04-22,2,3,399
2025-04-22,2,4,139
2025-04-22,2,5,140
2025-04-22,3,1,249
2025-04-22,3,2,169
2025-04-22,3,3,201
2025-04-22,3,4,91
2025-04-22,3,5,76
2025-04-22,4,1,697
2025-04-22,4,2,548
2025-04-22,4,3,619
2025-04-22,4,4,250
2025-04-22,4,5,219
2025-04-22,5,1,539
2025-04-22,5,2,470
2025-04-22,5,3,511
2025-04-22,5,4,217
2025-04-22,5,5,155
2025-04-22,6,1,318
2025-04-22,6,2,293
2025-04-22,6,3,321
2025-04-22,6,4,108
2025-04-22,6,5,91
2025-04-22,7,1,386
2025-04-22,7,2,287
2025-04-22,7,3,398
2025-04-22,7,4,151
2025-04-22,7,5,126
2025-04-22,8,1,181
2025-04-22,8,2,148
2025-04-22,8,3,206
2025-04-22,8,4,61
2025-04-22,8,5,55
2025-04-22,9,1,440
2025-04-22,9,2,378
2025-04-22,9,3,447
2025-04-22,9,4,193
2025-04-22,9,5,139
2025-04-22,10,1,250
2025-04-22,10,2,207
2025-04-22,10,3,194
2025-04-22,10,4,91
2025-04-22,10,5,72
2025-04-22,11,1,321
2025-04-22,11,2,265
2025-04-22,11,3,318
2025-04-22,11,4,122
2025-04-22,11,5,99
2025-04-22,12,1,359
2025-04-22,12,2,311
2025-04-22,12,3,358
2025-04-22,12,4,124
2025-04-22,12,5,120
2025-04-22,13,1,442
2025-04-22,13,2,372
2025-04-22,13,3,434
2025-04-22,13,4,185
2025-04-22,13,5,153
2025-04-22,14,1,308
2025-04-22,14,2,261
2025-04-22,14,3,278
2025-04-22,14,4,104
2025-04-22,14,5,108
2025-04-22,15,1,489
2025-04-22,15,2,411
2025-04-22,15,3,491
2025-04-22,15,4,176
2025-04-22,15,5,183
2025-04-22,16,1,284
2025-04-22,16,2,238
2025-04-22,16,3,296
2025-04-22,16,4,120
2025-04-22,16,5,83
2025-04-22,17,1,401
2025-04-22,17,2,333
2025-04-22,17,3,342
2025-04-22,17,4,180
2025-04-22,17,5,123
2025-04-22,18,1,892
2025-04-22,18,2,709
2025-04-22,18,3,842
2025-04-22,18,4,381
2025-04-22,18,5,256
2025-04-22,19,1,413
2025-04-22,19,2,350
2025-04-22,19,3,388
2025-04-22,19,4,164
2025-04-22,19,5,139
2025-04-22,20,1,435
2025-04-22,20,2,390
2025-04-22,20,3,427
2025-04-22,20,4,169
2025-04-22,20,5,151
2025-04-22,21,1,230
2025-04-22,21,2,200
2025-04-22,21,3,227
2025-04-22,21,4,95
2025-04-22,21,5,90
2025-04-22,22,1,393
2025-04-22,22,2,348
2025-04-22,22,3,391
2025-04-22,22,4,174
2025-04-22,22,5,158
2025-04-22,23,1,105
2025-04-22,23,2,110
2025-04-22,23,3,106
2025-04-22,23,4,52
2025-04-22,23,5,34
2025-04-22,24,1,109
2025-04-22,24,2,89
2025-04-22,24,3,87
2025-04-22,24,4,40
2025-04-22,24,5,33
2025-04-22,25,1,314
2025-04-22,25,2,256
2025-04-22,25,3,323
2025-04-22,25,4,114
2025-04-22,25,5,86
2025-04-23,1,1,702
2025-04-23,1,2,621
2025-04-23,1,3,663
2025-04-23,1,4,278
2025-04-23,1,5,228
2025-04-23,2,1,407
2025-04-23,2,2,374
2025-04-23,2,3,405
2025-04-23,2,4,177
2025-04-23,2,5,132
2025-04-23,3,1,196
2025-04-23,3,2,174
2025-04-23,3,3,205
2025-04-23,3,4,80
2025-04-23,3,5,70
2025-04-23,4,1,594
2025-04-23,4,2,514
2025-04-23,4,3,599
2025-04-23,4,4,203
2025-04-23,4,5,195
2025-04-23,5,1,470
2025-04-23,5,2,381
2025-04-23,5,3,483
2025-04-23,5,4,176
2025-04-23,5,5,148
2025-04-23,6,1,306
2025-04-23,6,2,254
2025-04-23,6,3,288
2025-04-23,6,4,116
2025-04-23,6,5,108
2025-04-23,7,1,323
2025-04-23,7,2,290
2025-04-23,7,3,339
2025-04-23,7,4,128
2025-04-23,7,5,111
2025-04-23,8,1,176
2025-04-23,8,2,131
2025-04-23,8,3,158
2025-04-23,8,4,68
2025-04-23,8,5,68
2025-04-23,9,1,443
2025-04-23,9,2,357
2025-04-23,9,3,435
2025-04-23,9,4,168
2025-04-23,9,5,127
2025-04-23,10,1,252
2025-04-23,10,2,199
2025-04-23,10,3,195
2025-04-23,10,4,72
2025-04-23,10,5,59
2025-04-23,11,1,300
2025-04-23,11,2,228
2025-04-23,11,3,297
2025-04-23,11,4,116
2025-04-23,11,5,75
2025-04-23,12,1,357
2025-04-23,12,2,299
2025-04-23,12,3,319
2025-04-23,12,4,150
2025-04-23,12,5,109
2025-04-23,13,1,428
2025-04-23,13,2,352
2025-04-23,13,3,379
2025-04-23,13,4,167
2025-04-23,13,5,129
2025-04-23,14,1,271
2025-04-23,14,2,222
2025-04-23,14,3,241
2025-04-23,14,4,86
2025-04-23,14,5,90
2025-04-23,15,1,485
2025-04-23,15,2,382
2025-04-23,15,3,436
2025-04-23,15,4,172
2025-04-23,15,5,143
2025-04-23,16,1,279
2025-04-23,16,2,215
2025-04-23,16,3,257
2025-04-23,16,4,107
2025-04-23,16,5,100
2025-04-23,17,1,341
2025-04-23,17,2,281
2025-04-23,17,3,339
2025-04-23,17,4,150
2025-04-23,17,5,122
2025-04-23,18,1,870
2025-04-23,18,2,674
2025-04-23,18,3,729
2025-04-23,18,4,312
2025-04-23,18,5,235
2025-04-23,19,1,421
2025-04-23,19,2,286
2025-04-23,19,3,345
2025-04-23,19,4,150
2025-04-23,19,5,132
2025-04-23,20,1,410
2025-04-23,20,2,300
2025-04-23,20,3,397
2025-04-23,20,4,155
2025-04-23,20,5,132
2025-04-23,21,1,217
2025-04-23,21,2,179
2025-04-23,21,3,216
2025-04-23,21,4,72
2025-04-23,21,5,87
2025-04-23,22,1,406
2025-04-23,22,2,337
2025-04-23,22,3,398
2025-04-23,22,4,142
2025-04-23,22,5,116
2025-04-23,23,1,117
2025-04-23,23,2,70
2025-04-23,23,3,105
2025-04-23,23,4,29
2025-04-23,23,5,30
2025-04-23,24,1,79
2025-04-23,24,2,70
2025-04-23,24,3,73
2025-04-23,24,4,46
2025-04-23,24,5,30
2025-04-23,25,1,285
2025-04-23,25,2,252
2025-04-23,25,3,249
2025-04-23,25,4,100
2025-04-23,25,5,116
2025-04-24,1,1,748
2025-04-24,1,2,539
2025-04-24,1,3,645
2025-04-24,1,4,277
2025-04-24,1,5,215
2025-04-24,2,1,408
2025-04-24,2,2,327
2025-04-24,2,3,416
2025-04-24,2,4,172
2025-04-24,2,5,134
2025-04-24,3,1,189
2025-04-24,3,2,163
2025-04-24,3,3,195
2025-04-24,3,4,83
2025-04-24,3,5,55
2025-04-24,4,1,591
2025-04-24,4,2,442
2025-04-24,4,3,581
2025-04-24,4,4,233
2025-04-24,4,5,203
2025-04-24,5,1,495
2025-04-24,5,2,364
2025-04-24,5,3,438
2025-04-24,5,4,216
2025-04-24,5,5,163
2025-04-24,6,1,320
2025-04-24,6,2,207
2025-04-24,6,3,284
2025-04-24,6,4,103
2025-04-24,6,5,103
2025-04-24,7,1,367
2025-04-24,7,2,259
2025-04-24,7,3,292
2025-04-24,7,4,125
2025-04-24,7,5,111
2025-04-24,8,1,168
2025-04-24,8,2,138
2025-04-24,8,3,164
2025-04-24,8,4,73
2025-04-24,8,5,53
2025-04-24,9,1,429
2025-04-24,9,2,314
2025-04-24,9,3,388
2025-04-24,9,4,177
2025-04-24,9,5,146
2025-04-24,10,1,209
2025-04-24,10,2,165
2025-04-24,10,3,179
2025-04-24,10,4,102
2025-04-24,10,5,66
2025-04-24,11,1,260
2025-04-24,11,2,246
2025-04-24,11,3,297
2025-04-24,11,4,98
2025-04-24,11,5,102
2025-04-24,12,1,329
2025-04-24,12,2,239
2025-04-24,12,3,337
2025-04-24,12,4,147
2025-04-24,12,5,117
2025-04-24,13,1,410
2025-04-24,13,2,304
2025-04-24,13,3,375
2025-04-24,13,4,160
2025-04-24,13,5,119
2025-04-24,14,1,276
2025-04-24,14,2,200
2025-04-24,14,3,235
2025-04-24,14,4,101
2025-04-24,14,5,89
2025-04-24,15,1,474
2025-04-24,15,2,354
2025-04-24,15,3,417
2025-04-24,15,4,203
2025-04-24,15,5,152
2025-04-24,16,1,252
2025-04-24,16,2,202
2025-04-24,16,3,281
2025-04-24,16,4,96
2025-04-24,16,5,84
2025-04-24,17,1,352
2025-04-24,17,2,263
2025-04-24,17,3,313
2025-04-24,17,4,129
2025-04-24,17,5,104
2025-04-24,18,1,832
2025-04-24,18,2,592
2025-04-24,18,3,743
2025-04-24,18,4,291
2025-04-24,18,5,248
2025-04-24,19,1,414
2025-04-24,19,2,258
2025-04-24,19,3,376
2025-04-24,19,4,163
2025-04-24,19,5,116
2025-04-24,20,1,407
2025-04-24,20,2,296
2025-04-24,20,3,398
2025-04-24,20,4,156
2025-04-24,20,5,123
2025-04-24,21,1,235
2025-04-24,21,2,160
2025-04-24,21,3,204
2025-04-24,21,4,87
2025-04-24,21,5,74
2025-04-24,22,1,381
2025-04-24,22,2,256
2025-04-24,22,3,370
2025-04-24,22,4,143
2025-04-24,22,5,136
2025-04-24,23,1,91
2025-04-24,23,2,77
2025-04-24,23,3,92
2025-04-24,23,4,33
2025-04-24,23,5,48
2025-04-24,24,1,96
2025-04-24,24,2,68
2025-04-24,24,3,80
2025-04-24,24,4,27
2025-04-24,24,5,29
2025-04-24,25,1,328
2025-04-24,25,2,233
2025-04-24,25,3,262
2025-04-24,25,4,115
2025-04-24,25,5,94
2025-04-25,1,1,713
2025-04-25,1,2,511
2025-04-25,1,3,725
2025-04-25,1,4,275
2025-04-25,1,5,238
2025-04-25,2,1,429
2025-04-25,2,2,343
2025-04-25,2,3,426
2025-04-25,2,4,197
2025-04-25,2,5,135
2025-04-25,3,1,217
2025-04-25,3,2,147
2025-04-25,3,3,204
2025-04-25,3,4,78
2025-04-25,3,5,75
2025-04-25,4,1,636
2025-04-25,4,2,425
2025-04-25,4,3,596
2025-04-25,4,4,246
2025-04-25,4,5,211
2025-04-25,5,1,501
2025-04-25,5,2,329
2025-04-25,5,3,470
2025-04-25,5,4,190
2025-04-25,5,5,150
2025-04-25,6,1,333
2025-04-25,6,2,211
2025-04-25,6,3,280
2025-04-25,6,4,121
2025-04-25,6,5,89
2025-04-25,7,1,340
2025-04-25,7,2,265
2025-04-25,7,3,321
2025-04-25,7,4,143
2025-04-25,7,5,117
2025-04-25,8,1,202
2025-04-25,8,2,130
2025-04-25,8,3,171
2025-04-25,8,4,60
2025-04-25,8,5,64
2025-04-25,9,1,420
2025-04-25,9,2,325
2025-04-25,9,3,432
2025-04-25,9,4,167
2025-04-25,9,5,149
2025-04-25,10,1,213
2025-04-25,10,2,161
2025-04-25,10,3,188
2025-04-25,10,4,75
2025-04-25,10,5,83
2025-04-25,11,1,303
2025-04-25,11,2,237
2025-04-25,11,3,264
2025-04-25,11,4,111
2025-04-25,11,5,93
2025-04-25,12,1,373
2025-04-25,12,2,284
2025-04-25,12,3,340
2025-04-25,12,4,136
2025-04-25,12,5,108
2025-04-25,13,1,399
2025-04-25,13,2,299
2025-04-25,13,3,398
2025-04-25,13,4,168
2025-04-25,13,5,125
2025-04-25,14,1,285
2025-04-25,14,2,208
2025-04-25,14,3,294
2025-04-25,14,4,110
2025-04-25,14,5,88
2025-04-25,15,1,461
2025-04-25,15,2,339
2025-04-25,15,3,452
2025-04-25,15,4,174
2025-04-25,15,5,183
2025-04-25,16,1,287
2025-04-25,16,2,205
2025-04-25,16,3,292
2025-04-25,16,4,113
2025-04-25,16,5,100
2025-04-25,17,1,368
2025-04-25,17,2,241
2025-04-25,17,3,349
2025-04-25,17,4,150
2025-04-25,17,5,128
2025-04-25,18,1,799
2025-04-25,18,2,603
2025-04-25,18,3,760
2025-04-25,18,4,326
2025-04-25,18,5,252
2025-04-25,19,1,378
2025-04-25,19,2,291
2025-04-25,19,3,368
2025-04-25,19,4,155
2025-04-25,19,5,123
2025-04-25,20,1,414
2025-04-25,20,2,316
2025-04-25,20,3,382
2025-04-25,20,4,160
2025-04-25,20,5,132
2025-04-25,21,1,206
2025-04-25,21,2,170
2025-04-25,21,3,212
2025-04-25,21,4,92
2025-04-25,21,5,73
2025-04-25,22,1,416
2025-04-25,22,2,292
2025-04-25,22,3,375
2025-04-25,22,4,120
2025-04-25,22,5,125
2025-04-25,23,1,104
2025-04-25,23,2,90
2025-04-25,23,3,102
2025-04-25,23,4,34
2025-04-25,23,5,35
2025-04-25,24,1,96
2025-04-25,24,2,73
2025-04-25,24,3,75
2025-04-25,24,4,45
2025-04-25,24,5,29
2025-04-25,25,1,299
2025-04-25,25,2,199
2025-04-25,25,3,286
2025-04-25,25,4,104
2025-04-25,25,5,85
2025-04-26,1,1,586
2025-04-26,1,2,427
2025-04-26,1,3,561
2025-04-26,1,4,197
2025-04-26,1,5,177
2025-04-26,2,1,340
2025-04-26,2,2,266
2025-04-26,2,3,339
2025-04-26,2,4,139
2025-04-26,2,5,122
2025-04-26,3,1,162
2025-04-26,3,2,104
2025-04-26,3,3,153
2025-04-26,3,4,62
2025-04-26,3,5,50
2025-04-26,4,1,491
2025-04-26,4,2,363
2025-04-26,4,3,478
2025-04-26,4,4,177
2025-04-26,4,5,154
2025-04-26,5,1,425
2025-04-26,5,2,299
2025-04-26,5,3,366
2025-04-26,5,4,142
2025-04-26,5,5,134
2025-04-26,6,1,252
2025-04-26,6,2,197
2025-04-26,6,3,247
2025-04-26,6,4,76
2025-04-26,6,5,85
2025-04-26,7,1,312
2025-04-26,7,2,217
2025-04-26,7,3,288
2025-04-26,7,4,99
2025-04-26,7,5,83
2025-04-26,8,1,147
2025-04-26,8,2,114
2025-04-26,8,3,157
2025-04-26,8,4,44
2025-04-26,8,5,57
2025-04-26,9,1,341
2025-04-26,9,2,279
2025-04-26,9,3,318
2025-04-26,9,4,129
2025-04-26,9,5,134
2025-04-26,10,1,163
2025-04-26,10,2,103
2025-04-26,10,3,166
2025-04-26,10,4,92
2025-04-26,10,5,56
2025-04-26,11,1,239
2025-04-26,11,2,184
2025-04-26,11,3,206
2025-04-26,11,4,91
2025-04-26,11,5,79
2025-04-26,12,1,270
2025-04-26,12,2,201
2025-04-26,12,3,266
2025-04-26,12,4,103
2025-04-26,12,5,76
2025-04-26,13,1,319
2025-04-26,13,2,247
2025-04-26,13,3,284
2025-04-26,13,4,147
2025-04-26,13,5,99
2025-04-26,14,1,227
2025-04-26,14,2,144
2025-04-26,14,3,199
2025-04-26,14,4,67
2025-04-26,14,5,72
2025-04-26,15,1,392
2025-04-26,15,2,286
2025-04-26,15,3,366
2025-04-26,15,4,147
2025-04-26,15,5,96
2025-04-26,16,1,215
2025-04-26,16,2,169
2025-04-26,16,3,211
2025-04-26,16,4,83
2025-04-26,16,5,66
2025-04-26,17,1,274
2025-04-26,17,2,202
2025-04-26,17,3,263
2025-04-26,17,4,121
2025-04-26,17,5,94
2025-04-26,18,1,673
2025-04-26,18,2,479
2025-04-26,18,3,603
2025-04-26,18,4,261
2025-04-26,18,5,196
2025-04-26,19,1,339
2025-04-26,19,2,245
2025-04-26,19,3,305
2025-04-26,19,4,105
2025-04-26,19,5,89
2025-04-26,20,1,354
2025-04-26,20,2,257
2025-04-26,20,3,293
2025-04-26,20,4,118
2025-04-26,20,5,92
2025-04-26,21,1,183
2025-04-26,21,2,133
2025-04-26,21,3,168
2025-04-26,21,4,69
2025-04-26,21,5,44
2025-04-26,22,1,316
2025-04-26,22,2,228
2025-04-26,22,3,290
2025-04-26,22,4,114
2025-04-26,22,5,109
2025-04-26,23,1,85
2025-04-26,23,2,54
2025-04-26,23,3,101
2025-04-26,23,4,19
2025-04-26,23,5,31
2025-04-26,24,1,64
2025-04-26,24,2,47
2025-04-26,24,3,66
2025-04-26,24,4,39
2025-04-26,24,5,18
2025-04-26,25,1,230
2025-04-26,25,2,171
2025-04-26,25,3,240
2025-04-26,25,4,83
2025-04-26,25,5,95
2025-04-27,1,1,560
2025-04-27,1,2,373
2025-04-27,1,3,522
2025-04-27,1,4,202
2025-04-27,1,5,178
2025-04-27,2,1,339
2025-04-27,2,2,237
2025-04-27,2,3,337
2025-04-27,2,4,140
2025-04-27,2,5,103
2025-04-27,3,1,148
2025-04-27,3,2,120
2025-04-27,3,3,157
2025-04-27,3,4,66
2025-04-27,3,5,46
2025-04-27,4,1,472
2025-04-27,4,2,335
2025-04-27,4,3,416
2025-04-27,4,4,170
2025-04-27,4,5,139
2025-04-27,5,1,386
2025-04-27,5,2,253
2025-04-27,5,3,359
2025-04-27,5,4,136
2025-04-27,5,5,119
2025-04-27,6,1,240
2025-04-27,6,2,166
2025-04-27,6,3,207
2025-04-27,6,4,98
2025-04-27,6,5,86
2025-04-27,7,1,298
2025-04-27,7,2,202
2025-04-27,7,3,290
2025-04-27,7,4,90
2025-04-27,7,5,89
2025-04-27,8,1,134
2025-04-27,8,2,93
2025-04-27,8,3,127
2025-04-27,8,4,45
2025-04-27,8,5,48
2025-04-27,9,1,328
2025-04-27,9,2,269
2025-04-27,9,3,306
2025-04-27,9,4,127
2025-04-27,9,5,94
2025-04-27,10,1,174
2025-04-27,10,2,121
2025-04-27,10,3,136
2025-04-27,10,4,63
2025-04-27,10,5,47
2025-04-27,11,1,228
2025-04-27,11,2,140
2025-04-27,11,3,200
2025-04-27,11,4,81
2025-04-27,11,5,71
2025-04-27,12,1,256
2025-04-27,12,2,213
2025-04-27,12,3,270
2025-04-27,12,4,114
2025-04-27,12,5,87
2025-04-27,13,1,332
2025-04-27,13,2,228
2025-04-27,13,3,311
2025-04-27,13,4,129
2025-04-27,13,5,89
2025-04-27,14,1,176
2025-04-27,14,2,160
2025-04-27,14,3,200
2025-04-27,14,4,95
2025-04-27,14,5,53
2025-04-27,15,1,357
2025-04-27,15,2,257
2025-04-27,15,3,353
2025-04-27,15,4,123
2025-04-27,15,5,116
2025-04-27,16,1,221
2025-04-27,16,2,154
2025-04-27,16,3,190
2025-04-27,16,4,70
2025-04-27,16,5,83
2025-04-27,17,1,282
2025-04-27,17,2,197
2025-04-27,17,3,242
2025-04-27,17,4,106
2025-04-27,17,5,87
2025-04-27,18,1,630
2025-04-27,18,2,406
2025-04-27,18,3,593
2025-04-27,18,4,224
2025-04-27,18,5,193
2025-04-27,19,1,296
2025-04-27,19,2,197
2025-04-27,19,3,253
2025-04-27,19,4,124
2025-04-27,19,5,87
2025-04-27,20,1,321
2025-04-27,20,2,241
2025-04-27,20,3,301
2025-04-27,20,4,128
2025-04-27,20,5,90
2025-04-27,21,1,174
2025-04-27,21,2,117
2025-04-27,21,3,158
2025-04-27,21,4,59
2025-04-27,21,5,51
2025-04-27,22,1,305
2025-04-27,22,2,233
2025-04-27,22,3,295
2025-04-27,22,4,105
2025-04-27,22,5,92
2025-04-27,23,1,82
2025-04-27,23,2,50
2025-04-27,23,3,86
2025-04-27,23,4,34
2025-04-27,23,5,26
2025-04-27,24,1,75
2025-04-27,24,2,58
2025-04-27,24,3,71
2025-04-27,24,4,28
2025-04-27,24,5,32
2025-04-27,25,1,239
2025-04-27,25,2,167
2025-04-27,25,3,219
2025-04-27,25,4,81
2025-04-27,25,5,75
2025-04-28,1,1,852
2025-04-28,1,2,685
2025-04-28,1,3,816
2025-04-28,1,4,312
2025-04-28,1,5,252
2025-04-28,2,1,474
2025-04-28,2,2,410
2025-04-28,2,3,485
2025-04-28,2,4,207
2025-04-28,2,5,163
2025-04-28,3,1,217
2025-04-28,3,2,205
2025-04-28,3,3,219
2025-04-28,3,4,115
2025-04-28,3,5,81
2025-04-28,4,1,702
2025-04-28,4,2,560
2025-04-28,4,3,606
2025-04-28,4,4,262
2025-04-28,4,5,216
2025-04-28,5,1,571
2025-04-28,5,2,502
2025-04-28,5,3,593
2025-04-28,5,4,205
2025-04-28,5,5,193
2025-04-28,6,1,344
2025-04-28,6,2,273
2025-04-28,6,3,320
2025-04-28,6,4,138
2025-04-28,6,5,101
2025-04-28,7,1,419
2025-04-28,7,2,320
2025-04-28,7,3,405
2025-04-28,7,4,166
2025-04-28,7,5,133
2025-04-28,8,1,200
2025-04-28,8,2,164
2025-04-28,8,3,184
2025-04-28,8,4,83
2025-04-28,8,5,59
2025-04-28,9,1,526
2025-04-28,9,2,382
2025-04-28,9,3,456
2025-04-28,9,4,194
2025-04-28,9,5,153
2025-04-28,10,1,279
2025-04-28,10,2,194
2025-04-28,10,3,245
2025-04-28,10,4,115
2025-04-28,10,5,78
2025-04-28,11,1,387
2025-04-28,11,2,262
2025-04-28,11,3,317
2025-04-28,11,4,144
2025-04-28,11,5,111
2025-04-28,12,1,401
2025-04-28,12,2,365
2025-04-28,12,3,386
2025-04-28,12,4,167
2025-04-28,12,5,145
2025-04-28,13,1,518
2025-04-28,13,2,375
2025-04-28,13,3,492
2025-04-28,13,4,179
2025-04-28,13,5,156
2025-04-28,14,1,298
2025-04-28,14,2,267
2025-04-28,14,3,304
2025-04-28,14,4,125
2025-04-28,14,5,80
2025-04-28,15,1,529
2025-04-28,15,2,430
2025-04-28,15,3,517
2025-04-28,15,4,204
2025-04-28,15,5,155
2025-04-28,16,1,336
2025-04-28,16,2,245
2025-04-28,16,3,311
2025-04-28,16,4,123
2025-04-28,16,5,105
2025-04-28,17,1,453
2025-04-28,17,2,355
2025-04-28,17,3,400
2025-04-28,17,4,146
2025-04-28,17,5,135
2025-04-28,18,1,965
2025-04-28,18,2,800
2025-04-28,18,3,824
2025-04-28,18,4,361
2025-04-28,18,5,321
2025-04-28,19,1,460
2025-04-28,19,2,362
2025-04-28,19,3,432
2025-04-28,19,4,161
2025-04-28,19,5,147
2025-04-28,20,1,487
2025-04-28,20,2,380
2025-04-28,20,3,452
2025-04-28,20,4,199
2025-04-28,20,5,144
2025-04-28,21,1,227
2025-04-28,21,2,223
2025-04-28,21,3,267
2025-04-28,21,4,110
2025-04-28,21,5,73
2025-04-28,22,1,428
2025-04-28,22,2,360
2025-04-28,22,3,415
2025-04-28,22,4,181
2025-04-28,22,5,148
2025-04-28,23,1,118
2025-04-28,23,2,101
2025-04-28,23,3,102
2025-04-28,23,4,54
2025-04-28,23,5,50
2025-04-28,24,1,111
2025-04-28,24,2,81
2025-04-28,24,3,109
2025-04-28,24,4,49
2025-04-28,24,5,32
2025-04-28,25,1,365
2025-04-28,25,2,258
2025-04-28,25,3,330
2025-04-28,25,4,138
2025-04-28,25,5,113
2025-04-29,1,1,753
2025-04-29,1,2,666
2025-04-29,1,3,719
2025-04-29,1,4,268
2025-04-29,1,5,246
2025-04-29,2,1,473
2025-04-29,2,2,362
2025-04-29,2,3,421
2025-04-29,2,4,201
2025-04-29,2,5,143
2025-04-29,3,1,251
2025-04-29,3,2,207
2025-04-29,3,3,206
2025-04-29,3,4,70
2025-04-29,3,5,67
2025-04-29,4,1,646
2025-04-29,4,2,528
2025-04-29,4,3,648
2025-04-29,4,4,235
2025-04-29,4,5,190
2025-04-29,5,1,562
2025-04-29,5,2,423
2025-04-29,5,3,514
2025-04-29,5,4,201
2025-04-29,5,5,176
2025-04-29,6,1,338
2025-04-29,6,2,261
2025-04-29,6,3,289
2025-04-29,6,4,140
2025-04-29,6,5,86
2025-04-29,7,1,419
2025-04-29,7,2,304
2025-04-29,7,3,343
2025-04-29,7,4,139
2025-04-29,7,5,119
2025-04-29,8,1,193
2025-04-29,8,2,155
2025-04-29,8,3,179
2025-04-29,8,4,70
2025-04-29,8,5,67
2025-04-29,9,1,467
2025-04-29,9,2,383
2025-04-29,9,3,428
2025-04-29,9,4,172
2025-04-29,9,5,160
2025-04-29,10,1,231
2025-04-29,10,2,194
2025-04-29,10,3,193
2025-04-29,10,4,101
2025-04-29,10,5,70
2025-04-29,11,1,335
2025-04-29,11,2,274
2025-04-29,11,3,291
2025-04-29,11,4,121
2025-04-29,11,5,110
2025-04-29,12,1,372
2025-04-29,12,2,353
2025-04-29,12,3,343
2025-04-29,12,4,126
2025-04-29,12,5,121
2025-04-29,13,1,434
2025-04-29,13,2,366
2025-04-29,13,3,442
2025-04-29,13,4,179
2025-04-29,13,5,155
2025-04-29,14,1,283
2025-04-29,14,2,239
2025-04-29,14,3,283
2025-04-29,14,4,125
2025-04-29,14,5,103
2025-04-29,15,1,488
2025-04-29,15,2,407
2025-04-29,15,3,477
2025-04-29,15,4,194
2025-04-29,15,5,146
2025-04-29,16,1,303
2025-04-29,16,2,223
2025-04-29,16,3,287
2025-04-29,16,4,112
2025-04-29,16,5,101
2025-04-29,17,1,382
2025-04-29,17,2,314
2025-04-29,17,3,401
2025-04-29,17,4,147
2025-04-29,17,5,132
2025-04-29,18,1,880
2025-04-29,18,2,735
2025-04-29,18,3,807
2025-04-29,18,4,369
2025-04-29,18,5,265
2025-04-29,19,1,404
2025-04-29,19,2,385
2025-04-29,19,3,422
2025-04-29,19,4,176
2025-04-29,19,5,138
2025-04-29,20,1,448
2025-04-29,20,2,359
2025-04-29,20,3,386
2025-04-29,20,4,190
2025-04-29,20,5,137
2025-04-29,21,1,274
2025-04-29,21,2,224
2025-04-29,21,3,215
2025-04-29,21,4,89
2025-04-29,21,5,75
2025-04-29,22,1,463
2025-04-29,22,2,343
2025-04-29,22,3,422
2025-04-29,22,4,170
2025-04-29,22,5,147
2025-04-29,23,1,93
2025-04-29,23,2,94
2025-04-29,23,3,132
2025-04-29,23,4,50
2025-04-29,23,5,33
2025-04-29,24,1,118
2025-04-29,24,2,82
2025-04-29,24,3,112
2025-04-29,24,4,40
2025-04-29,24,5,42
2025-04-29,25,1,350
2025-04-29,25,2,260
2025-04-29,25,3,315
2025-04-29,25,4,124
2025-04-29,25,5,98
2025-04-30,1,1,750
2025-04-30,1,2,576
2025-04-30,1,3,687
2025-04-30,1,4,279
2025-04-30,1,5,239
2025-04-30,2,1,410
2025-04-30,2,2,355
2025-04-30,2,3,410
2025-04-30,2,4,162
2025-04-30,2,5,152
2025-04-30,3,1,214
2025-04-30,3,2,180
2025-04-30,3,3,215
2025-04-30,3,4,87
2025-04-30,3,5,58
2025-04-30,4,1,609
2025-04-30,4,2,532
2025-04-30,4,3,572
2025-04-30,4,4,200
2025-04-30,4,5,195
2025-04-30,5,1,513
2025-04-30,5,2,401
2025-04-30,5,3,514
2025-04-30,5,4,187
2025-04-30,5,5,168
2025-04-30,6,1,294
2025-04-30,6,2,260
2025-04-30,6,3,291
2025-04-30,6,4,97
2025-04-30,6,5,91
2025-04-30,7,1,353
2025-04-30,7,2,277
2025-04-30,7,3,337
2025-04-30,7,4,156
2025-04-30,7,5,125
2025-04-30,8,1,178
2025-04-30,8,2,153
2025-04-30,8,3,151
2025-04-30,8,4,55
2025-04-30,8,5,52
2025-04-30,9,1,431
2025-04-30,9,2,359
2025-04-30,9,3,409
2025-04-30,9,4,168
2025-04-30,9,5,150
2025-04-30,10,1,247
2025-04-30,10,2,182
2025-04-30,10,3,225
2025-04-30,10,4,83
2025-04-30,10,5,71
2025-04-30,11,1,316
2025-04-30,11,2,235
2025-04-30,11,3,271
2025-04-30,11,4,103
2025-04-30,11,5,82
2025-04-30,12,1,371
2025-04-30,12,2,308
2025-04-30,12,3,345
2025-04-30,12,4,135
2025-04-30,12,5,113
2025-04-30,13,1,381
2025-04-30,13,2,341
2025-04-30,13,3,373
2025-04-30,13,4,160
2025-04-30,13,5,121
2025-04-30,14,1,276
2025-04-30,14,2,205
2025-04-30,14,3,272
2025-04-30,14,4,84
2025-04-30,14,5,80
2025-04-30,15,1,475
2025-04-30,15,2,344
2025-04-30,15,3,471
2025-04-30,15,4,173
2025-04-30,15,5,137
2025-04-30,16,1,292
2025-04-30,16,2,239
2025-04-30,16,3,275
2025-04-30,16,4,106
2025-04-30,16,5,77
2025-04-30,17,1,387
2025-04-30,17,2,285
2025-04-30,17,3,345
2025-04-30,17,4,131
2025-04-30,17,5,133
2025-04-30,18,1,768
2025-04-30,18,2,653
2025-04-30,18,3,726
2025-04-30,18,4,267
2025-04-30,18,5,267
2025-04-30,19,1,387
2025-04-30,19,2,357
2025-04-30,19,3,371
2025-04-30,19,4,162
2025-04-30,19,5,136
2025-04-30,20,1,420
2025-04-30,20,2,342
2025-04-30,20,3,382
2025-04-30,20,4,171
2025-04-30,20,5,127
2025-04-30,21,1,221
2025-04-30,21,2,179
2025-04-30,21,3,206
2025-04-30,21,4,85
2025-04-30,21,5,59
2025-04-30,22,1,380
2025-04-30,22,2,321
2025-04-30,22,3,376
2025-04-30,22,4,159
2025-04-30,22,5,121
2025-04-30,23,1,103
2025-04-30,23,2,89
2025-04-30,23,3,105
2025-04-30,23,4,39
2025-04-30,23,5,37
2025-04-30,24,1,112
2025-04-30,24,2,73
2025-04-30,24,3,85
2025-04-30,24,4,33
2025-04-30,24,5,26
2025-04-30,25,1,328
2025-04-30,25,2,235
2025-04-30,25,3,258
2025-04-30,25,4,103
2025-04-30,25,5,94
2025-05-01,1,1,743
2025-05-01,1,2,611
2025-05-01,1,3,733
2025-05-01,1,4,326
2025-05-01,1,5,230
2025-05-01,2,1,396
2025-05-01,2,2,355
2025-05-01,2,3,486
2025-05-01,2,4,174
2025-05-01,2,5,167
2025-05-01,3,1,202
2025-05-01,3,2,173
2025-05-01,3,3,225
2025-05-01,3,4,97
2025-05-01,3,5,78
2025-05-01,4,1,553
2025-05-01,4,2,549
2025-05-01,4,3,668
2025-05-01,4,4,275
2025-05-01,4,5,187
2025-05-01,5,1,481
2025-05-01,5,2,409
2025-05-01,5,3,548
2025-05-01,5,4,217
2025-05-01,5,5,199
2025-05-01,6,1,295
2025-05-01,6,2,290
2025-05-01,6,3,346
2025-05-01,6,4,118
2025-05-01,6,5,104
2025-05-01,7,1,317
2025-05-01,7,2,313
2025-05-01,7,3,397
2025-05-01,7,4,152
2025-05-01,7,5,125
2025-05-01,8,1,154
2025-05-01,8,2,151
2025-05-01,8,3,203
2025-05-01,8,4,80
2025-05-01,8,5,59
2025-05-01,9,1,419
2025-05-01,9,2,352
2025-05-01,9,3,450
2025-05-01,9,4,175
2025-05-01,9,5,155
2025-05-01,10,1,206
2025-05-01,10,2,196
2025-05-01,10,3,240
2025-05-01,10,4,116
2025-05-01,10,5,81
2025-05-01,11,1,251
2025-05-01,11,2,248
2025-05-01,11,3,301
2025-05-01,11,4,132
2025-05-01,11,5,133
2025-05-01,12,1,343
2025-05-01,12,2,253
2025-05-01,12,3,347
2025-05-01,12,4,147
2025-05-01,12,5,126
2025-05-01,13,1,420
2025-05-01,13,2,367
2025-05-01,13,3,432
2025-05-01,13,4,175
2025-05-01,13,5,156
2025-05-01,14,1,281
2025-05-01,14,2,236
2025-05-01,14,3,274
2025-05-01,14,4,132
2025-05-01,14,5,104
2025-05-01,15,1,433
2025-05-01,15,2,369
2025-05-01,15,3,474
2025-05-01,15,4,209
2025-05-01,15,5,173
2025-05-01,16,1,271
2025-05-01,16,2,235
2025-05-01,16,3,290
2025-05-01,16,4,130
2025-05-01,16,5,106
2025-05-01,17,1,346
2025-05-01,17,2,299
2025-05-01,17,3,407
2025-05-01,17,4,157
2025-05-01,17,5,135
2025-05-01,18,1,732
2025-05-01,18,2,654
2025-05-01,18,3,894
2025-05-01,18,4,361
2025-05-01,18,5,282
2025-05-01,19,1,351
2025-05-01,19,2,315
2025-05-01,19,3,438
2025-05-01,19,4,167
2025-05-01,19,5,146
2025-05-01,20,1,413
2025-05-01,20,2,360
2025-05-01,20,3,433
2025-05-01,20,4,178
2025-05-01,20,5,141
2025-05-01,21,1,205
2025-05-01,21,2,191
2025-05-01,21,3,238
2025-05-01,21,4,101
2025-05-01,21,5,84
2025-05-01,22,1,391
2025-05-01,22,2,330
2025-05-01,22,3,388
2025-05-01,22,4,145
2025-05-01,22,5,158
2025-05-01,23,1,116
2025-05-01,23,2,85
2025-05-01,23,3,119
2025-05-01,23,4,45
2025-05-01,23,5,49
2025-05-01,24,1,88
2025-05-01,24,2,83
2025-05-01,24,3,96
2025-05-01,24,4,56
2025-05-01,24,5,39
2025-05-01,25,1,309
2025-05-01,25,2,255
2025-05-01,25,3,298
2025-05-01,25,4,130
2025-05-01,25,5,120
2025-05-02,1,1,658
2025-05-02,1,2,579
2025-05-02,1,3,809
2025-05-02,1,4,324
2025-05-02,1,5,281
2025-05-02,2,1,396
2025-05-02,2,2,387
2025-05-02,2,3,466
2025-05-02,2,4,188
2025-05-02,2,5,176
2025-05-02,3,1,212
2025-05-02,3,2,168
2025-05-02,3,3,223
2025-05-02,3,4,99
2025-05-02,3,5,71
2025-05-02,4,1,573
2025-05-02,4,2,513
2025-05-02,4,3,637
2025-05-02,4,4,273
2025-05-02,4,5,238
2025-05-02,5,1,465
2025-05-02,5,2,414
2025-05-02,5,3,582
2025-05-02,5,4,228
2025-05-02,5,5,164
2025-05-02,6,1,286
2025-05-02,6,2,277
2025-05-02,6,3,317
2025-05-02,6,4,119
2025-05-02,6,5,126
2025-05-02,7,1,365
2025-05-02,7,2,292
2025-05-02,7,3,379
2025-05-02,7,4,143
2025-05-02,7,5,113
2025-05-02,8,1,159
2025-05-02,8,2,135
2025-05-02,8,3,160
2025-05-02,8,4,70
2025-05-02,8,5,62
2025-05-02,9,1,417
2025-05-02,9,2,375
2025-05-02,9,3,463
2025-05-02,9,4,193
2025-05-02,9,5,130
2025-05-02,10,1,196
2025-05-02,10,2,167
2025-05-02,10,3,242
2025-05-02,10,4,118
2025-05-02,10,5,95
2025-05-02,11,1,273
2025-05-02,11,2,240
2025-05-02,11,3,328
2025-05-02,11,4,149
2025-05-02,11,5,108
2025-05-02,12,1,346
2025-05-02,12,2,270
2025-05-02,12,3,386
2025-05-02,12,4,157
2025-05-02,12,5,106
2025-05-02,13,1,398
2025-05-02,13,2,353
2025-05-02,13,3,456
2025-05-02,13,4,196
2025-05-02,13,5,129
2025-05-02,14,1,252
2025-05-02,14,2,225
2025-05-02,14,3,272
2025-05-02,14,4,108
2025-05-02,14,5,92
2025-05-02,15,1,429
2025-05-02,15,2,368
2025-05-02,15,3,499
2025-05-02,15,4,211
2025-05-02,15,5,165
2025-05-02,16,1,280
2025-05-02,16,2,254
2025-05-02,16,3,275
2025-05-02,16,4,122
2025-05-02,16,5,114
2025-05-02,17,1,373
2025-05-02,17,2,299
2025-05-02,17,3,415
2025-05-02,17,4,181
2025-05-02,17,5,119
2025-05-02,18,1,734
2025-05-02,18,2,719
2025-05-02,18,3,902
2025-05-02,18,4,379
2025-05-02,18,5,313
2025-05-02,19,1,365
2025-05-02,19,2,321
2025-05-02,19,3,447
2025-05-02,19,4,173
2025-05-02,19,5,133
2025-05-02,20,1,403
2025-05-02,20,2,352
2025-05-02,20,3,458
2025-05-02,20,4,163
2025-05-02,20,5,137
2025-05-02,21,1,236
2025-05-02,21,2,182
2025-05-02,21,3,233
2025-05-02,21,4,95
2025-05-02,21,5,71
2025-05-02,22,1,394
2025-05-02,22,2,343
2025-05-02,22,3,443
2025-05-02,22,4,178
2025-05-02,22,5,149
2025-05-02,23,1,99
2025-05-02,23,2,104
2025-05-02,23,3,110
2025-05-02,23,4,59
2025-05-02,23,5,41
2025-05-02,24,1,82
2025-05-02,24,2,66
2025-05-02,24,3,109
2025-05-02,24,4,48
2025-05-02,24,5,26
2025-05-02,25,1,293
2025-05-02,25,2,265
2025-05-02,25,3,332
2025-05-02,25,4,120
2025-05-02,25,5,92
2025-05-03,1,1,547
2025-05-03,1,2,513
2025-05-03,1,3,578
2025-05-03,1,4,237
2025-05-03,1,5,205
2025-05-03,2,1,325
2025-05-03,2,2,283
2025-05-03,2,3,379
2025-05-03,2,4,158
2025-05-03,2,5,121
2025-05-03,3,1,180
2025-05-03,3,2,140
2025-05-03,3,3,188
2025-05-03,3,4,73
2025-05-03,3,5,56
2025-05-03,4,1,464
2025-05-03,4,2,436
2025-05-03,4,3,523
2025-05-03,4,4,217
2025-05-03,4,5,182
2025-05-03,5,1,361
2025-05-03,5,2,319
2025-05-03,5,3,406
2025-05-03,5,4,168
2025-05-03,5,5,154
2025-05-03,6,1,226
2025-05-03,6,2,221
2025-05-03,6,3,255
2025-05-03,6,4,98
2025-05-03,6,5,81
2025-05-03,7,1,269
2025-05-03,7,2,230
2025-05-03,7,3,307
2025-05-03,7,4,114
2025-05-03,7,5,98
2025-05-03,8,1,138
2025-05-03,8,2,101
2025-05-03,8,3,161
2025-05-03,8,4,70
2025-05-03,8,5,42
2025-05-03,9,1,317
2025-05-03,9,2,309
2025-05-03,9,3,321
2025-05-03,9,4,157
2025-05-03,9,5,145
2025-05-03,10,1,166
2025-05-03,10,2,137
2025-05-03,10,3,217
2025-05-03,10,4,71
2025-05-03,10,5,53
2025-05-03,11,1,235
2025-05-03,11,2,226
2025-05-03,11,3,256
2025-05-03,11,4,115
2025-05-03,11,5,86
2025-05-03,12,1,258
2025-05-03,12,2,232
2025-05-03,12,3,298
2025-05-03,12,4,133
2025-05-03,12,5,96
2025-05-03,13,1,324
2025-05-03,13,2,272
2025-05-03,13,3,383
2025-05-03,13,4,127
2025-05-03,13,5,139
2025-05-03,14,1,208
2025-05-03,14,2,187
2025-05-03,14,3,241
2025-05-03,14,4,96
2025-05-03,14,5,79
2025-05-03,15,1,345
2025-05-03,15,2,270
2025-05-03,15,3,385
2025-05-03,15,4,165
2025-05-03,15,5,111
2025-05-03,16,1,199
2025-05-03,16,2,184
2025-05-03,16,3,233
2025-05-03,16,4,93
2025-05-03,16,5,85
2025-05-03,17,1,268
2025-05-03,17,2,254
2025-05-03,17,3,331
2025-05-03,17,4,131
2025-05-03,17,5,109
2025-05-03,18,1,601
2025-05-03,18,2,550
2025-05-03,18,3,658
2025-05-03,18,4,318
2025-05-03,18,5,242
2025-05-03,19,1,287
2025-05-03,19,2,282
2025-05-03,19,3,306
2025-05-03,19,4,147
2025-05-03,19,5,129
2025-05-03,20,1,306
2025-05-03,20,2,274
2025-05-03,20,3,329
2025-05-03,20,4,130
2025-05-03,20,5,122
2025-05-03,21,1,199
2025-05-03,21,2,134
2025-05-03,21,3,189
2025-05-03,21,4,77
2025-05-03,21,5,67
2025-05-03,22,1,314
2025-05-03,22,2,276
2025-05-03,22,3,338
2025-05-03,22,4,137
2025-05-03,22,5,110
2025-05-03,23,1,80
2025-05-03,23,2,74
2025-05-03,23,3,91
2025-05-03,23,4,26
2025-05-03,23,5,36
2025-05-03,24,1,73
2025-05-03,24,2,57
2025-05-03,24,3,84
2025-05-03,24,4,35
2025-05-03,24,5,21
2025-05-03,25,1,242
2025-05-03,25,2,170
2025-05-03,25,3,257
2025-05-03,25,4,101
2025-05-03,25,5,71
2025-05-04,1,1,560
2025-05-04,1,2,473
2025-05-04,1,3,596
2025-05-04,1,4,242
2025-05-04,1,5,198
2025-05-04,2,1,341
2025-05-04,2,2,256
2025-05-04,2,3,344
2025-05-04,2,4,156
2025-05-04,2,5,112
2025-05-04,3,1,164
2025-05-04,3,2,131
2025-05-04,3,3,161
2025-05-04,3,4,79
2025-05-04,3,5,53
2025-05-04,4,1,411
2025-05-04,4,2,387
2025-05-04,4,3,504
2025-05-04,4,4,205
2025-05-04,4,5,179
2025-05-04,5,1,390
2025-05-04,5,2,323
2025-05-04,5,3,409
2025-05-04,5,4,150
2025-05-04,5,5,135
2025-05-04,6,1,229
2025-05-04,6,2,168
2025-05-04,6,3,257
2025-05-04,6,4,100
2025-05-04,6,5,89
2025-05-04,7,1,263
2025-05-04,7,2,188
2025-05-04,7,3,301
2025-05-04,7,4,133
2025-05-04,7,5,102
2025-05-04,8,1,123
2025-05-04,8,2,130
2025-05-04,8,3,132
2025-05-04,8,4,45
2025-05-04,8,5,39
2025-05-04,9,1,306
2025-05-04,9,2,279
2025-05-04,9,3,354
2025-05-04,9,4,145
2025-05-04,9,5,133
2025-05-04,10,1,163
2025-05-04,10,2,137
2025-05-04,10,3,172
2025-05-04,10,4,83
2025-05-04,10,5,59
2025-05-04,11,1,221
2025-05-04,11,2,194
2025-05-04,11,3,248
2025-05-04,11,4,97
2025-05-04,11,5,81
2025-05-04,12,1,281
2025-05-04,12,2,229
2025-05-04,12,3,268
2025-05-04,12,4,105
2025-05-04,12,5,88
2025-05-04,13,1,300
2025-05-04,13,2,271
2025-05-04,13,3,325
2025-05-04,13,4,146
2025-05-04,13,5,117
2025-05-04,14,1,190
2025-05-04,14,2,163
2025-05-04,14,3,242
2025-05-04,14,4,98
2025-05-04,14,5,74
2025-05-04,15,1,356
2025-05-04,15,2,287
2025-05-04,15,3,391
2025-05-04,15,4,139
2025-05-04,15,5,141
2025-05-04,16,1,201
2025-05-04,16,2,178
2025-05-04,16,3,255
2025-05-04,16,4,104
2025-05-04,16,5,67
2025-05-04,17,1,238
2025-05-04,17,2,222
2025-05-04,17,3,289
2025-05-04,17,4,108
2025-05-04,17,5,90
2025-05-04,18,1,576
2025-05-04,18,2,495
2025-05-04,18,3,683
2025-05-04,18,4,260
2025-05-04,18,5,212
2025-05-04,19,1,312
2025-05-04,19,2,237
2025-05-04,19,3,354
2025-05-04,19,4,100
2025-05-04,19,5,90
2025-05-04,20,1,297
2025-05-04,20,2,242
2025-05-04,20,3,330
2025-05-04,20,4,112
2025-05-04,20,5,113
2025-05-04,21,1,142
2025-05-04,21,2,138
2025-05-04,21,3,189
2025-05-04,21,4,84
2025-05-04,21,5,75
2025-05-04,22,1,312
2025-05-04,22,2,248
2025-05-04,22,3,302
2025-05-04,22,4,130
2025-05-04,22,5,100
2025-05-04,23,1,75
2025-05-04,23,2,74
2025-05-04,23,3,85
2025-05-04,23,4,29
2025-05-04,23,5,34
2025-05-04,24,1,78
2025-05-04,24,2,62
2025-05-04,24,3,69
2025-05-04,24,4,41
2025-05-04,24,5,23
2025-05-04,25,1,239
2025-05-04,25,2,210
2025-05-04,25,3,210
2025-05-04,25,4,91
2025-05-04,25,5,76
2025-05-05,1,1,573
2025-05-05,1,2,562
2025-05-05,1,3,650
2025-05-05,1,4,242
2025-05-05,1,5,210
2025-05-05,2,1,390
2025-05-05,2,2,346
2025-05-05,2,3,398
2025-05-05,2,4,163
2025-05-05,2,5,113
2025-05-05,3,1,180
2025-05-05,3,2,160
2025-05-05,3,3,176
2025-05-05,3,4,63
2025-05-05,3,5,73
2025-05-05,4,1,454
2025-05-05,4,2,457
2025-05-05,4,3,530
2025-05-05,4,4,261
2025-05-05,4,5,184
2025-05-05,5,1,387
2025-05-05,5,2,381
2025-05-05,5,3,427
2025-05-05,5,4,192
2025-05-05,5,5,162
2025-05-05,6,1,228
2025-05-05,6,2,211
2025-05-05,6,3,285
2025-05-05,6,4,82
2025-05-05,6,5,85
2025-05-05,7,1,289
2025-05-05,7,2,262
2025-05-05,7,3,339
2025-05-05,7,4,133
2025-05-05,7,5,108
2025-05-05,8,1,135
2025-05-05,8,2,131
2025-05-05,8,3,132
2025-05-05,8,4,68
2025-05-05,8,5,40
2025-05-05,9,1,307
2025-05-05,9,2,348
2025-05-05,9,3,386
2025-05-05,9,4,144
2025-05-05,9,5,121
2025-05-05,10,1,150
2025-05-05,10,2,156
2025-05-05,10,3,174
2025-05-05,10,4,71
2025-05-05,10,5,71
2025-05-05,11,1,248
2025-05-05,11,2,253
2025-05-05,11,3,274
2025-05-05,11,4,106
2025-05-05,11,5,86
2025-05-05,12,1,258
2025-05-05,12,2,299
2025-05-05,12,3,306
2025-05-05,12,4,120
2025-05-05,12,5,96
2025-05-05,13,1,350
2025-05-05,13,2,306
2025-05-05,13,3,389
2025-05-05,13,4,174
2025-05-05,13,5,117
2025-05-05,14,1,240
2025-05-05,14,2,205
2025-05-05,14,3,231
2025-05-05,14,4,98
2025-05-05,14,5,79
2025-05-05,15,1,372
2025-05-05,15,2,353
2025-05-05,15,3,432
2025-05-05,15,4,180
2025-05-05,15,5,145
2025-05-05,16,1,226
2025-05-05,16,2,249
2025-05-05,16,3,235
2025-05-05,16,4,108
2025-05-05,16,5,84
2025-05-05,17,1,287
2025-05-05,17,2,268
2025-05-05,17,3,335
2025-05-05,17,4,114
2025-05-05,17,5,107
2025-05-05,18,1,609
2025-05-05,18,2,577
2025-05-05,18,3,768
2025-05-05,18,4,299
2025-05-05,18,5,247
2025-05-05,19,1,310
2025-05-05,19,2,303
2025-05-05,19,3,339
2025-05-05,19,4,148
2025-05-05,19,5,121
2025-05-05,20,1,350
2025-05-05,20,2,310
2025-05-05,20,3,363
2025-05-05,20,4,154
2025-05-05,20,5,129
2025-05-05,21,1,169
2025-05-05,21,2,177
2025-05-05,21,3,192
2025-05-05,21,4,67
2025-05-05,21,5,54
2025-05-05,22,1,289
2025-05-05,22,2,280
2025-05-05,22,3,337
2025-05-05,22,4,132
2025-05-05,22,5,121
2025-05-05,23,1,85
2025-05-05,23,2,82
2025-05-05,23,3,82
2025-05-05,23,4,38
2025-05-05,23,5,24
2025-05-05,24,1,69
2025-05-05,24,2,64
2025-05-05,24,3,75
2025-05-05,24,4,38
2025-05-05,24,5,24
2025-05-05,25,1,248
2025-05-05,25,2,203
2025-05-05,25,3,267
2025-05-05,25,4,100
2025-05-05,25,5,90
2025-05-06,1,1,741
2025-05-06,1,2,705
2025-05-06,1,3,868
2025-05-06,1,4,341
2025-05-06,1,5,316
2025-05-06,2,1,466
2025-05-06,2,2,417
2025-05-06,2,3,536
2025-05-06,2,4,203
2025-05-06,2,5,159
2025-05-06,3,1,210
2025-05-06,3,2,220
2025-05-06,3,3,240
2025-05-06,3,4,89
2025-05-06,3,5,80
2025-05-06,4,1,621
2025-05-06,4,2,596
2025-05-06,4,3,717
2025-05-06,4,4,301
2025-05-06,4,5,251
2025-05-06,5,1,517
2025-05-06,5,2,508
2025-05-06,5,3,571
2025-05-06,5,4,246
2025-05-06,5,5,184
2025-05-06,6,1,303
2025-05-06,6,2,316
2025-05-06,6,3,358
2025-05-06,6,4,169
2025-05-06,6,5,115
2025-05-06,7,1,332
2025-05-06,7,2,373
2025-05-06,7,3,457
2025-05-06,7,4,167
2025-05-06,7,5,130
2025-05-06,8,1,188
2025-05-06,8,2,186
2025-05-06,8,3,197
2025-05-06,8,4,85
2025-05-06,8,5,51
2025-05-06,9,1,466
2025-05-06,9,2,452
2025-05-06,9,3,519
2025-05-06,9,4,193
2025-05-06,9,5,148
2025-05-06,10,1,225
2025-05-06,10,2,216
2025-05-06,10,3,241
2025-05-06,10,4,117
2025-05-06,10,5,71
2025-05-06,11,1,293
2025-05-06,11,2,300
2025-05-06,11,3,335
2025-05-06,11,4,154
2025-05-06,11,5,96
2025-05-06,12,1,349
2025-05-06,12,2,358
2025-05-06,12,3,429
2025-05-06,12,4,171
2025-05-06,12,5,142
2025-05-06,13,1,420
2025-05-06,13,2,439
2025-05-06,13,3,469
2025-05-06,13,4,197
2025-05-06,13,5,131
2025-05-06,14,1,274
2025-05-06,14,2,251
2025-05-06,14,3,335
2025-05-06,14,4,131
2025-05-06,14,5,102
2025-05-06,15,1,467
2025-05-06,15,2,513
2025-05-06,15,3,574
2025-05-06,15,4,199
2025-05-06,15,5,180
2025-05-06,16,1,306
2025-05-06,16,2,286
2025-05-06,16,3,365
2025-05-06,16,4,122
2025-05-06,16,5,115
2025-05-06,17,1,349
2025-05-06,17,2,382
2025-05-06,17,3,424
2025-05-06,17,4,156
2025-05-06,17,5,130
2025-05-06,18,1,811
2025-05-06,18,2,832
2025-05-06,18,3,940
2025-05-06,18,4,323
2025-05-06,18,5,325
2025-05-06,19,1,418
2025-05-06,19,2,363
2025-05-06,19,3,440
2025-05-06,19,4,182
2025-05-06,19,5,164
2025-05-06,20,1,393
2025-05-06,20,2,408
2025-05-06,20,3,486
2025-05-06,20,4,184
2025-05-06,20,5,156
2025-05-06,21,1,233
2025-05-06,21,2,216
2025-05-06,21,3,271
2025-05-06,21,4,100
2025-05-06,21,5,70
2025-05-06,22,1,438
2025-05-06,22,2,350
2025-05-06,22,3,443
2025-05-06,22,4,186
2025-05-06,22,5,156
2025-05-06,23,1,119
2025-05-06,23,2,84
2025-05-06,23,3,104
2025-05-06,23,4,41
2025-05-06,23,5,42
2025-05-06,24,1,117
2025-05-06,24,2,93
2025-05-06,24,3,106
2025-05-06,24,4,37
2025-05-06,24,5,39
2025-05-06,25,1,296
2025-05-06,25,2,287
2025-05-06,25,3,365
2025-05-06,25,4,125
2025-05-06,25,5,120
2025-05-07,1,1,689
2025-05-07,1,2,631
2025-05-07,1,3,745
2025-05-07,1,4,332
2025-05-07,1,5,226
2025-05-07,2,1,427
2025-05-07,2,2,425
2025-05-07,2,3,487
2025-05-07,2,4,179
2025-05-07,2,5,149
2025-05-07,3,1,177
2025-05-07,3,2,174
2025-05-07,3,3,221
2025-05-07,3,4,102
2025-05-07,3,5,74
2025-05-07,4,1,554
2025-05-07,4,2,534
2025-05-07,4,3,624
2025-05-07,4,4,269
2025-05-07,4,5,197
2025-05-07,5,1,493
2025-05-07,5,2,473
2025-05-07,5,3,550
2025-05-07,5,4,229
2025-05-07,5,5,161
2025-05-07,6,1,291
2025-05-07,6,2,290
2025-05-07,6,3,345
2025-05-07,6,4,127
2025-05-07,6,5,101
2025-05-07,7,1,347
2025-05-07,7,2,324
2025-05-07,7,3,373
2025-05-07,7,4,154
2025-05-07,7,5,147
2025-05-07,8,1,152
2025-05-07,8,2,161
2025-05-07,8,3,187
2025-05-07,8,4,75
2025-05-07,8,5,59
2025-05-07,9,1,400
2025-05-07,9,2,373
2025-05-07,9,3,455
2025-05-07,9,4,180
2025-05-07,9,5,142
2025-05-07,10,1,203
2025-05-07,10,2,178
2025-05-07,10,3,219
2025-05-07,10,4,102
2025-05-07,10,5,68
2025-05-07,11,1,283
2025-05-07,11,2,278
2025-05-07,11,3,303
2025-05-07,11,4,154
2025-05-07,11,5,95
2025-05-07,12,1,323
2025-05-07,12,2,307
2025-05-07,12,3,360
2025-05-07,12,4,138
2025-05-07,12,5,130
2025-05-07,13,1,429
2025-05-07,13,2,390
2025-05-07,13,3,431
2025-05-07,13,4,174
2025-05-07,13,5,131
2025-05-07,14,1,264
2025-05-07,14,2,231
2025-05-07,14,3,267
2025-05-07,14,4,133
2025-05-07,14,5,104
2025-05-07,15,1,437
2025-05-07,15,2,434
2025-05-07,15,3,468
2025-05-07,15,4,197
2025-05-07,15,5,179
2025-05-07,16,1,256
2025-05-07,16,2,259
2025-05-07,16,3,286
2025-05-07,16,4,138
2025-05-07,16,5,95
2025-05-07,17,1,335
2025-05-07,17,2,313
2025-05-07,17,3,371
2025-05-07,17,4,154
2025-05-07,17,5,120
2025-05-07,18,1,819
2025-05-07,18,2,727
2025-05-07,18,3,876
2025-05-07,18,4,368
2025-05-07,18,5,281
2025-05-07,19,1,363
2025-05-07,19,2,409
2025-05-07,19,3,400
2025-05-07,19,4,156
2025-05-07,19,5,135
2025-05-07,20,1,427
2025-05-07,20,2,357
2025-05-07,20,3,458
2025-05-07,20,4,179
2025-05-07,20,5,142
2025-05-07,21,1,184
2025-05-07,21,2,195
2025-05-07,21,3,237
2025-05-07,21,4,105
2025-05-07,21,5,82
2025-05-07,22,1,349
2025-05-07,22,2,381
2025-05-07,22,3,403
2025-05-07,22,4,185
2025-05-07,22,5,164
2025-05-07,23,1,110
2025-05-07,23,2,112
2025-05-07,23,3,114
2025-05-07,23,4,38
2025-05-07,23,5,47
2025-05-07,24,1,103
2025-05-07,24,2,84
2025-05-07,24,3,100
2025-05-07,24,4,47
2025-05-07,24,5,37
2025-05-07,25,1,275
2025-05-07,25,2,289
2025-05-07,25,3,332
2025-05-07,25,4,118
2025-05-07,25,5,98
2025-05-08,1,1,720
2025-05-08,1,2,588
2025-05-08,1,3,754
2025-05-08,1,4,283
2025-05-08,1,5,221
2025-05-08,2,1,384
2025-05-08,2,2,368
2025-05-08,2,3,441
2025-05-08,2,4,164
2025-05-08,2,5,155
2025-05-08,3,1,183
2025-05-08,3,2,173
2025-05-08,3,3,225
2025-05-08,3,4,91
2025-05-08,3,5,72
2025-05-08,4,1,572
2025-05-08,4,2,442
2025-05-08,4,3,666
2025-05-08,4,4,255
2025-05-08,4,5,221
2025-05-08,5,1,474
2025-05-08,5,2,363
2025-05-08,5,3,545
2025-05-08,5,4,213
2025-05-08,5,5,172
2025-05-08,6,1,243
2025-05-08,6,2,254
2025-05-08,6,3,345
2025-05-08,6,4,134
2025-05-08,6,5,139
2025-05-08,7,1,366
2025-05-08,7,2,279
2025-05-08,7,3,363
2025-05-08,7,4,149
2025-05-08,7,5,113
2025-05-08,8,1,143
2025-05-08,8,2,134
2025-05-08,8,3,188
2025-05-08,8,4,68
2025-05-08,8,5,55
2025-05-08,9,1,427
2025-05-08,9,2,324
2025-05-08,9,3,461
2025-05-08,9,4,160
2025-05-08,9,5,137
2025-05-08,10,1,205
2025-05-08,10,2,178
2025-05-08,10,3,204
2025-05-08,10,4,102
2025-05-08,10,5,66
2025-05-08,11,1,264
2025-05-08,11,2,236
2025-05-08,11,3,311
2025-05-08,11,4,123
2025-05-08,11,5,97
2025-05-08,12,1,318
2025-05-08,12,2,323
2025-05-08,12,3,363
2025-05-08,12,4,158
2025-05-08,12,5,132
2025-05-08,13,1,409
2025-05-08,13,2,346
2025-05-08,13,3,439
2025-05-08,13,4,150
2025-05-08,13,5,143
2025-05-08,14,1,255
2025-05-08,14,2,221
2025-05-08,14,3,273
2025-05-08,14,4,126
2025-05-08,14,5,83
2025-05-08,15,1,442
2025-05-08,15,2,381
2025-05-08,15,3,505
2025-05-08,15,4,193
2025-05-08,15,5,170
2025-05-08,16,1,239
2025-05-08,16,2,218
2025-05-08,16,3,313
2025-05-08,16,4,133
2025-05-08,16,5,100
2025-05-08,17,1,327
2025-05-08,17,2,299
2025-05-08,17,3,352
2025-05-08,17,4,113
2025-05-08,17,5,124
2025-05-08,18,1,764
2025-05-08,18,2,614
2025-05-08,18,3,852
2025-05-08,18,4,343
2025-05-08,18,5,231
2025-05-08,19,1,348
2025-05-08,19,2,350
2025-05-08,19,3,393
2025-05-08,19,4,160
2025-05-08,19,5,143
2025-05-08,20,1,365
2025-05-08,20,2,339
2025-05-08,20,3,416
2025-05-08,20,4,163
2025-05-08,20,5,133
2025-05-08,21,1,199
2025-05-08,21,2,180
2025-05-08,21,3,229
2025-05-08,21,4,98
2025-05-08,21,5,73
2025-05-08,22,1,347
2025-05-08,22,2,317
2025-05-08,22,3,369
2025-05-08,22,4,162
2025-05-08,22,5,138
2025-05-08,23,1,73
2025-05-08,23,2,81
2025-05-08,23,3,99
2025-05-08,23,4,51
2025-05-08,23,5,34
2025-05-08,24,1,83
2025-05-08,24,2,68
2025-05-08,24,3,115
2025-05-08,24,4,45
2025-05-08,24,5,34
2025-05-08,25,1,290
2025-05-08,25,2,243
2025-05-08,25,3,273
2025-05-08,25,4,137
2025-05-08,25,5,111
2025-05-09,1,1,743
2025-05-09,1,2,612
2025-05-09,1,3,765
2025-05-09,1,4,302
2025-05-09,1,5,295
2025-05-09,2,1,478
2025-05-09,2,2,370
2025-05-09,2,3,474
2025-05-09,2,4,184
2025-05-09,2,5,161
2025-05-09,3,1,208
2025-05-09,3,2,187
2025-05-09,3,3,219
2025-05-09,3,4,86
2025-05-09,3,5,81
2025-05-09,4,1,563
2025-05-09,4,2,543
2025-05-09,4,3,635
2025-05-09,4,4,246
2025-05-09,4,5,213
2025-05-09,5,1,539
2025-05-09,5,2,480
2025-05-09,5,3,535
2025-05-09,5,4,194
2025-05-09,5,5,163
2025-05-09,6,1,278
2025-05-09,6,2,252
2025-05-09,6,3,306
2025-05-09,6,4,135
2025-05-09,6,5,105
2025-05-09,7,1,331
2025-05-09,7,2,312
2025-05-09,7,3,377
2025-05-09,7,4,152
2025-05-09,7,5,133
2025-05-09,8,1,162
2025-05-09,8,2,133
2025-05-09,8,3,180
2025-05-09,8,4,83
2025-05-09,8,5,65
2025-05-09,9,1,382
2025-05-09,9,2,331
2025-05-09,9,3,475
2025-05-09,9,4,204
2025-05-09,9,5,137
2025-05-09,10,1,187
2025-05-09,10,2,187
2025-05-09,10,3,263
2025-05-09,10,4,101
2025-05-09,10,5,83
2025-05-09,11,1,280
2025-05-09,11,2,253
2025-05-09,11,3,300
2025-05-09,11,4,120
2025-05-09,11,5,109
2025-05-09,12,1,365
2025-05-09,12,2,305
2025-05-09,12,3,412
2025-05-09,12,4,142
2025-05-09,12,5,124
2025-05-09,13,1,404
2025-05-09,13,2,335
2025-05-09,13,3,462
2025-05-09,13,4,179
2025-05-09,13,5,172
2025-05-09,14,1,260
2025-05-09,14,2,222
2025-05-09,14,3,257
2025-05-09,14,4,111
2025-05-09,14,5,109
2025-05-09,15,1,418
2025-05-09,15,2,377
2025-05-09,15,3,451
2025-05-09,15,4,222
2025-05-09,15,5,156
2025-05-09,16,1,291
2025-05-09,16,2,268
2025-05-09,16,3,333
2025-05-09,16,4,108
2025-05-09,16,5,120
2025-05-09,17,1,391
2025-05-09,17,2,270
2025-05-09,17,3,418
2025-05-09,17,4,162
2025-05-09,17,5,136
2025-05-09,18,1,811
2025-05-09,18,2,660
2025-05-09,18,3,845
2025-05-09,18,4,359
2025-05-09,18,5,302
2025-05-09,19,1,380
2025-05-09,19,2,299
2025-05-09,19,3,411
2025-05-09,19,4,189
2025-05-09,19,5,159
2025-05-09,20,1,414
2025-05-09,20,2,334
2025-05-09,20,3,453
2025-05-09,20,4,190
2025-05-09,20,5,169
2025-05-09,21,1,194
2025-05-09,21,2,177
2025-05-09,21,3,264
2025-05-09,21,4,87
2025-05-09,21,5,74
2025-05-09,22,1,371
2025-05-09,22,2,306
2025-05-09,22,3,427
2025-05-09,22,4,170
2025-05-09,22,5,155
2025-05-09,23,1,99
2025-05-09,23,2,89
2025-05-09,23,3,131
2025-05-09,23,4,47
2025-05-09,23,5,41
2025-05-09,24,1,104
2025-05-09,24,2,92
2025-05-09,24,3,91
2025-05-09,24,4,38
2025-05-09,24,5,40
2025-05-09,25,1,281
2025-05-09,25,2,235
2025-05-09,25,3,319
2025-05-09,25,4,149
2025-05-09,25,5,98
2025-05-10,1,1,578
2025-05-10,1,2,504
2025-05-10,1,3,646
2025-05-10,1,4,235
2025-05-10,1,5,191
2025-05-10,2,1,337
2025-05-10,2,2,307
2025-05-10,2,3,384
2025-05-10,2,4,166
2025-05-10,2,5,111
2025-05-10,3,1,147
2025-05-10,3,2,130
2025-05-10,3,3,176
2025-05-10,3,4,73
2025-05-10,3,5,71
2025-05-10,4,1,480
2025-05-10,4,2,406
2025-05-10,4,3,496
2025-05-10,4,4,224
2025-05-10,4,5,183
2025-05-10,5,1,363
2025-05-10,5,2,331
2025-05-10,5,3,440
2025-05-10,5,4,180
2025-05-10,5,5,160
2025-05-10,6,1,241
2025-05-10,6,2,201
2025-05-10,6,3,269
2025-05-10,6,4,117
2025-05-10,6,5,92
2025-05-10,7,1,265
2025-05-10,7,2,245
2025-05-10,7,3,307
2025-05-10,7,4,113
2025-05-10,7,5,111
2025-05-10,8,1,143
2025-05-10,8,2,119
2025-05-10,8,3,130
2025-05-10,8,4,63
2025-05-10,8,5,46
2025-05-10,9,1,326
2025-05-10,9,2,297
2025-05-10,9,3,411
2025-05-10,9,4,133
2025-05-10,9,5,109
2025-05-10,10,1,166
2025-05-10,10,2,139
2025-05-10,10,3,184
2025-05-10,10,4,80
2025-05-10,10,5,50
2025-05-10,11,1,223
2025-05-10,11,2,174
2025-05-10,11,3,250
2025-05-10,11,4,88
2025-05-10,11,5,79
2025-05-10,12,1,286
2025-05-10,12,2,224
2025-05-10,12,3,289
2025-05-10,12,4,113
2025-05-10,12,5,75
2025-05-10,13,1,316
2025-05-10,13,2,257
2025-05-10,13,3,367
2025-05-10,13,4,141
2025-05-10,13,5,98
2025-05-10,14,1,225
2025-05-10,14,2,173
2025-05-10,14,3,210
2025-05-10,14,4,89
2025-05-10,14,5,67
2025-05-10,15,1,363
2025-05-10,15,2,281
2025-05-10,15,3,421
2025-05-10,15,4,173
2025-05-10,15,5,125
2025-05-10,16,1,209
2025-05-10,16,2,195
2025-05-10,16,3,246
2025-05-10,16,4,91
2025-05-10,16,5,86
2025-05-10,17,1,254
2025-05-10,17,2,247
2025-05-10,17,3,295
2025-05-10,17,4,132
2025-05-10,17,5,87
2025-05-10,18,1,615
2025-05-10,18,2,535
2025-05-10,18,3,629
2025-05-10,18,4,275
2025-05-10,18,5,233
2025-05-10,19,1,284
2025-05-10,19,2,235
2025-05-10,19,3,339
2025-05-10,19,4,153
2025-05-10,19,5,111
2025-05-10,20,1,346
2025-05-10,20,2,245
2025-05-10,20,3,339
2025-05-10,20,4,170
2025-05-10,20,5,120
2025-05-10,21,1,147
2025-05-10,21,2,151
2025-05-10,21,3,213
2025-05-10,21,4,69
2025-05-10,21,5,83
2025-05-10,22,1,276
2025-05-10,22,2,243
2025-05-10,22,3,341
2025-05-10,22,4,130
2025-05-10,22,5,100
2025-05-10,23,1,78
2025-05-10,23,2,68
2025-05-10,23,3,87
2025-05-10,23,4,30
2025-05-10,23,5,33
2025-05-10,24,1,69
2025-05-10,24,2,67
2025-05-10,24,3,85
2025-05-10,24,4,30
2025-05-10,24,5,17
2025-05-10,25,1,224
2025-05-10,25,2,190
2025-05-10,25,3,286
2025-05-10,25,4,97
2025-05-10,25,5,76
2025-05-11,1,1,557
2025-05-11,1,2,469
2025-05-11,1,3,632
2025-05-11,1,4,252
2025-05-11,1,5,204
2025-05-11,2,1,318
2025-05-11,2,2,284
2025-05-11,2,3,362
2025-05-11,2,4,153
2025-05-11,2,5,128
2025-05-11,3,1,154
2025-05-11,3,2,142
2025-05-11,3,3,173
2025-05-11,3,4,71
2025-05-11,3,5,73
2025-05-11,4,1,459
2025-05-11,4,2,415
2025-05-11,4,3,478
2025-05-11,4,4,213
2025-05-11,4,5,185
2025-05-11,5,1,401
2025-05-11,5,2,332
2025-05-11,5,3,413
2025-05-11,5,4,175
2025-05-11,5,5,150
2025-05-11,6,1,251
2025-05-11,6,2,199
2025-05-11,6,3,243
2025-05-11,6,4,113
2025-05-11,6,5,91
2025-05-11,7,1,290
2025-05-11,7,2,223
2025-05-11,7,3,279
2025-05-11,7,4,128
2025-05-11,7,5,92
2025-05-11,8,1,133
2025-05-11,8,2,110
2025-05-11,8,3,160
2025-05-11,8,4,69
2025-05-11,8,5,61
2025-05-11,9,1,319
2025-05-11,9,2,281
2025-05-11,9,3,414
2025-05-11,9,4,134
2025-05-11,9,5,115
2025-05-11,10,1,162
2025-05-11,10,2,136
2025-05-11,10,3,199
2025-05-11,10,4,64
2025-05-11,10,5,63
2025-05-11,11,1,204
2025-05-11,11,2,162
2025-05-11,11,3,233
2025-05-11,11,4,105
2025-05-11,11,5,77
2025-05-11,12,1,270
2025-05-11,12,2,236
2025-05-11,12,3,331
2025-05-11,12,4,128
2025-05-11,12,5,110
2025-05-11,13,1,354
2025-05-11,13,2,273
2025-05-11,13,3,378
2025-05-11,13,4,148
2025-05-11,13,5,130
2025-05-11,14,1,199
2025-05-11,14,2,176
2025-05-11,14,3,225
2025-05-11,14,4,96
2025-05-11,14,5,69
2025-05-11,15,1,373
2025-05-11,15,2,319
2025-05-11,15,3,391
2025-05-11,15,4,158
2025-05-11,15,5,123
2025-05-11,16,1,199
2025-05-11,16,2,187
2025-05-11,16,3,202
2025-05-11,16,4,98
2025-05-11,16,5,90
2025-05-11,17,1,272
2025-05-11,17,2,259
2025-05-11,17,3,306
2025-05-11,17,4,123
2025-05-11,17,5,88
2025-05-11,18,1,671
2025-05-11,18,2,563
2025-05-11,18,3,696
2025-05-11,18,4,309
2025-05-11,18,5,209
2025-05-11,19,1,289
2025-05-11,19,2,256
2025-05-11,19,3,343
2025-05-11,19,4,117
2025-05-11,19,5,96
2025-05-11,20,1,310
2025-05-11,20,2,262
2025-05-11,20,3,337
2025-05-11,20,4,157
2025-05-11,20,5,112
2025-05-11,21,1,166
2025-05-11,21,2,148
2025-05-11,21,3,202
2025-05-11,21,4,78
2025-05-11,21,5,49
2025-05-11,22,1,287
2025-05-11,22,2,259
2025-05-11,22,3,348
2025-05-11,22,4,155
2025-05-11,22,5,106
2025-05-11,23,1,69
2025-05-11,23,2,64
2025-05-11,23,3,76
2025-05-11,23,4,45
2025-05-11,23,5,29
2025-05-11,24,1,81
2025-05-11,24,2,53
2025-05-11,24,3,86
2025-05-11,24,4,33
2025-05-11,24,5,20
2025-05-11,25,1,191
2025-05-11,25,2,181
2025-05-11,25,3,234
2025-05-11,25,4,109
2025-05-11,25,5,78
2025-05-12,1,1,794
2025-05-12,1,2,739
2025-05-12,1,3,920
2025-05-12,1,4,401
2025-05-12,1,5,283
2025-05-12,2,1,494
2025-05-12,2,2,420
2025-05-12,2,3,567
2025-05-12,2,4,225
2025-05-12,2,5,175
2025-05-12,3,1,234
2025-05-12,3,2,221
2025-05-12,3,3,255
2025-05-12,3,4,108
2025-05-12,3,5,79
2025-05-12,4,1,693
2025-05-12,4,2,645
2025-05-12,4,3,772
2025-05-12,4,4,268
2025-05-12,4,5,243
2025-05-12,5,1,546
2025-05-12,5,2,547
2025-05-12,5,3,608
2025-05-12,5,4,230
2025-05-12,5,5,198
2025-05-12,6,1,333
2025-05-12,6,2,328
2025-05-12,6,3,387
2025-05-12,6,4,166
2025-05-12,6,5,134
2025-05-12,7,1,357
2025-05-12,7,2,361
2025-05-12,7,3,452
2025-05-12,7,4,185
2025-05-12,7,5,149
2025-05-12,8,1,159
2025-05-12,8,2,178
2025-05-12,8,3,190
2025-05-12,8,4,93
2025-05-12,8,5,81
2025-05-12,9,1,440
2025-05-12,9,2,455
2025-05-12,9,3,566
2025-05-12,9,4,202
2025-05-12,9,5,179
2025-05-12,10,1,254
2025-05-12,10,2,243
2025-05-12,10,3,293
2025-05-12,10,4,115
2025-05-12,10,5,82
2025-05-12,11,1,322
2025-05-12,11,2,321
2025-05-12,11,3,339
2025-05-12,11,4,145
2025-05-12,11,5,120
2025-05-12,12,1,373
2025-05-12,12,2,370
2025-05-12,12,3,471
2025-05-12,12,4,181
2025-05-12,12,5,141
2025-05-12,13,1,472
2025-05-12,13,2,478
2025-05-12,13,3,516
2025-05-12,13,4,220
2025-05-12,13,5,168
2025-05-12,14,1,290
2025-05-12,14,2,282
2025-05-12,14,3,327
2025-05-12,14,4,159
2025-05-12,14,5,112
2025-05-12,15,1,525
2025-05-12,15,2,493
2025-05-12,15,3,608
2025-05-12,15,4,239
2025-05-12,15,5,197
2025-05-12,16,1,331
2025-05-12,16,2,300
2025-05-12,16,3,329
2025-05-12,16,4,135
2025-05-12,16,5,108
2025-05-12,17,1,398
2025-05-12,17,2,348
2025-05-12,17,3,428
2025-05-12,17,4,179
2025-05-12,17,5,147
2025-05-12,18,1,939
2025-05-12,18,2,892
2025-05-12,18,3,1040
2025-05-12,18,4,453
2025-05-12,18,5,328
2025-05-12,19,1,413
2025-05-12,19,2,389
2025-05-12,19,3,444
2025-05-12,19,4,205
2025-05-12,19,5,187
2025-05-12,20,1,445
2025-05-12,20,2,424
2025-05-12,20,3,493
2025-05-12,20,4,192
2025-05-12,20,5,151
2025-05-12,21,1,235
2025-05-12,21,2,244
2025-05-12,21,3,240
2025-05-12,21,4,111
2025-05-12,21,5,95
2025-05-12,22,1,409
2025-05-12,22,2,399
2025-05-12,22,3,463
2025-05-12,22,4,187
2025-05-12,22,5,150
2025-05-12,23,1,115
2025-05-12,23,2,136
2025-05-12,23,3,129
2025-05-12,23,4,48
2025-05-12,23,5,48
2025-05-12,24,1,102
2025-05-12,24,2,98
2025-05-12,24,3,104
2025-05-12,24,4,45
2025-05-12,24,5,29
2025-05-12,25,1,275
2025-05-12,25,2,342
2025-05-12,25,3,378
2025-05-12,25,4,139
2025-05-12,25,5,124
2025-05-13,1,1,749
2025-05-13,1,2,756
2025-05-13,1,3,824
2025-05-13,1,4,310
2025-05-13,1,5,287
2025-05-13,2,1,462
2025-05-13,2,2,387
2025-05-13,2,3,536
2025-05-13,2,4,218
2025-05-13,2,5,153
2025-05-13,3,1,193
2025-05-13,3,2,220
2025-05-13,3,3,266
2025-05-13,3,4,99
2025-05-13,3,5,72
2025-05-13,4,1,623
2025-05-13,4,2,595
2025-05-13,4,3,615
2025-05-13,4,4,315
2025-05-13,4,5,230
2025-05-13,5,1,442
2025-05-13,5,2,479
2025-05-13,5,3,537
2025-05-13,5,4,255
2025-05-13,5,5,202
2025-05-13,6,1,322
2025-05-13,6,2,306
2025-05-13,6,3,351
2025-05-13,6,4,122
2025-05-13,6,5,125
2025-05-13,7,1,363
2025-05-13,7,2,344
2025-05-13,7,3,396
2025-05-13,7,4,147
2025-05-13,7,5,143
2025-05-13,8,1,155
2025-05-13,8,2,181
2025-05-13,8,3,209
2025-05-13,8,4,85
2025-05-13,8,5,51
2025-05-13,9,1,428
2025-05-13,9,2,474
2025-05-13,9,3,460
2025-05-13,9,4,204
2025-05-13,9,5,189
2025-05-13,10,1,224
2025-05-13,10,2,219
2025-05-13,10,3,255
2025-05-13,10,4,103
2025-05-13,10,5,76
2025-05-13,11,1,299
2025-05-13,11,2,319
2025-05-13,11,3,335
2025-05-13,11,4,147
2025-05-13,11,5,119
2025-05-13,12,1,347
2025-05-13,12,2,349
2025-05-13,12,3,401
2025-05-13,12,4,141
2025-05-13,12,5,130
2025-05-13,13,1,444
2025-05-13,13,2,374
2025-05-13,13,3,464
2025-05-13,13,4,178
2025-05-13,13,5,157
2025-05-13,14,1,247
2025-05-13,14,2,261
2025-05-13,14,3,308
2025-05-13,14,4,120
2025-05-13,14,5,103
2025-05-13,15,1,501
2025-05-13,15,2,455
2025-05-13,15,3,529
2025-05-13,15,4,198
2025-05-13,15,5,189
2025-05-13,16,1,269
2025-05-13,16,2,277
2025-05-13,16,3,310
2025-05-13,16,4,129
2025-05-13,16,5,94
2025-05-13,17,1,367
2025-05-13,17,2,371
2025-05-13,17,3,403
2025-05-13,17,4,170
2025-05-13,17,5,136
2025-05-13,18,1,850
2025-05-13,18,2,833
2025-05-13,18,3,914
2025-05-13,18,4,426
2025-05-13,18,5,319
2025-05-13,19,1,421
2025-05-13,19,2,412
2025-05-13,19,3,433
2025-05-13,19,4,170
2025-05-13,19,5,143
2025-05-13,20,1,433
2025-05-13,20,2,435
2025-05-13,20,3,468
2025-05-13,20,4,218
2025-05-13,20,5,143
2025-05-13,21,1,232
2025-05-13,21,2,226
2025-05-13,21,3,248
2025-05-13,21,4,93
2025-05-13,21,5,95
2025-05-13,22,1,408
2025-05-13,22,2,384
2025-05-13,22,3,431
2025-05-13,22,4,179
2025-05-13,22,5,134
2025-05-13,23,1,91
2025-05-13,23,2,88
2025-05-13,23,3,120
2025-05-13,23,4,60
2025-05-13,23,5,47
2025-05-13,24,1,95
2025-05-13,24,2,85
2025-05-13,24,3,106
2025-05-13,24,4,38
2025-05-13,24,5,38
2025-05-13,25,1,282
2025-05-13,25,2,303
2025-05-13,25,3,348
2025-05-13,25,4,132
2025-05-13,25,5,126
2025-05-14,1,1,654
2025-05-14,1,2,678
2025-05-14,1,3,770
2025-05-14,1,4,306
2025-05-14,1,5,259
2025-05-14,2,1,402
2025-05-14,2,2,345
2025-05-14,2,3,437
2025-05-14,2,4,197
2025-05-14,2,5,156
2025-05-14,3,1,215
2025-05-14,3,2,215
2025-05-14,3,3,197
2025-05-14,3,4,89
2025-05-14,3,5,85
2025-05-14,4,1,566
2025-05-14,4,2,558
2025-05-14,4,3,635
2025-05-14,4,4,253
2025-05-14,4,5,230
2025-05-14,5,1,472
2025-05-14,5,2,488
2025-05-14,5,3,531
2025-05-14,5,4,224
2025-05-14,5,5,162
2025-05-14,6,1,291
2025-05-14,6,2,311
2025-05-14,6,3,331
2025-05-14,6,4,146
2025-05-14,6,5,105
2025-05-14,7,1,351
2025-05-14,7,2,318
2025-05-14,7,3,366
2025-05-14,7,4,143
2025-05-14,7,5,132
2025-05-14,8,1,150
2025-05-14,8,2,150
2025-05-14,8,3,195
2025-05-14,8,4,61
2025-05-14,8,5,70
2025-05-14,9,1,387
2025-05-14,9,2,405
2025-05-14,9,3,473
2025-05-14,9,4,187
2025-05-14,9,5,171
2025-05-14,10,1,219
2025-05-14,10,2,192
2025-05-14,10,3,246
2025-05-14,10,4,108
2025-05-14,10,5,85
2025-05-14,11,1,285
2025-05-14,11,2,270
2025-05-14,11,3,326
2025-05-14,11,4,115
2025-05-14,11,5,94
2025-05-14,12,1,327
2025-05-14,12,2,334
2025-05-14,12,3,370
2025-05-14,12,4,133
2025-05-14,12,5,119
2025-05-14,13,1,401
2025-05-14,13,2,389
2025-05-14,13,3,459
2025-05-14,13,4,193
2025-05-14,13,5,138
2025-05-14,14,1,262
2025-05-14,14,2,259
2025-05-14,14,3,316
2025-05-14,14,4,135
2025-05-14,14,5,79
2025-05-14,15,1,412
2025-05-14,15,2,450
2025-05-14,15,3,462
2025-05-14,15,4,189
2025-05-14,15,5,185
2025-05-14,16,1,276
2025-05-14,16,2,274
2025-05-14,16,3,282
2025-05-14,16,4,122
2025-05-14,16,5,119
2025-05-14,17,1,323
2025-05-14,17,2,352
2025-05-14,17,3,368
2025-05-14,17,4,150
2025-05-14,17,5,132
2025-05-14,18,1,760
2025-05-14,18,2,762
2025-05-14,18,3,860
2025-05-14,18,4,316
2025-05-14,18,5,288
2025-05-14,19,1,378
2025-05-14,19,2,386
2025-05-14,19,3,441
2025-05-14,19,4,162
2025-05-14,19,5,130
2025-05-14,20,1,361
2025-05-14,20,2,364
2025-05-14,20,3,424
2025-05-14,20,4,158
2025-05-14,20,5,135
2025-05-14,21,1,221
2025-05-14,21,2,210
2025-05-14,21,3,224
2025-05-14,21,4,94
2025-05-14,21,5,69
2025-05-14,22,1,346
2025-05-14,22,2,337
2025-05-14,22,3,391
2025-05-14,22,4,163
2025-05-14,22,5,149
2025-05-14,23,1,103
2025-05-14,23,2,87
2025-05-14,23,3,127
2025-05-14,23,4,48
2025-05-14,23,5,42
2025-05-14,24,1,84
2025-05-14,24,2,86
2025-05-14,24,3,110
2025-05-14,24,4,34
2025-05-14,24,5,40
2025-05-14,25,1,273
2025-05-14,25,2,285
2025-05-14,25,3,289
2025-05-14,25,4,142
2025-05-14,25,5,97
2025-05-15,1,1,697
2025-05-15,1,2,632
2025-05-15,1,3,779
2025-05-15,1,4,342
2025-05-15,1,5,257
2025-05-15,2,1,396
2025-05-15,2,2,362
2025-05-15,2,3,409
2025-05-15,2,4,200
2025-05-15,2,5,139
2025-05-15,3,1,172
2025-05-15,3,2,144
2025-05-15,3,3,235
2025-05-15,3,4,84
2025-05-15,3,5,61
2025-05-15,4,1,590
2025-05-15,4,2,463
2025-05-15,4,3,613
2025-05-15,4,4,263
2025-05-15,4,5,214
2025-05-15,5,1,464
2025-05-15,5,2,372
2025-05-15,5,3,519
2025-05-15,5,4,207
2025-05-15,5,5,162
2025-05-15,6,1,303
2025-05-15,6,2,225
2025-05-15,6,3,320
2025-05-15,6,4,116
2025-05-15,6,5,119
2025-05-15,7,1,341
2025-05-15,7,2,263
2025-05-15,7,3,366
2025-05-15,7,4,152
2025-05-15,7,5,119
2025-05-15,8,1,157
2025-05-15,8,2,156
2025-05-15,8,3,156
2025-05-15,8,4,79
2025-05-15,8,5,43
2025-05-15,9,1,403
2025-05-15,9,2,320
2025-05-15,9,3,417
2025-05-15,9,4,167
2025-05-15,9,5,143
2025-05-15,10,1,218
2025-05-15,10,2,188
2025-05-15,10,3,210
2025-05-15,10,4,100
2025-05-15,10,5,80
2025-05-15,11,1,273
2025-05-15,11,2,216
2025-05-15,11,3,304
2025-05-15,11,4,120
2025-05-15,11,5,113
2025-05-15,12,1,347
2025-05-15,12,2,271
2025-05-15,12,3,362
2025-05-15,12,4,147
2025-05-15,12,5,111
2025-05-15,13,1,392
2025-05-15,13,2,368
2025-05-15,13,3,422
2025-05-15,13,4,171
2025-05-15,13,5,143
2025-05-15,14,1,220
2025-05-15,14,2,243
2025-05-15,14,3,279
2025-05-15,14,4,105
2025-05-15,14,5,98
2025-05-15,15,1,426
2025-05-15,15,2,367
2025-05-15,15,3,479
2025-05-15,15,4,188
2025-05-15,15,5,132
2025-05-15,16,1,247
2025-05-15,16,2,220
2025-05-15,16,3,276
2025-05-15,16,4,104
2025-05-15,16,5,88
2025-05-15,17,1,365
2025-05-15,17,2,334
2025-05-15,17,3,384
2025-05-15,17,4,152
2025-05-15,17,5,124
2025-05-15,18,1,741
2025-05-15,18,2,653
2025-05-15,18,3,808
2025-05-15,18,4,319
2025-05-15,18,5,262
2025-05-15,19,1,349
2025-05-15,19,2,321
2025-05-15,19,3,411
2025-05-15,19,4,163
2025-05-15,19,5,132
2025-05-15,20,1,370
2025-05-15,20,2,297
2025-05-15,20,3,409
2025-05-15,20,4,166
2025-05-15,20,5,135
2025-05-15,21,1,214
2025-05-15,21,2,159
2025-05-15,21,3,223
2025-05-15,21,4,87
2025-05-15,21,5,79
2025-05-15,22,1,340
2025-05-15,22,2,299
2025-05-15,22,3,421
2025-05-15,22,4,159
2025-05-15,22,5,124
2025-05-15,23,1,111
2025-05-15,23,2,104
2025-05-15,23,3,125
2025-05-15,23,4,58
2025-05-15,23,5,41
2025-05-15,24,1,84
2025-05-15,24,2,82
2025-05-15,24,3,92
2025-05-15,24,4,45
2025-05-15,24,5,34
2025-05-15,25,1,287
2025-05-15,25,2,252
2025-05-15,25,3,303
2025-05-15,25,4,124
2025-05-15,25,5,88
2025-05-16,1,1,630
2025-05-16,1,2,594
2025-05-16,1,3,796
2025-05-16,1,4,302
2025-05-16,1,5,268
2025-05-16,2,1,412
2025-05-16,2,2,352
2025-05-16,2,3,484
2025-05-16,2,4,175
2025-05-16,2,5,172
2025-05-16,3,1,216
2025-05-16,3,2,158
2025-05-16,3,3,231
2025-05-16,3,4,91
2025-05-16,3,5,81
2025-05-16,4,1,552
2025-05-16,4,2,545
2025-05-16,4,3,648
2025-05-16,4,4,264
2025-05-16,4,5,217
2025-05-16,5,1,493
2025-05-16,5,2,410
2025-05-16,5,3,516
2025-05-16,5,4,212
2025-05-16,5,5,173
2025-05-16,6,1,319
2025-05-16,6,2,257
2025-05-16,6,3,349
2025-05-16,6,4,137
2025-05-16,6,5,108
2025-05-16,7,1,342
2025-05-16,7,2,289
2025-05-16,7,3,350
2025-05-16,7,4,128
2025-05-16,7,5,117
2025-05-16,8,1,155
2025-05-16,8,2,155
2025-05-16,8,3,176
2025-05-16,8,4,78
2025-05-16,8,5,57
2025-05-16,9,1,387
2025-05-16,9,2,368
2025-05-16,9,3,474
2025-05-16,9,4,213
2025-05-16,9,5,163
2025-05-16,10,1,218
2025-05-16,10,2,166
2025-05-16,10,3,228
2025-05-16,10,4,82
2025-05-16,10,5,91
2025-05-16,11,1,305
2025-05-16,11,2,225
2025-05-16,11,3,341
2025-05-16,11,4,138
2025-05-16,11,5,126
2025-05-16,12,1,333
2025-05-16,12,2,274
2025-05-16,12,3,350
2025-05-16,12,4,167
2025-05-16,12,5,104
2025-05-16,13,1,382
2025-05-16,13,2,364
2025-05-16,13,3,447
2025-05-16,13,4,186
2025-05-16,13,5,142
2025-05-16,14,1,256
2025-05-16,14,2,207
2025-05-16,14,3,269
2025-05-16,14,4,115
2025-05-16,14,5,89
2025-05-16,15,1,459
2025-05-16,15,2,341
2025-05-16,15,3,498
2025-05-16,15,4,212
2025-05-16,15,5,169
2025-05-16,16,1,266
2025-05-16,16,2,230
2025-05-16,16,3,303
2025-05-16,16,4,136
2025-05-16,16,5,95
2025-05-16,17,1,330
2025-05-16,17,2,296
2025-05-16,17,3,388
2025-05-16,17,4,139
2025-05-16,17,5,130
2025-05-16,18,1,760
2025-05-16,18,2,699
2025-05-16,18,3,883
2025-05-16,18,4,345
2025-05-16,18,5,295
2025-05-16,19,1,402
2025-05-16,19,2,372
2025-05-16,19,3,438
2025-05-16,19,4,154
2025-05-16,19,5,126
2025-05-16,20,1,391
2025-05-16,20,2,331
2025-05-16,20,3,455
2025-05-16,20,4,168
2025-05-16,20,5,149
2025-05-16,21,1,212
2025-05-16,21,2,187
2025-05-16,21,3,239
2025-05-16,21,4,94
2025-05-16,21,5,66
2025-05-16,22,1,349
2025-05-16,22,2,320
2025-05-16,22,3,440
2025-05-16,22,4,164
2025-05-16,22,5,144
2025-05-16,23,1,104
2025-05-16,23,2,94
2025-05-16,23,3,119
2025-05-16,23,4,53
2025-05-16,23,5,36
2025-05-16,24,1,85
2025-05-16,24,2,81
2025-05-16,24,3,100
2025-05-16,24,4,34
2025-05-16,24,5,34
2025-05-16,25,1,294
2025-05-16,25,2,246
2025-05-16,25,3,315
2025-05-16,25,4,117
2025-05-16,25,5,115
2025-05-17,1,1,507
2025-05-17,1,2,456
2025-05-17,1,3,627
2025-05-17,1,4,251
2025-05-17,1,5,204
2025-05-17,2,1,329
2025-05-17,2,2,284
2025-05-17,2,3,358
2025-05-17,2,4,138
2025-05-17,2,5,123
2025-05-17,3,1,151
2025-05-17,3,2,118
2025-05-17,3,3,174
2025-05-17,3,4,75
2025-05-17,3,5,58
2025-05-17,4,1,470
2025-05-17,4,2,377
2025-05-17,4,3,514
2025-05-17,4,4,224
2025-05-17,4,5,153
2025-05-17,5,1,363
2025-05-17,5,2,339
2025-05-17,5,3,421
2025-05-17,5,4,157
2025-05-17,5,5,118
2025-05-17,6,1,196
2025-05-17,6,2,209
2025-05-17,6,3,247
2025-05-17,6,4,92
2025-05-17,6,5,98
2025-05-17,7,1,258
2025-05-17,7,2,216
2025-05-17,7,3,302
2025-05-17,7,4,140
2025-05-17,7,5,118
2025-05-17,8,1,123
2025-05-17,8,2,109
2025-05-17,8,3,170
2025-05-17,8,4,70
2025-05-17,8,5,48
2025-05-17,9,1,318
2025-05-17,9,2,308
2025-05-17,9,3,365
2025-05-17,9,4,132
2025-05-17,9,5,143
2025-05-17,10,1,173
2025-05-17,10,2,145
2025-05-17,10,3,174
2025-05-17,10,4,67
2025-05-17,10,5,57
2025-05-17,11,1,214
2025-05-17,11,2,172
2025-05-17,11,3,238
2025-05-17,11,4,102
2025-05-17,11,5,88
2025-05-17,12,1,266
2025-05-17,12,2,213
2025-05-17,12,3,287
2025-05-17,12,4,121
2025-05-17,12,5,101
2025-05-17,13,1,294
2025-05-17,13,2,284
2025-05-17,13,3,340
2025-05-17,13,4,130
2025-05-17,13,5,113
2025-05-17,14,1,200
2025-05-17,14,2,181
2025-05-17,14,3,217
2025-05-17,14,4,99
2025-05-17,14,5,59
2025-05-17,15,1,326
2025-05-17,15,2,330
2025-05-17,15,3,373
2025-05-17,15,4,130
2025-05-17,15,5,132
2025-05-17,16,1,195
2025-05-17,16,2,178
2025-05-17,16,3,282
2025-05-17,16,4,103
2025-05-17,16,5,71
2025-05-17,17,1,257
2025-05-17,17,2,216
2025-05-17,17,3,305
2025-05-17,17,4,119
2025-05-17,17,5,105
2025-05-17,18,1,607
2025-05-17,18,2,562
2025-05-17,18,3,689
2025-05-17,18,4,268
2025-05-17,18,5,225
2025-05-17,19,1,292
2025-05-17,19,2,284
2025-05-17,19,3,353
2025-05-17,19,4,129
2025-05-17,19,5,107
2025-05-17,20,1,313
2025-05-17,20,2,263
2025-05-17,20,3,353
2025-05-17,20,4,146
2025-05-17,20,5,111
2025-05-17,21,1,174
2025-05-17,21,2,153
2025-05-17,21,3,177
2025-05-17,21,4,72
2025-05-17,21,5,60
2025-05-17,22,1,330
2025-05-17,22,2,263
2025-05-17,22,3,307
2025-05-17,22,4,145
2025-05-17,22,5,111
2025-05-17,23,1,98
2025-05-17,23,2,84
2025-05-17,23,3,92
2025-05-17,23,4,54
2025-05-17,23,5,18
2025-05-17,24,1,74
2025-05-17,24,2,64
2025-05-17,24,3,80
2025-05-17,24,4,32
2025-05-17,24,5,34
2025-05-17,25,1,230
2025-05-17,25,2,185
2025-05-17,25,3,270
2025-05-17,25,4,114
2025-05-17,25,5,87
2025-05-18,1,1,524
2025-05-18,1,2,437
2025-05-18,1,3,588
2025-05-18,1,4,238
2025-05-18,1,5,150
2025-05-18,2,1,317
2025-05-18,2,2,262
2025-05-18,2,3,321
2025-05-18,2,4,129
2025-05-18,2,5,99
2025-05-18,3,1,147
2025-05-18,3,2,113
2025-05-18,3,3,188
2025-05-18,3,4,68
2025-05-18,3,5,50
2025-05-18,4,1,410
2025-05-18,4,2,369
2025-05-18,4,3,491
2025-05-18,4,4,197
2025-05-18,4,5,166
2025-05-18,5,1,350
2025-05-18,5,2,326
2025-05-18,5,3,373
2025-05-18,5,4,151
2025-05-18,5,5,132
2025-05-18,6,1,208
2025-05-18,6,2,220
2025-05-18,6,3,229
2025-05-18,6,4,104
2025-05-18,6,5,88
2025-05-18,7,1,260
2025-05-18,7,2,242
2025-05-18,7,3,284
2025-05-18,7,4,138
2025-05-18,7,5,117
2025-05-18,8,1,122
2025-05-18,8,2,95
2025-05-18,8,3,136
2025-05-18,8,4,52
2025-05-18,8,5,41
2025-05-18,9,1,286
2025-05-18,9,2,263
2025-05-18,9,3,365
2025-05-18,9,4,137
2025-05-18,9,5,114
2025-05-18,10,1,144
2025-05-18,10,2,118
2025-05-18,10,3,151
2025-05-18,10,4,69
2025-05-18,10,5,65
2025-05-18,11,1,187
2025-05-18,11,2,180
2025-05-18,11,3,253
2025-05-18,11,4,99
2025-05-18,11,5,64
2025-05-18,12,1,258
2025-05-18,12,2,248
2025-05-18,12,3,284
2025-05-18,12,4,115
2025-05-18,12,5,88
2025-05-18,13,1,323
2025-05-18,13,2,254
2025-05-18,13,3,328
2025-05-18,13,4,134
2025-05-18,13,5,114
2025-05-18,14,1,207
2025-05-18,14,2,169
2025-05-18,14,3,211
2025-05-18,14,4,78
2025-05-18,14,5,77
2025-05-18,15,1,304
2025-05-18,15,2,264
2025-05-18,15,3,369
2025-05-18,15,4,158
2025-05-18,15,5,129
2025-05-18,16,1,202
2025-05-18,16,2,155
2025-05-18,16,3,226
2025-05-18,16,4,87
2025-05-18,16,5,69
2025-05-18,17,1,273
2025-05-18,17,2,206
2025-05-18,17,3,286
2025-05-18,17,4,123
2025-05-18,17,5,91
2025-05-18,18,1,600
2025-05-18,18,2,484
2025-05-18,18,3,687
2025-05-18,18,4,294
2025-05-18,18,5,225
2025-05-18,19,1,267
2025-05-18,19,2,231
2025-05-18,19,3,298
2025-05-18,19,4,133
2025-05-18,19,5,123
2025-05-18,20,1,309
2025-05-18,20,2,267
2025-05-18,20,3,308
2025-05-18,20,4,153
2025-05-18,20,5,110
2025-05-18,21,1,174
2025-05-18,21,2,123
2025-05-18,21,3,158
2025-05-18,21,4,85
2025-05-18,21,5,60
2025-05-18,22,1,295
2025-05-18,22,2,263
2025-05-18,22,3,349
2025-05-18,22,4,110
2025-05-18,22,5,107
2025-05-18,23,1,63
2025-05-18,23,2,67
2025-05-18,23,3,85
2025-05-18,23,4,29
2025-05-18,23,5,38
2025-05-18,24,1,59
2025-05-18,24,2,72
2025-05-18,24,3,102
2025-05-18,24,4,25
2025-05-18,24,5,27
2025-05-18,25,1,215
2025-05-18,25,2,180
2025-05-18,25,3,228
2025-05-18,25,4,95
2025-05-18,25,5,89
2025-05-19,1,1,761
2025-05-19,1,2,752
2025-05-19,1,3,847
2025-05-19,1,4,386
2025-05-19,1,5,270
2025-05-19,2,1,500
2025-05-19,2,2,432
2025-05-19,2,3,550
2025-05-19,2,4,214
2025-05-19,2,5,172
2025-05-19,3,1,221
2025-05-19,3,2,231
2025-05-19,3,3,270
2025-05-19,3,4,95
2025-05-19,3,5,79
2025-05-19,4,1,620
2025-05-19,4,2,652
2025-05-19,4,3,742
2025-05-19,4,4,291
2025-05-19,4,5,246
2025-05-19,5,1,544
2025-05-19,5,2,502
2025-05-19,5,3,569
2025-05-19,5,4,242
2025-05-19,5,5,229
2025-05-19,6,1,312
2025-05-19,6,2,304
2025-05-19,6,3,353
2025-05-19,6,4,143
2025-05-19,6,5,104
2025-05-19,7,1,373
2025-05-19,7,2,365
2025-05-19,7,3,479
2025-05-19,7,4,165
2025-05-19,7,5,165
2025-05-19,8,1,202
2025-05-19,8,2,168
2025-05-19,8,3,202
2025-05-19,8,4,81
2025-05-19,8,5,69
2025-05-19,9,1,455
2025-05-19,9,2,459
2025-05-19,9,3,529
2025-05-19,9,4,196
2025-05-19,9,5,181
2025-05-19,10,1,221
2025-05-19,10,2,227
2025-05-19,10,3,285
2025-05-19,10,4,110
2025-05-19,10,5,87
2025-05-19,11,1,349
2025-05-19,11,2,286
2025-05-19,11,3,388
2025-05-19,11,4,130
2025-05-19,11,5,112
2025-05-19,12,1,389
2025-05-19,12,2,348
2025-05-19,12,3,412
2025-05-19,12,4,158
2025-05-19,12,5,115
2025-05-19,13,1,447
2025-05-19,13,2,463
2025-05-19,13,3,512
2025-05-19,13,4,200
2025-05-19,13,5,157
2025-05-19,14,1,305
2025-05-19,14,2,294
2025-05-19,14,3,325
2025-05-19,14,4,135
2025-05-19,14,5,113
2025-05-19,15,1,521
2025-05-19,15,2,524
2025-05-19,15,3,569
2025-05-19,15,4,231
2025-05-19,15,5,172
2025-05-19,16,1,302
2025-05-19,16,2,282
2025-05-19,16,3,359
2025-05-19,16,4,136
2025-05-19,16,5,107
2025-05-19,17,1,367
2025-05-19,17,2,388
2025-05-19,17,3,414
2025-05-19,17,4,181
2025-05-19,17,5,134
2025-05-19,18,1,873
2025-05-19,18,2,890
2025-05-19,18,3,1005
2025-05-19,18,4,375
2025-05-19,18,5,356
2025-05-19,19,1,436
2025-05-19,19,2,439
2025-05-19,19,3,473
2025-05-19,19,4,208
2025-05-19,19,5,164
2025-05-19,20,1,477
2025-05-19,20,2,399
2025-05-19,20,3,487
2025-05-19,20,4,213
2025-05-19,20,5,162
2025-05-19,21,1,222
2025-05-19,21,2,181
2025-05-19,21,3,277
2025-05-19,21,4,104
2025-05-19,21,5,77
2025-05-19,22,1,425
2025-05-19,22,2,425
2025-05-19,22,3,495
2025-05-19,22,4,197
2025-05-19,22,5,151
2025-05-19,23,1,127
2025-05-19,23,2,115
2025-05-19,23,3,143
2025-05-19,23,4,57
2025-05-19,23,5,44
2025-05-19,24,1,101
2025-05-19,24,2,85
2025-05-19,24,3,121
2025-05-19,24,4,40
2025-05-19,24,5,44
2025-05-19,25,1,321
2025-05-19,25,2,300
2025-05-19,25,3,368
2025-05-19,25,4,127
2025-05-19,25,5,124
2025-05-20,1,1,748
2025-05-20,1,2,740
2025-05-20,1,3,816
2025-05-20,1,4,366
2025-05-20,1,5,280
2025-05-20,2,1,445
2025-05-20,2,2,454
2025-05-20,2,3,446
2025-05-20,2,4,178
2025-05-20,2,5,149
2025-05-20,3,1,215
2025-05-20,3,2,191
2025-05-20,3,3,228
2025-05-20,3,4,102
2025-05-20,3,5,83
2025-05-20,4,1,610
2025-05-20,4,2,582
2025-05-20,4,3,653
2025-05-20,4,4,271
2025-05-20,4,5,245
2025-05-20,5,1,474
2025-05-20,5,2,472
2025-05-20,5,3,555
2025-05-20,5,4,216
2025-05-20,5,5,197
2025-05-20,6,1,311
2025-05-20,6,2,292
2025-05-20,6,3,355
2025-05-20,6,4,151
2025-05-20,6,5,115
2025-05-20,7,1,335
2025-05-20,7,2,369
2025-05-20,7,3,421
2025-05-20,7,4,174
2025-05-20,7,5,139
2025-05-20,8,1,169
2025-05-20,8,2,174
2025-05-20,8,3,203
2025-05-20,8,4,70
2025-05-20,8,5,80
2025-05-20,9,1,453
2025-05-20,9,2,398
2025-05-20,9,3,494
2025-05-20,9,4,208
2025-05-20,9,5,185
2025-05-20,10,1,215
2025-05-20,10,2,217
2025-05-20,10,3,244
2025-05-20,10,4,99
2025-05-20,10,5,82
2025-05-20,11,1,306
2025-05-20,11,2,299
2025-05-20,11,3,352
2025-05-20,11,4,126
2025-05-20,11,5,107
2025-05-20,12,1,359
2025-05-20,12,2,332
2025-05-20,12,3,376
2025-05-20,12,4,173
2025-05-20,12,5,154
2025-05-20,13,1,394
2025-05-20,13,2,418
2025-05-20,13,3,454
2025-05-20,13,4,190
2025-05-20,13,5,164
2025-05-20,14,1,259
2025-05-20,14,2,286
2025-05-20,14,3,313
2025-05-20,14,4,125
2025-05-20,14,5,110
2025-05-20,15,1,482
2025-05-20,15,2,471
2025-05-20,15,3,568
2025-05-20,15,4,201
2025-05-20,15,5,202
2025-05-20,16,1,274
2025-05-20,16,2,291
2025-05-20,16,3,324
2025-05-20,16,4,132
2025-05-20,16,5,112
2025-05-20,17,1,350
2025-05-20,17,2,396
2025-05-20,17,3,429
2025-05-20,17,4,151
2025-05-20,17,5,124
2025-05-20,18,1,817
2025-05-20,18,2,809
2025-05-20,18,3,930
2025-05-20,18,4,362
2025-05-20,18,5,280
2025-05-20,19,1,410
2025-05-20,19,2,351
2025-05-20,19,3,475
2025-05-20,19,4,185
2025-05-20,19,5,166
2025-05-20,20,1,406
2025-05-20,20,2,374
2025-05-20,20,3,498
2025-05-20,20,4,181
2025-05-20,20,5,168
2025-05-20,21,1,240
2025-05-20,21,2,220
2025-05-20,21,3,255
2025-05-20,21,4,94
2025-05-20,21,5,88
2025-05-20,22,1,429
2025-05-20,22,2,400
2025-05-20,22,3,423
2025-05-20,22,4,174
2025-05-20,22,5,155
2025-05-20,23,1,107
2025-05-20,23,2,113
2025-05-20,23,3,135
2025-05-20,23,4,52
2025-05-20,23,5,44
2025-05-20,24,1,92
2025-05-20,24,2,95
2025-05-20,24,3,105
2025-05-20,24,4,45
2025-05-20,24,5,41
2025-05-20,25,1,289
2025-05-20,25,2,332
2025-05-20,25,3,349
2025-05-20,25,4,127
2025-05-20,25,5,117
2025-05-21,1,1,725
2025-05-21,1,2,702
2025-05-21,1,3,803
2025-05-21,1,4,315
2025-05-21,1,5,290
2025-05-21,2,1,444
2025-05-21,2,2,398
2025-05-21,2,3,520
2025-05-21,2,4,199
2025-05-21,2,5,174
2025-05-21,3,1,201
2025-05-21,3,2,225
2025-05-21,3,3,226
2025-05-21,3,4,85
2025-05-21,3,5,58
2025-05-21,4,1,626
2025-05-21,4,2,615
2025-05-21,4,3,678
2025-05-21,4,4,275
2025-05-21,4,5,224
2025-05-21,5,1,498
2025-05-21,5,2,505
2025-05-21,5,3,578
2025-05-21,5,4,203
2025-05-21,5,5,196
2025-05-21,6,1,281
2025-05-21,6,2,285
2025-05-21,6,3,317
2025-05-21,6,4,141
2025-05-21,6,5,105
2025-05-21,7,1,329
2025-05-21,7,2,348
2025-05-21,7,3,422
2025-05-21,7,4,160
2025-05-21,7,5,124
2025-05-21,8,1,140
2025-05-21,8,2,159
2025-05-21,8,3,201
2025-05-21,8,4,74
2025-05-21,8,5,61
2025-05-21,9,1,392
2025-05-21,9,2,419
2025-05-21,9,3,473
2025-05-21,9,4,208
2025-05-21,9,5,155
2025-05-21,10,1,215
2025-05-21,10,2,202
2025-05-21,10,3,224
2025-05-21,10,4,79
2025-05-21,10,5,75
2025-05-21,11,1,296
2025-05-21,11,2,289
2025-05-21,11,3,330
2025-05-21,11,4,152
2025-05-21,11,5,113
2025-05-21,12,1,337
2025-05-21,12,2,357
2025-05-21,12,3,370
2025-05-21,12,4,165
2025-05-21,12,5,143
2025-05-21,13,1,403
2025-05-21,13,2,390
2025-05-21,13,3,456
2025-05-21,13,4,177
2025-05-21,13,5,156
2025-05-21,14,1,273
2025-05-21,14,2,258
2025-05-21,14,3,285
2025-05-21,14,4,105
2025-05-21,14,5,80
2025-05-21,15,1,416
2025-05-21,15,2,438
2025-05-21,15,3,525
2025-05-21,15,4,200
2025-05-21,15,5,159
2025-05-21,16,1,278
2025-05-21,16,2,267
2025-05-21,16,3,303
2025-05-21,16,4,110
2025-05-21,16,5,94
2025-05-21,17,1,344
2025-05-21,17,2,323
2025-05-21,17,3,413
2025-05-21,17,4,149
2025-05-21,17,5,145
2025-05-21,18,1,822
2025-05-21,18,2,780
2025-05-21,18,3,903
2025-05-21,18,4,364
2025-05-21,18,5,273
2025-05-21,19,1,389
2025-05-21,19,2,410
2025-05-21,19,3,396
2025-05-21,19,4,186
2025-05-21,19,5,132
2025-05-21,20,1,392
2025-05-21,20,2,396
2025-05-21,20,3,475
2025-05-21,20,4,193
2025-05-21,20,5,165
2025-05-21,21,1,205
2025-05-21,21,2,206
2025-05-21,21,3,247
2025-05-21,21,4,98
2025-05-21,21,5,75
2025-05-21,22,1,387
2025-05-21,22,2,344
2025-05-21,22,3,397
2025-05-21,22,4,181
2025-05-21,22,5,152
2025-05-21,23,1,108
2025-05-21,23,2,101
2025-05-21,23,3,106
2025-05-21,23,4,50
2025-05-21,23,5,35
2025-05-21,24,1,89
2025-05-21,24,2,97
2025-05-21,24,3,93
2025-05-21,24,4,42
2025-05-21,24,5,27
2025-05-21,25,1,305
2025-05-21,25,2,254
2025-05-21,25,3,302
2025-05-21,25,4,132
2025-05-21,25,5,98
2025-05-22,1,1,662
2025-05-22,1,2,576
2025-05-22,1,3,756
2025-05-22,1,4,296
2025-05-22,1,5,278
2025-05-22,2,1,387
2025-05-22,2,2,365
2025-05-22,2,3,448
2025-05-22,2,4,206
2025-05-22,2,5,166
2025-05-22,3,1,176
2025-05-22,3,2,188
2025-05-22,3,3,216
2025-05-22,3,4,104
2025-05-22,3,5,72
2025-05-22,4,1,565
2025-05-22,4,2,509
2025-05-22,4,3,611
2025-05-22,4,4,257
2025-05-22,4,5,213
2025-05-22,5,1,419
2025-05-22,5,2,391
2025-05-22,5,3,551
2025-05-22,5,4,223
2025-05-22,5,5,194
2025-05-22,6,1,295
2025-05-22,6,2,228
2025-05-22,6,3,301
2025-05-22,6,4,150
2025-05-22,6,5,100
2025-05-22,7,1,309
2025-05-22,7,2,287
2025-05-22,7,3,372
2025-05-22,7,4,163
2025-05-22,7,5,114
2025-05-22,8,1,157
2025-05-22,8,2,130
2025-05-22,8,3,159
2025-05-22,8,4,80
2025-05-22,8,5,45
2025-05-22,9,1,407
2025-05-22,9,2,366
2025-05-22,9,3,476
2025-05-22,9,4,165
2025-05-22,9,5,132
2025-05-22,10,1,167
2025-05-22,10,2,188
2025-05-22,10,3,214
2025-05-22,10,4,91
2025-05-22,10,5,63
2025-05-22,11,1,279
2025-05-22,11,2,231
2025-05-22,11,3,295
2025-05-22,11,4,104
2025-05-22,11,5,107
2025-05-22,12,1,331
2025-05-22,12,2,243
2025-05-22,12,3,361
2025-05-22,12,4,152
2025-05-22,12,5,114
2025-05-22,13,1,363
2025-05-22,13,2,323
2025-05-22,13,3,414
2025-05-22,13,4,176
2025-05-22,13,5,130
2025-05-22,14,1,224
2025-05-22,14,2,234
2025-05-22,14,3,260
2025-05-22,14,4,111
2025-05-22,14,5,88
2025-05-22,15,1,415
2025-05-22,15,2,369
2025-05-22,15,3,467
2025-05-22,15,4,186
2025-05-22,15,5,133
2025-05-22,16,1,241
2025-05-22,16,2,212
2025-05-22,16,3,282
2025-05-22,16,4,110
2025-05-22,16,5,95
2025-05-22,17,1,345
2025-05-22,17,2,317
2025-05-22,17,3,348
2025-05-22,17,4,130
2025-05-22,17,5,117
2025-05-22,18,1,736
2025-05-22,18,2,666
2025-05-22,18,3,846
2025-05-22,18,4,366
2025-05-22,18,5,305
2025-05-22,19,1,337
2025-05-22,19,2,293
2025-05-22,19,3,409
2025-05-22,19,4,157
2025-05-22,19,5,116
2025-05-22,20,1,366
2025-05-22,20,2,341
2025-05-22,20,3,396
2025-05-22,20,4,152
2025-05-22,20,5,158
2025-05-22,21,1,197
2025-05-22,21,2,194
2025-05-22,21,3,221
2025-05-22,21,4,72
2025-05-22,21,5,73
2025-05-22,22,1,381
2025-05-22,22,2,318
2025-05-22,22,3,411
2025-05-22,22,4,170
2025-05-22,22,5,121
2025-05-22,23,1,121
2025-05-22,23,2,91
2025-05-22,23,3,109
2025-05-22,23,4,37
2025-05-22,23,5,49
2025-05-22,24,1,83
2025-05-22,24,2,69
2025-05-22,24,3,101
2025-05-22,24,4,49
2025-05-22,24,5,34
2025-05-22,25,1,259
2025-05-22,25,2,242
2025-05-22,25,3,277
2025-05-22,25,4,121
2025-05-22,25,5,87
2025-05-23,1,1,665
2025-05-23,1,2,655
2025-05-23,1,3,764
2025-05-23,1,4,331
2025-05-23,1,5,270
2025-05-23,2,1,419
2025-05-23,2,2,330
2025-05-23,2,3,442
2025-05-23,2,4,188
2025-05-23,2,5,138
2025-05-23,3,1,197
2025-05-23,3,2,173
2025-05-23,3,3,254
2025-05-23,3,4,105
2025-05-23,3,5,78
2025-05-23,4,1,608
2025-05-23,4,2,500
2025-05-23,4,3,647
2025-05-23,4,4,255
2025-05-23,4,5,240
2025-05-23,5,1,479
2025-05-23,5,2,431
2025-05-23,5,3,538
2025-05-23,5,4,218
2025-05-23,5,5,206
2025-05-23,6,1,280
2025-05-23,6,2,262
2025-05-23,6,3,340
2025-05-23,6,4,130
2025-05-23,6,5,125
2025-05-23,7,1,332
2025-05-23,7,2,324
2025-05-23,7,3,361
2025-05-23,7,4,150
2025-05-23,7,5,120
2025-05-23,8,1,157
2025-05-23,8,2,164
2025-05-23,8,3,174
2025-05-23,8,4,69
2025-05-23,8,5,46
2025-05-23,9,1,441
2025-05-23,9,2,383
2025-05-23,9,3,445
2025-05-23,9,4,190
2025-05-23,9,5,141
2025-05-23,10,1,209
2025-05-23,10,2,192
2025-05-23,10,3,217
2025-05-23,10,4,107
2025-05-23,10,5,60
2025-05-23,11,1,284
2025-05-23,11,2,249
2025-05-23,11,3,337
2025-05-23,11,4,138
2025-05-23,11,5,101
2025-05-23,12,1,363
2025-05-23,12,2,304
2025-05-23,12,3,384
2025-05-23,12,4,148
2025-05-23,12,5,116
2025-05-23,13,1,403
2025-05-23,13,2,338
2025-05-23,13,3,486
2025-05-23,13,4,193
2025-05-23,13,5,161
2025-05-23,14,1,268
2025-05-23,14,2,210
2025-05-23,14,3,275
2025-05-23,14,4,99
2025-05-23,14,5,93
2025-05-23,15,1,442
2025-05-23,15,2,374
2025-05-23,15,3,469
2025-05-23,15,4,177
2025-05-23,15,5,156
2025-05-23,16,1,258
2025-05-23,16,2,257
2025-05-23,16,3,292
2025-05-23,16,4,107
2025-05-23,16,5,98
2025-05-23,17,1,346
2025-05-23,17,2,310
2025-05-23,17,3,396
2025-05-23,17,4,124
2025-05-23,17,5,132
2025-05-23,18,1,758
2025-05-23,18,2,662
2025-05-23,18,3,880
2025-05-23,18,4,335
2025-05-23,18,5,309
2025-05-23,19,1,389
2025-05-23,19,2,325
2025-05-23,19,3,411
2025-05-23,19,4,169
2025-05-23,19,5,134
2025-05-23,20,1,401
2025-05-23,20,2,312
2025-05-23,20,3,438
2025-05-23,20,4,194
2025-05-23,20,5,144
2025-05-23,21,1,205
2025-05-23,21,2,174
2025-05-23,21,3,237
2025-05-23,21,4,98
2025-05-23,21,5,76
2025-05-23,22,1,338
2025-05-23,22,2,336
2025-05-23,22,3,382
2025-05-23,22,4,177
2025-05-23,22,5,148
2025-05-23,23,1,82
2025-05-23,23,2,91
2025-05-23,23,3,127
2025-05-23,23,4,41
2025-05-23,23,5,49
2025-05-23,24,1,99
2025-05-23,24,2,81
2025-05-23,24,3,105
2025-05-23,24,4,40
2025-05-23,24,5,47
2025-05-23,25,1,259
2025-05-23,25,2,258
2025-05-23,25,3,304
2025-05-23,25,4,140
2025-05-23,25,5,118
2025-05-24,1,1,562
2025-05-24,1,2,471
2025-05-24,1,3,624
2025-05-24,1,4,253
2025-05-24,1,5,205
2025-05-24,2,1,326
2025-05-24,2,2,279
2025-05-24,2,3,366
2025-05-24,2,4,162
2025-05-24,2,5,111
2025-05-24,3,1,160
2025-05-24,3,2,134
2025-05-24,3,3,179
2025-05-24,3,4,77
2025-05-24,3,5,46
2025-05-24,4,1,477
2025-05-24,4,2,387
2025-05-24,4,3,476
2025-05-24,4,4,220
2025-05-24,4,5,171
2025-05-24,5,1,413
2025-05-24,5,2,323
2025-05-24,5,3,421
2025-05-24,5,4,162
2025-05-24,5,5,129
2025-05-24,6,1,219
2025-05-24,6,2,239
2025-05-24,6,3,251
2025-05-24,6,4,114
2025-05-24,6,5,69
2025-05-24,7,1,266
2025-05-24,7,2,232
2025-05-24,7,3,326
2025-05-24,7,4,125
2025-05-24,7,5,93
2025-05-24,8,1,116
2025-05-24,8,2,115
2025-05-24,8,3,162
2025-05-24,8,4,64
2025-05-24,8,5,67
2025-05-24,9,1,310
2025-05-24,9,2,323
2025-05-24,9,3,330
2025-05-24,9,4,148
2025-05-24,9,5,125
2025-05-24,10,1,161
2025-05-24,10,2,161
2025-05-24,10,3,182
2025-05-24,10,4,71
2025-05-24,10,5,58
2025-05-24,11,1,221
2025-05-24,11,2,196
2025-05-24,11,3,231
2025-05-24,11,4,108
2025-05-24,11,5,88
2025-05-24,12,1,243
2025-05-24,12,2,232
2025-05-24,12,3,284
2025-05-24,12,4,115
2025-05-24,12,5,97
2025-05-24,13,1,306
2025-05-24,13,2,269
2025-05-24,13,3,325
2025-05-24,13,4,133
2025-05-24,13,5,116
2025-05-24,14,1,174
2025-05-24,14,2,171
2025-05-24,14,3,209
2025-05-24,14,4,77
2025-05-24,14,5,64
2025-05-24,15,1,314
2025-05-24,15,2,291
2025-05-24,15,3,401
2025-05-24,15,4,176
2025-05-24,15,5,152
2025-05-24,16,1,221
2025-05-24,16,2,181
2025-05-24,16,3,267
2025-05-24,16,4,90
2025-05-24,16,5,88
2025-05-24,17,1,250
2025-05-24,17,2,241
2025-05-24,17,3,312
2025-05-24,17,4,117
2025-05-24,17,5,107
2025-05-24,18,1,616
2025-05-24,18,2,535
2025-05-24,18,3,703
2025-05-24,18,4,272
2025-05-24,18,5,266
2025-05-24,19,1,290
2025-05-24,19,2,226
2025-05-24,19,3,333
2025-05-24,19,4,128
2025-05-24,19,5,127
2025-05-24,20,1,272
2025-05-24,20,2,258
2025-05-24,20,3,363
2025-05-24,20,4,162
2025-05-24,20,5,126
2025-05-24,21,1,155
2025-05-24,21,2,151
2025-05-24,21,3,177
2025-05-24,21,4,81
2025-05-24,21,5,60
2025-05-24,22,1,291
2025-05-24,22,2,241
2025-05-24,22,3,313
2025-05-24,22,4,153
2025-05-24,22,5,107
2025-05-24,23,1,70
2025-05-24,23,2,71
2025-05-24,23,3,95
2025-05-24,23,4,48
2025-05-24,23,5,33
2025-05-24,24,1,76
2025-05-24,24,2,51
2025-05-24,24,3,81
2025-05-24,24,4,22
2025-05-24,24,5,28
2025-05-24,25,1,219
2025-05-24,25,2,190
2025-05-24,25,3,238
2025-05-24,25,4,103
2025-05-24,25,5,79
2025-05-25,1,1,520
2025-05-25,1,2,436
2025-05-25,1,3,585
2025-05-25,1,4,228
2025-05-25,1,5,204
2025-05-25,2,1,328
2025-05-25,2,2,257
2025-05-25,2,3,331
2025-05-25,2,4,143
2025-05-25,2,5,137
2025-05-25,3,1,147
2025-05-25,3,2,112
2025-05-25,3,3,166
2025-05-25,3,4,68
2025-05-25,3,5,67
2025-05-25,4,1,417
2025-05-25,4,2,356
2025-05-25,4,3,498
2025-05-25,4,4,215
2025-05-25,4,5,166
2025-05-25,5,1,379
2025-05-25,5,2,314
2025-05-25,5,3,393
2025-05-25,5,4,146
2025-05-25,5,5,134
2025-05-25,6,1,220
2025-05-25,6,2,196
2025-05-25,6,3,229
2025-05-25,6,4,121
2025-05-25,6,5,83
2025-05-25,7,1,261
2025-05-25,7,2,221
2025-05-25,7,3,291
2025-05-25,7,4,114
2025-05-25,7,5,85
2025-05-25,8,1,107
2025-05-25,8,2,111
2025-05-25,8,3,158
2025-05-25,8,4,55
2025-05-25,8,5,51
2025-05-25,9,1,312
2025-05-25,9,2,254
2025-05-25,9,3,333
2025-05-25,9,4,162
2025-05-25,9,5,94
2025-05-25,10,1,167
2025-05-25,10,2,132
2025-05-25,10,3,169
2025-05-25,10,4,78
2025-05-25,10,5,44
2025-05-25,11,1,223
2025-05-25,11,2,197
2025-05-25,11,3,203
2025-05-25,11,4,103
2025-05-25,11,5,77
2025-05-25,12,1,255
2025-05-25,12,2,208
2025-05-25,12,3,300
2025-05-25,12,4,116
2025-05-25,12,5,94
2025-05-25,13,1,283
2025-05-25,13,2,278
2025-05-25,13,3,347
2025-05-25,13,4,125
2025-05-25,13,5,109
2025-05-25,14,1,168
2025-05-25,14,2,185
2025-05-25,14,3,225
2025-05-25,14,4,87
2025-05-25,14,5,64
2025-05-25,15,1,315
2025-05-25,15,2,262
2025-05-25,15,3,351
2025-05-25,15,4,139
2025-05-25,15,5,121
2025-05-25,16,1,194
2025-05-25,16,2,178
2025-05-25,16,3,225
2025-05-25,16,4,84
2025-05-25,16,5,81
2025-05-25,17,1,259
2025-05-25,17,2,220
2025-05-25,17,3,330
2025-05-25,17,4,132
2025-05-25,17,5,90
2025-05-25,18,1,570
2025-05-25,18,2,495
2025-05-25,18,3,669
2025-05-25,18,4,270
2025-05-25,18,5,212
2025-05-25,19,1,306
2025-05-25,19,2,235
2025-05-25,19,3,286
2025-05-25,19,4,125
2025-05-25,19,5,101
2025-05-25,20,1,272
2025-05-25,20,2,246
2025-05-25,20,3,330
2025-05-25,20,4,150
2025-05-25,20,5,92
2025-05-25,21,1,137
2025-05-25,21,2,139
2025-05-25,21,3,172
2025-05-25,21,4,65
2025-05-25,21,5,51
2025-05-25,22,1,247
2025-05-25,22,2,238
2025-05-25,22,3,316
2025-05-25,22,4,123
2025-05-25,22,5,95
2025-05-25,23,1,79
2025-05-25,23,2,66
2025-05-25,23,3,98
2025-05-25,23,4,37
2025-05-25,23,5,28
2025-05-25,24,1,71
2025-05-25,24,2,49
2025-05-25,24,3,83
2025-05-25,24,4,37
2025-05-25,24,5,20
2025-05-25,25,1,198
2025-05-25,25,2,202
2025-05-25,25,3,238
2025-05-25,25,4,98
2025-05-25,25,5,69
2025-05-26,1,1,786
2025-05-26,1,2,774
2025-05-26,1,3,925
2025-05-26,1,4,364
2025-05-26,1,5,281
2025-05-26,2,1,487
2025-05-26,2,2,472
2025-05-26,2,3,579
2025-05-26,2,4,236
2025-05-26,2,5,181
2025-05-26,3,1,230
2025-05-26,3,2,217
2025-05-26,3,3,263
2025-05-26,3,4,107
2025-05-26,3,5,93
2025-05-26,4,1,661
2025-05-26,4,2,619
2025-05-26,4,3,783
2025-05-26,4,4,295
2025-05-26,4,5,236
2025-05-26,5,1,569
2025-05-26,5,2,544
2025-05-26,5,3,600
2025-05-26,5,4,232
2025-05-26,5,5,188
2025-05-26,6,1,346
2025-05-26,6,2,327
2025-05-26,6,3,389
2025-05-26,6,4,134
2025-05-26,6,5,130
2025-05-26,7,1,367
2025-05-26,7,2,379
2025-05-26,7,3,404
2025-05-26,7,4,163
2025-05-26,7,5,118
2025-05-26,8,1,192
2025-05-26,8,2,191
2025-05-26,8,3,196
2025-05-26,8,4,73
2025-05-26,8,5,67
2025-05-26,9,1,486
2025-05-26,9,2,456
2025-05-26,9,3,523
2025-05-26,9,4,218
2025-05-26,9,5,189
2025-05-26,10,1,232
2025-05-26,10,2,195
2025-05-26,10,3,264
2025-05-26,10,4,101
2025-05-26,10,5,100
2025-05-26,11,1,322
2025-05-26,11,2,303
2025-05-26,11,3,360
2025-05-26,11,4,137
2025-05-26,11,5,133
2025-05-26,12,1,346
2025-05-26,12,2,351
2025-05-26,12,3,419
2025-05-26,12,4,194
2025-05-26,12,5,169
2025-05-26,13,1,424
2025-05-26,13,2,469
2025-05-26,13,3,488
2025-05-26,13,4,239
2025-05-26,13,5,164
2025-05-26,14,1,276
2025-05-26,14,2,248
2025-05-26,14,3,341
2025-05-26,14,4,135
2025-05-26,14,5,111
2025-05-26,15,1,499
2025-05-26,15,2,511
2025-05-26,15,3,570
2025-05-26,15,4,196
2025-05-26,15,5,216
2025-05-26,16,1,326
2025-05-26,16,2,309
2025-05-26,16,3,346
2025-05-26,16,4,128
2025-05-26,16,5,112
2025-05-26,17,1,385
2025-05-26,17,2,386
2025-05-26,17,3,426
2025-05-26,17,4,190
2025-05-26,17,5,142
2025-05-26,18,1,848
2025-05-26,18,2,846
2025-05-26,18,3,996
2025-05-26,18,4,428
2025-05-26,18,5,353
2025-05-26,19,1,419
2025-05-26,19,2,405
2025-05-26,19,3,495
2025-05-26,19,4,152
2025-05-26,19,5,165
2025-05-26,20,1,452
2025-05-26,20,2,421
2025-05-26,20,3,505
2025-05-26,20,4,196
2025-05-26,20,5,169
2025-05-26,21,1,237
2025-05-26,21,2,199
2025-05-26,21,3,267
2025-05-26,21,4,121
2025-05-26,21,5,84
2025-05-26,22,1,433
2025-05-26,22,2,409
2025-05-26,22,3,496
2025-05-26,22,4,192
2025-05-26,22,5,159
2025-05-26,23,1,126
2025-05-26,23,2,112
2025-05-26,23,3,122
2025-05-26,23,4,64
2025-05-26,23,5,51
2025-05-26,24,1,104
2025-05-26,24,2,96
2025-05-26,24,3,120
2025-05-26,24,4,63
2025-05-26,24,5,50
2025-05-26,25,1,278
2025-05-26,25,2,314
2025-05-26,25,3,345
2025-05-26,25,4,150
2025-05-26,25,5,107
2025-05-27,1,1,723
2025-05-27,1,2,723
2025-05-27,1,3,855
2025-05-27,1,4,324
2025-05-27,1,5,286
2025-05-27,2,1,471
2025-05-27,2,2,439
2025-05-27,2,3,516
2025-05-27,2,4,233
2025-05-27,2,5,173
2025-05-27,3,1,203
2025-05-27,3,2,215
2025-05-27,3,3,227
2025-05-27,3,4,88
2025-05-27,3,5,73
2025-05-27,4,1,622
2025-05-27,4,2,577
2025-05-27,4,3,691
2025-05-27,4,4,281
2025-05-27,4,5,206
2025-05-27,5,1,489
2025-05-27,5,2,468
2025-05-27,5,3,560
2025-05-27,5,4,233
2025-05-27,5,5,188
2025-05-27,6,1,325
2025-05-27,6,2,308
2025-05-27,6,3,317
2025-05-27,6,4,140
2025-05-27,6,5,121
2025-05-27,7,1,388
2025-05-27,7,2,387
2025-05-27,7,3,369
2025-05-27,7,4,155
2025-05-27,7,5,148
2025-05-27,8,1,180
2025-05-27,8,2,170
2025-05-27,8,3,193
2025-05-27,8,4,83
2025-05-27,8,5,54
2025-05-27,9,1,402
2025-05-27,9,2,415
2025-05-27,9,3,508
2025-05-27,9,4,195
2025-05-27,9,5,146
2025-05-27,10,1,239
2025-05-27,10,2,216
2025-05-27,10,3,228
2025-05-27,10,4,108
2025-05-27,10,5,81
2025-05-27,11,1,292
2025-05-27,11,2,275
2025-05-27,11,3,317
2025-05-27,11,4,125
2025-05-27,11,5,111
2025-05-27,12,1,363
2025-05-27,12,2,338
2025-05-27,12,3,435
2025-05-27,12,4,162
2025-05-27,12,5,131
2025-05-27,13,1,455
2025-05-27,13,2,425
2025-05-27,13,3,489
2025-05-27,13,4,176
2025-05-27,13,5,153
2025-05-27,14,1,266
2025-05-27,14,2,279
2025-05-27,14,3,301
2025-05-27,14,4,128
2025-05-27,14,5,100
2025-05-27,15,1,500
2025-05-27,15,2,416
2025-05-27,15,3,513
2025-05-27,15,4,214
2025-05-27,15,5,175
2025-05-27,16,1,287
2025-05-27,16,2,301
2025-05-27,16,3,323
2025-05-27,16,4,116
2025-05-27,16,5,85
2025-05-27,17,1,355
2025-05-27,17,2,375
2025-05-27,17,3,436
2025-05-27,17,4,176
2025-05-27,17,5,127
2025-05-27,18,1,823
2025-05-27,18,2,821
2025-05-27,18,3,911
2025-05-27,18,4,359
2025-05-27,18,5,319
2025-05-27,19,1,381
2025-05-27,19,2,401
2025-05-27,19,3,424
2025-05-27,19,4,185
2025-05-27,19,5,138
2025-05-27,20,1,390
2025-05-27,20,2,399
2025-05-27,20,3,465
2025-05-27,20,4,179
2025-05-27,20,5,165
2025-05-27,21,1,232
2025-05-27,21,2,224
2025-05-27,21,3,247
2025-05-27,21,4,79
2025-05-27,21,5,76
2025-05-27,22,1,414
2025-05-27,22,2,394
2025-05-27,22,3,409
2025-05-27,22,4,172
2025-05-27,22,5,138
2025-05-27,23,1,100
2025-05-27,23,2,110
2025-05-27,23,3,133
2025-05-27,23,4,49
2025-05-27,23,5,48
2025-05-27,24,1,102
2025-05-27,24,2,118
2025-05-27,24,3,104
2025-05-27,24,4,43
2025-05-27,24,5,25
2025-05-27,25,1,306
2025-05-27,25,2,316
2025-05-27,25,3,349
2025-05-27,25,4,132
2025-05-27,25,5,100
2025-05-28,1,1,670
2025-05-28,1,2,650
2025-05-28,1,3,767
2025-05-28,1,4,299
2025-05-28,1,5,258
2025-05-28,2,1,352
2025-05-28,2,2,395
2025-05-28,2,3,471
2025-05-28,2,4,175
2025-05-28,2,5,159
2025-05-28,3,1,207
2025-05-28,3,2,195
2025-05-28,3,3,236
2025-05-28,3,4,80
2025-05-28,3,5,78
2025-05-28,4,1,537
2025-05-28,4,2,552
2025-05-28,4,3,582
2025-05-28,4,4,246
2025-05-28,4,5,193
2025-05-28,5,1,442
2025-05-28,5,2,486
2025-05-28,5,3,495
2025-05-28,5,4,198
2025-05-28,5,5,149
2025-05-28,6,1,248
2025-05-28,6,2,275
2025-05-28,6,3,305
2025-05-28,6,4,143
2025-05-28,6,5,96
2025-05-28,7,1,334
2025-05-28,7,2,345
2025-05-28,7,3,333
2025-05-28,7,4,151
2025-05-28,7,5,128
2025-05-28,8,1,165
2025-05-28,8,2,151
2025-05-28,8,3,172
2025-05-28,8,4,76
2025-05-28,8,5,58
2025-05-28,9,1,372
2025-05-28,9,2,395
2025-05-28,9,3,487
2025-05-28,9,4,200
2025-05-28,9,5,150
2025-05-28,10,1,181
2025-05-28,10,2,215
2025-05-28,10,3,244
2025-05-28,10,4,109
2025-05-28,10,5,77
2025-05-28,11,1,273
2025-05-28,11,2,270
2025-05-28,11,3,314
2025-05-28,11,4,111
2025-05-28,11,5,85
2025-05-28,12,1,306
2025-05-28,12,2,324
2025-05-28,12,3,333
2025-05-28,12,4,164
2025-05-28,12,5,100
2025-05-28,13,1,422
2025-05-28,13,2,409
2025-05-28,13,3,487
2025-05-28,13,4,178
2025-05-28,13,5,149
2025-05-28,14,1,248
2025-05-28,14,2,264
2025-05-28,14,3,274
2025-05-28,14,4,125
2025-05-28,14,5,97
2025-05-28,15,1,436
2025-05-28,15,2,446
2025-05-28,15,3,495
2025-05-28,15,4,198
2025-05-28,15,5,161
2025-05-28,16,1,290
2025-05-28,16,2,259
2025-05-28,16,3,287
2025-05-28,16,4,121
2025-05-28,16,5,103
2025-05-28,17,1,349
2025-05-28,17,2,311
2025-05-28,17,3,403
2025-05-28,17,4,153
2025-05-28,17,5,125
2025-05-28,18,1,786
2025-05-28,18,2,727
2025-05-28,18,3,835
2025-05-28,18,4,343
2025-05-28,18,5,295
2025-05-28,19,1,339
2025-05-28,19,2,350
2025-05-28,19,3,387
2025-05-28,19,4,176
2025-05-28,19,5,112
2025-05-28,20,1,389
2025-05-28,20,2,370
2025-05-28,20,3,405
2025-05-28,20,4,154
2025-05-28,20,5,121
2025-05-28,21,1,184
2025-05-28,21,2,193
2025-05-28,21,3,204
2025-05-28,21,4,77
2025-05-28,21,5,92
2025-05-28,22,1,377
2025-05-28,22,2,342
2025-05-28,22,3,415
2025-05-28,22,4,172
2025-05-28,22,5,124
2025-05-28,23,1,102
2025-05-28,23,2,100
2025-05-28,23,3,116
2025-05-28,23,4,45
2025-05-28,23,5,41
2025-05-28,24,1,76
2025-05-28,24,2,74
2025-05-28,24,3,101
2025-05-28,24,4,45
2025-05-28,24,5,28
2025-05-28,25,1,291
2025-05-28,25,2,248
2025-05-28,25,3,328
2025-05-28,25,4,124
2025-05-28,25,5,88
2025-05-29,1,1,703
2025-05-29,1,2,597
2025-05-29,1,3,787
2025-05-29,1,4,319
2025-05-29,1,5,265
2025-05-29,2,1,387
2025-05-29,2,2,350
2025-05-29,2,3,442
2025-05-29,2,4,191
2025-05-29,2,5,154
2025-05-29,3,1,187
2025-05-29,3,2,169
2025-05-29,3,3,215
2025-05-29,3,4,81
2025-05-29,3,5,61
2025-05-29,4,1,562
2025-05-29,4,2,487
2025-05-29,4,3,618
2025-05-29,4,4,264
2025-05-29,4,5,212
2025-05-29,5,1,429
2025-05-29,5,2,379
2025-05-29,5,3,540
2025-05-29,5,4,229
2025-05-29,5,5,178
2025-05-29,6,1,277
2025-05-29,6,2,241
2025-05-29,6,3,294
2025-05-29,6,4,116
2025-05-29,6,5,106
2025-05-29,7,1,317
2025-05-29,7,2,285
2025-05-29,7,3,368
2025-05-29,7,4,157
2025-05-29,7,5,114
2025-05-29,8,1,158
2025-05-29,8,2,130
2025-05-29,8,3,149
2025-05-29,8,4,73
2025-05-29,8,5,61
2025-05-29,9,1,380
2025-05-29,9,2,340
2025-05-29,9,3,449
2025-05-29,9,4,174
2025-05-29,9,5,142
2025-05-29,10,1,214
2025-05-29,10,2,154
2025-05-29,10,3,201
2025-05-29,10,4,93
2025-05-29,10,5,75
2025-05-29,11,1,264
2025-05-29,11,2,232
2025-05-29,11,3,310
2025-05-29,11,4,121
2025-05-29,11,5,102
2025-05-29,12,1,330
2025-05-29,12,2,257
2025-05-29,12,3,351
2025-05-29,12,4,129
2025-05-29,12,5,108
2025-05-29,13,1,377
2025-05-29,13,2,302
2025-05-29,13,3,431
2025-05-29,13,4,165
2025-05-29,13,5,147
2025-05-29,14,1,261
2025-05-29,14,2,194
2025-05-29,14,3,281
2025-05-29,14,4,124
2025-05-29,14,5,92
2025-05-29,15,1,399
2025-05-29,15,2,354
2025-05-29,15,3,465
2025-05-29,15,4,207
2025-05-29,15,5,138
2025-05-29,16,1,261
2025-05-29,16,2,247
2025-05-29,16,3,310
2025-05-29,16,4,123
2025-05-29,16,5,98
2025-05-29,17,1,321
2025-05-29,17,2,302
2025-05-29,17,3,339
2025-05-29,17,4,135
2025-05-29,17,5,119
2025-05-29,18,1,746
2025-05-29,18,2,647
2025-05-29,18,3,868
2025-05-29,18,4,334
2025-05-29,18,5,282
2025-05-29,19,1,350
2025-05-29,19,2,323
2025-05-29,19,3,435
2025-05-29,19,4,176
2025-05-29,19,5,130
2025-05-29,20,1,379
2025-05-29,20,2,330
2025-05-29,20,3,427
2025-05-29,20,4,208
2025-05-29,20,5,139
2025-05-29,21,1,194
2025-05-29,21,2,177
2025-05-29,21,3,225
2025-05-29,21,4,73
2025-05-29,21,5,77
2025-05-29,22,1,343
2025-05-29,22,2,303
2025-05-29,22,3,382
2025-05-29,22,4,179
2025-05-29,22,5,134
2025-05-29,23,1,87
2025-05-29,23,2,84
2025-05-29,23,3,110
2025-05-29,23,4,40
2025-05-29,23,5,38
2025-05-29,24,1,75
2025-05-29,24,2,85
2025-05-29,24,3,101
2025-05-29,24,4,34
2025-05-29,24,5,36
2025-05-29,25,1,283
2025-05-29,25,2,246
2025-05-29,25,3,299
2025-05-29,25,4,96
2025-05-29,25,5,95
2025-05-30,1,1,693
2025-05-30,1,2,628
2025-05-30,1,3,811
2025-05-30,1,4,346
2025-05-30,1,5,269
2025-05-30,2,1,398
2025-05-30,2,2,361
2025-05-30,2,3,477
2025-05-30,2,4,181
2025-05-30,2,5,157
2025-05-30,3,1,187
2025-05-30,3,2,167
2025-05-30,3,3,207
2025-05-30,3,4,91
2025-05-30,3,5,74
2025-05-30,4,1,495
2025-05-30,4,2,543
2025-05-30,4,3,601
2025-05-30,4,4,278
2025-05-30,4,5,199
2025-05-30,5,1,515
2025-05-30,5,2,372
2025-05-30,5,3,525
2025-05-30,5,4,221
2025-05-30,5,5,187
2025-05-30,6,1,268
2025-05-30,6,2,248
2025-05-30,6,3,351
2025-05-30,6,4,131
2025-05-30,6,5,113
2025-05-30,7,1,332
2025-05-30,7,2,295
2025-05-30,7,3,364
2025-05-30,7,4,138
2025-05-30,7,5,140
2025-05-30,8,1,161
2025-05-30,8,2,153
2025-05-30,8,3,169
2025-05-30,8,4,73
2025-05-30,8,5,50
2025-05-30,9,1,411
2025-05-30,9,2,365
2025-05-30,9,3,494
2025-05-30,9,4,196
2025-05-30,9,5,151
2025-05-30,10,1,203
2025-05-30,10,2,158
2025-05-30,10,3,196
2025-05-30,10,4,83
2025-05-30,10,5,76
2025-05-30,11,1,289
2025-05-30,11,2,245
2025-05-30,11,3,347
2025-05-30,11,4,140
2025-05-30,11,5,106
2025-05-30,12,1,332
2025-05-30,12,2,280
2025-05-30,12,3,382
2025-05-30,12,4,150
2025-05-30,12,5,103
2025-05-30,13,1,420
2025-05-30,13,2,356
2025-05-30,13,3,457
2025-05-30,13,4,169
2025-05-30,13,5,126
2025-05-30,14,1,278
2025-05-30,14,2,220
2025-05-30,14,3,256
2025-05-30,14,4,118
2025-05-30,14,5,89
2025-05-30,15,1,443
2025-05-30,15,2,409
2025-05-30,15,3,509
2025-05-30,15,4,196
2025-05-30,15,5,174
2025-05-30,16,1,263
2025-05-30,16,2,244
2025-05-30,16,3,306
2025-05-30,16,4,119
2025-05-30,16,5,101
2025-05-30,17,1,355
2025-05-30,17,2,321
2025-05-30,17,3,364
2025-05-30,17,4,144
2025-05-30,17,5,132
2025-05-30,18,1,790
2025-05-30,18,2,687
2025-05-30,18,3,831
2025-05-30,18,4,335
2025-05-30,18,5,286
2025-05-30,19,1,373
2025-05-30,19,2,317
2025-05-30,19,3,416
2025-05-30,19,4,168
2025-05-30,19,5,144
2025-05-30,20,1,416
2025-05-30,20,2,359
2025-05-30,20,3,445
2025-05-30,20,4,182
2025-05-30,20,5,149
2025-05-30,21,1,224
2025-05-30,21,2,156
2025-05-30,21,3,237
2025-05-30,21,4,104
2025-05-30,21,5,85
2025-05-30,22,1,357
2025-05-30,22,2,327
2025-05-30,22,3,433
2025-05-30,22,4,166
2025-05-30,22,5,137
2025-05-30,23,1,92
2025-05-30,23,2,102
2025-05-30,23,3,104
2025-05-30,23,4,48
2025-05-30,23,5,39
2025-05-30,24,1,85
2025-05-30,24,2,80
2025-05-30,24,3,102
2025-05-30,24,4,55
2025-05-30,24,5,44
2025-05-30,25,1,305
2025-05-30,25,2,208
2025-05-30,25,3,317
2025-05-30,25,4,144
2025-05-30,25,5,105
2025-05-31,1,1,526
2025-05-31,1,2,429
2025-05-31,1,3,577
2025-05-31,1,4,244
2025-05-31,1,5,209
2025-05-31,2,1,312
2025-05-31,2,2,307
2025-05-31,2,3,362
2025-05-31,2,4,147
2025-05-31,2,5,120
2025-05-31,3,1,174
2025-05-31,3,2,122
2025-05-31,3,3,194
2025-05-31,3,4,76
2025-05-31,3,5,67
2025-05-31,4,1,447
2025-05-31,4,2,383
2025-05-31,4,3,514
2025-05-31,4,4,226
2025-05-31,4,5,172
2025-05-31,5,1,361
2025-05-31,5,2,323
2025-05-31,5,3,405
2025-05-31,5,4,156
2025-05-31,5,5,133
2025-05-31,6,1,220
2025-05-31,6,2,213
2025-05-31,6,3,234
2025-05-31,6,4,100
2025-05-31,6,5,66
2025-05-31,7,1,302
2025-05-31,7,2,235
2025-05-31,7,3,320
2025-05-31,7,4,122
2025-05-31,7,5,98
2025-05-31,8,1,109
2025-05-31,8,2,105
2025-05-31,8,3,141
2025-05-31,8,4,64
2025-05-31,8,5,34
2025-05-31,9,1,320
2025-05-31,9,2,259
2025-05-31,9,3,349
2025-05-31,9,4,161
2025-05-31,9,5,121
2025-05-31,10,1,166
2025-05-31,10,2,162
2025-05-31,10,3,156
2025-05-31,10,4,74
2025-05-31,10,5,68
2025-05-31,11,1,204
2025-05-31,11,2,182
2025-05-31,11,3,234
2025-05-31,11,4,100
2025-05-31,11,5,89
2025-05-31,12,1,242
2025-05-31,12,2,220
2025-05-31,12,3,311
2025-05-31,12,4,151
2025-05-31,12,5,90
2025-05-31,13,1,309
2025-05-31,13,2,231
2025-05-31,13,3,368
2025-05-31,13,4,121
2025-05-31,13,5,108
2025-05-31,14,1,179
2025-05-31,14,2,175
2025-05-31,14,3,199
2025-05-31,14,4,99
2025-05-31,14,5,78
2025-05-31,15,1,392
2025-05-31,15,2,303
2025-05-31,15,3,404
2025-05-31,15,4,148
2025-05-31,15,5,115
2025-05-31,16,1,203
2025-05-31,16,2,183
2025-05-31,16,3,227
2025-05-31,16,4,102
2025-05-31,16,5,81
2025-05-31,17,1,258
2025-05-31,17,2,253
2025-05-31,17,3,288
2025-05-31,17,4,128
2025-05-31,17,5,104
2025-05-31,18,1,615
2025-05-31,18,2,504
2025-05-31,18,3,624
2025-05-31,18,4,278
2025-05-31,18,5,247
2025-05-31,19,1,288
2025-05-31,19,2,268
2025-05-31,19,3,336
2025-05-31,19,4,132
2025-05-31,19,5,97
2025-05-31,20,1,324
2025-05-31,20,2,282
2025-05-31,20,3,322
2025-05-31,20,4,118
2025-05-31,20,5,125
2025-05-31,21,1,158
2025-05-31,21,2,137
2025-05-31,21,3,175
2025-05-31,21,4,69
2025-05-31,21,5,46
2025-05-31,22,1,296
2025-05-31,22,2,242
2025-05-31,22,3,328
2025-05-31,22,4,139
2025-05-31,22,5,120
2025-05-31,23,1,68
2025-05-31,23,2,63
2025-05-31,23,3,96
2025-05-31,23,4,35
2025-05-31,23,5,29
2025-05-31,24,1,66
2025-05-31,24,2,56
2025-05-31,24,3,88
2025-05-31,24,4,26
2025-05-31,24,5,32
2025-05-31,25,1,224
2025-05-31,25,2,214
2025-05-31,25,3,221
2025-05-31,25,4,117
2025-05-31,25,5,83
2025-06-01,1,1,537
2025-06-01,1,2,448
2025-06-01,1,3,514
2025-06-01,1,4,203
2025-06-01,1,5,176
2025-06-01,2,1,278
2025-06-01,2,2,233
2025-06-01,2,3,343
2025-06-01,2,4,125
2025-06-01,2,5,118
2025-06-01,3,1,140
2025-06-01,3,2,128
2025-06-01,3,3,143
2025-06-01,3,4,63
2025-06-01,3,5,39
2025-06-01,4,1,410
2025-06-01,4,2,356
2025-06-01,4,3,484
2025-06-01,4,4,177
2025-06-01,4,5,154
2025-06-01,5,1,325
2025-06-01,5,2,298
2025-06-01,5,3,375
2025-06-01,5,4,146
2025-06-01,5,5,130
2025-06-01,6,1,193
2025-06-01,6,2,184
2025-06-01,6,3,234
2025-06-01,6,4,84
2025-06-01,6,5,68
2025-06-01,7,1,226
2025-06-01,7,2,209
2025-06-01,7,3,254
2025-06-01,7,4,98
2025-06-01,7,5,88
2025-06-01,8,1,118
2025-06-01,8,2,102
2025-06-01,8,3,118
2025-06-01,8,4,57
2025-06-01,8,5,46
2025-06-01,9,1,270
2025-06-01,9,2,265
2025-06-01,9,3,330
2025-06-01,9,4,140
2025-06-01,9,5,94
2025-06-01,10,1,148
2025-06-01,10,2,131
2025-06-01,10,3,158
2025-06-01,10,4,75
2025-06-01,10,5,59
2025-06-01,11,1,190
2025-06-01,11,2,165
2025-06-01,11,3,214
2025-06-01,11,4,93
2025-06-01,11,5,80
2025-06-01,12,1,233
2025-06-01,12,2,214
2025-06-01,12,3,242
2025-06-01,12,4,101
2025-06-01,12,5,86
2025-06-01,13,1,246
2025-06-01,13,2,237
2025-06-01,13,3,307
2025-06-01,13,4,137
2025-06-01,13,5,118
2025-06-01,14,1,164
2025-06-01,14,2,141
2025-06-01,14,3,181
2025-06-01,14,4,71
2025-06-01,14,5,65
2025-06-01,15,1,304
2025-06-01,15,2,275
2025-06-01,15,3,357
2025-06-01,15,4,138
2025-06-01,15,5,96
2025-06-01,16,1,190
2025-06-01,16,2,171
2025-06-01,16,3,185
2025-06-01,16,4,77
2025-06-01,16,5,68
2025-06-01,17,1,228
2025-06-01,17,2,183
2025-06-01,17,3,292
2025-06-01,17,4,104
2025-06-01,17,5,80
2025-06-01,18,1,515
2025-06-01,18,2,483
2025-06-01,18,3,641
2025-06-01,18,4,235
2025-06-01,18,5,207
2025-06-01,19,1,233
2025-06-01,19,2,233
2025-06-01,19,3,297
2025-06-01,19,4,128
2025-06-01,19,5,85
2025-06-01,20,1,280
2025-06-01,20,2,236
2025-06-01,20,3,292
2025-06-01,20,4,139
2025-06-01,20,5,78
2025-06-01,21,1,163
2025-06-01,21,2,129
2025-06-01,21,3,153
2025-06-01,21,4,68
2025-06-01,21,5,58
2025-06-01,22,1,275
2025-06-01,22,2,241
2025-06-01,22,3,329
2025-06-01,22,4,114
2025-06-01,22,5,89
2025-06-01,23,1,59
2025-06-01,23,2,54
2025-06-01,23,3,80
2025-06-01,23,4,25
2025-06-01,23,5,37
2025-06-01,24,1,67
2025-06-01,24,2,48
2025-06-01,24,3,73
2025-06-01,24,4,34
2025-06-01,24,5,20
2025-06-01,25,1,215
2025-06-01,25,2,185
2025-06-01,25,3,237
2025-06-01,25,4,82
2025-06-01,25,5,65
2025-06-02,1,1,730
2025-06-02,1,2,678
2025-06-02,1,3,736
2025-06-02,1,4,308
2025-06-02,1,5,264
2025-06-02,2,1,419
2025-06-02,2,2,417
2025-06-02,2,3,480
2025-06-02,2,4,175
2025-06-02,2,5,165
2025-06-02,3,1,201
2025-06-02,3,2,199
2025-06-02,3,3,216
2025-06-02,3,4,86
2025-06-02,3,5,82
2025-06-02,4,1,628
2025-06-02,4,2,489
2025-06-02,4,3,637
2025-06-02,4,4,273
2025-06-02,4,5,212
2025-06-02,5,1,504
2025-06-02,5,2,479
2025-06-02,5,3,525
2025-06-02,5,4,219
2025-06-02,5,5,180
2025-06-02,6,1,276
2025-06-02,6,2,312
2025-06-02,6,3,309
2025-06-02,6,4,132
2025-06-02,6,5,117
2025-06-02,7,1,359
2025-06-02,7,2,349
2025-06-02,7,3,382
2025-06-02,7,4,133
2025-06-02,7,5,123
2025-06-02,8,1,161
2025-06-02,8,2,156
2025-06-02,8,3,183
2025-06-02,8,4,67
2025-06-02,8,5,54
2025-06-02,9,1,438
2025-06-02,9,2,395
2025-06-02,9,3,467
2025-06-02,9,4,173
2025-06-02,9,5,176
2025-06-02,10,1,194
2025-06-02,10,2,213
2025-06-02,10,3,209
2025-06-02,10,4,97
2025-06-02,10,5,78
2025-06-02,11,1,278
2025-06-02,11,2,284
2025-06-02,11,3,312
2025-06-02,11,4,135
2025-06-02,11,5,91
2025-06-02,12,1,361
2025-06-02,12,2,348
2025-06-02,12,3,375
2025-06-02,12,4,155
2025-06-02,12,5,107
2025-06-02,13,1,417
2025-06-02,13,2,409
2025-06-02,13,3,463
2025-06-02,13,4,148
2025-06-02,13,5,138
2025-06-02,14,1,258
2025-06-02,14,2,252
2025-06-02,14,3,267
2025-06-02,14,4,99
2025-06-02,14,5,103
2025-06-02,15,1,437
2025-06-02,15,2,381
2025-06-02,15,3,492
2025-06-02,15,4,204
2025-06-02,15,5,166
2025-06-02,16,1,288
2025-06-02,16,2,255
2025-06-02,16,3,307
2025-06-02,16,4,117
2025-06-02,16,5,93
2025-06-02,17,1,332
2025-06-02,17,2,316
2025-06-02,17,3,422
2025-06-02,17,4,162
2025-06-02,17,5,133
2025-06-02,18,1,791
2025-06-02,18,2,742
2025-06-02,18,3,865
2025-06-02,18,4,370
2025-06-02,18,5,284
2025-06-02,19,1,382
2025-06-02,19,2,362
2025-06-02,19,3,420
2025-06-02,19,4,155
2025-06-02,19,5,118
2025-06-02,20,1,405
2025-06-02,20,2,380
2025-06-02,20,3,445
2025-06-02,20,4,200
2025-06-02,20,5,158
2025-06-02,21,1,211
2025-06-02,21,2,190
2025-06-02,21,3,245
2025-06-02,21,4,100
2025-06-02,21,5,73
2025-06-02,22,1,351
2025-06-02,22,2,378
2025-06-02,22,3,443
2025-06-02,22,4,187
2025-06-02,22,5,126
2025-06-02,23,1,104
2025-06-02,23,2,99
2025-06-02,23,3,103
2025-06-02,23,4,39
2025-06-02,23,5,38
2025-06-02,24,1,89
2025-06-02,24,2,94
2025-06-02,24,3,116
2025-06-02,24,4,36
2025-06-02,24,5,38
2025-06-02,25,1,322
2025-06-02,25,2,236
2025-06-02,25,3,328
2025-06-02,25,4,126
2025-06-02,25,5,119
2025-06-03,1,1,632
2025-06-03,1,2,589
2025-06-03,1,3,722
2025-06-03,1,4,284
2025-06-03,1,5,232
2025-06-03,2,1,404
2025-06-03,2,2,364
2025-06-03,2,3,408
2025-06-03,2,4,175
2025-06-03,2,5,139
2025-06-03,3,1,183
2025-06-03,3,2,180
2025-06-03,3,3,227
2025-06-03,3,4,107
2025-06-03,3,5,69
2025-06-03,4,1,536
2025-06-03,4,2,522
2025-06-03,4,3,587
2025-06-03,4,4,272
2025-06-03,4,5,195
2025-06-03,5,1,428
2025-06-03,5,2,417
2025-06-03,5,3,519
2025-06-03,5,4,210
2025-06-03,5,5,169
2025-06-03,6,1,283
2025-06-03,6,2,264
2025-06-03,6,3,291
2025-06-03,6,4,108
2025-06-03,6,5,114
2025-06-03,7,1,317
2025-06-03,7,2,302
2025-06-03,7,3,358
2025-06-03,7,4,141
2025-06-03,7,5,136
2025-06-03,8,1,132
2025-06-03,8,2,149
2025-06-03,8,3,162
2025-06-03,8,4,60
2025-06-03,8,5,57
2025-06-03,9,1,391
2025-06-03,9,2,400
2025-06-03,9,3,445
2025-06-03,9,4,174
2025-06-03,9,5,133
2025-06-03,10,1,175
2025-06-03,10,2,198
2025-06-03,10,3,199
2025-06-03,10,4,78
2025-06-03,10,5,62
2025-06-03,11,1,258
2025-06-03,11,2,268
2025-06-03,11,3,281
2025-06-03,11,4,104
2025-06-03,11,5,92
2025-06-03,12,1,336
2025-06-03,12,2,262
2025-06-03,12,3,367
2025-06-03,12,4,155
2025-06-03,12,5,103
2025-06-03,13,1,348
2025-06-03,13,2,376
2025-06-03,13,3,425
2025-06-03,13,4,145
2025-06-03,13,5,133
2025-06-03,14,1,225
2025-06-03,14,2,197
2025-06-03,14,3,265
2025-06-03,14,4,118
2025-06-03,14,5,94
2025-06-03,15,1,451
2025-06-03,15,2,390
2025-06-03,15,3,501
2025-06-03,15,4,188
2025-06-03,15,5,149
2025-06-03,16,1,248
2025-06-03,16,2,252
2025-06-03,16,3,264
2025-06-03,16,4,111
2025-06-03,16,5,94
2025-06-03,17,1,333
2025-06-03,17,2,333
2025-06-03,17,3,347
2025-06-03,17,4,149
2025-06-03,17,5,127
2025-06-03,18,1,690
2025-06-03,18,2,738
2025-06-03,18,3,824
2025-06-03,18,4,355
2025-06-03,18,5,246
2025-06-03,19,1,318
2025-06-03,19,2,319
2025-06-03,19,3,424
2025-06-03,19,4,167
2025-06-03,19,5,133
2025-06-03,20,1,390
2025-06-03,20,2,364
2025-06-03,20,3,400
2025-06-03,20,4,151
2025-06-03,20,5,144
2025-06-03,21,1,223
2025-06-03,21,2,176
2025-06-03,21,3,199
2025-06-03,21,4,73
2025-06-03,21,5,86
2025-06-03,22,1,326
2025-06-03,22,2,342
2025-06-03,22,3,381
2025-06-03,22,4,156
2025-06-03,22,5,127
2025-06-03,23,1,98
2025-06-03,23,2,101
2025-06-03,23,3,114
2025-06-03,23,4,48
2025-06-03,23,5,36
2025-06-03,24,1,73
2025-06-03,24,2,93
2025-06-03,24,3,92
2025-06-03,24,4,43
2025-06-03,24,5,39
2025-06-03,25,1,257
2025-06-03,25,2,244
2025-06-03,25,3,305
2025-06-03,25,4,138
2025-06-03,25,5,122
2025-06-04,1,1,565
2025-06-04,1,2,599
2025-06-04,1,3,685
2025-06-04,1,4,251
2025-06-04,1,5,208
2025-06-04,2,1,343
2025-06-04,2,2,370
2025-06-04,2,3,400
2025-06-04,2,4,154
2025-06-04,2,5,148
2025-06-04,3,1,162
2025-06-04,3,2,181
2025-06-04,3,3,181
2025-06-04,3,4,83
2025-06-04,3,5,72
2025-06-04,4,1,520
2025-06-04,4,2,462
2025-06-04,4,3,536
2025-06-04,4,4,222
2025-06-04,4,5,178
2025-06-04,5,1,363
2025-06-04,5,2,417
2025-06-04,5,3,435
2025-06-04,5,4,189
2025-06-04,5,5,168
2025-06-04,6,1,262
2025-06-04,6,2,265
2025-06-04,6,3,282
2025-06-04,6,4,129
2025-06-04,6,5,93
2025-06-04,7,1,290
2025-06-04,7,2,299
2025-06-04,7,3,303
2025-06-04,7,4,110
2025-06-04,7,5,109
2025-06-04,8,1,121
2025-06-04,8,2,127
2025-06-04,8,3,159
2025-06-04,8,4,71
2025-06-04,8,5,60
2025-06-04,9,1,338
2025-06-04,9,2,333
2025-06-04,9,3,399
2025-06-04,9,4,164
2025-06-04,9,5,145
2025-06-04,10,1,168
2025-06-04,10,2,182
2025-06-04,10,3,175
2025-06-04,10,4,108
2025-06-04,10,5,76
2025-06-04,11,1,234
2025-06-04,11,2,226
2025-06-04,11,3,259
2025-06-04,11,4,92
2025-06-04,11,5,101
2025-06-04,12,1,268
2025-06-04,12,2,259
2025-06-04,12,3,327
2025-06-04,12,4,114
2025-06-04,12,5,102
2025-06-04,13,1,338
2025-06-04,13,2,291
2025-06-04,13,3,370
2025-06-04,13,4,163
2025-06-04,13,5,136
2025-06-04,14,1,232
2025-06-04,14,2,227
2025-06-04,14,3,241
2025-06-04,14,4,106
2025-06-04,14,5,82
2025-06-04,15,1,392
2025-06-04,15,2,398
2025-06-04,15,3,378
2025-06-04,15,4,148
2025-06-04,15,5,143
2025-06-04,16,1,226
2025-06-04,16,2,251
2025-06-04,16,3,269
2025-06-04,16,4,113
2025-06-04,16,5,83
2025-06-04,17,1,323
2025-06-04,17,2,287
2025-06-04,17,3,287
2025-06-04,17,4,130
2025-06-04,17,5,114
2025-06-04,18,1,694
2025-06-04,18,2,660
2025-06-04,18,3,762
2025-06-04,18,4,319
2025-06-04,18,5,243
2025-06-04,19,1,325
2025-06-04,19,2,290
2025-06-04,19,3,387
2025-06-04,19,4,158
2025-06-04,19,5,90
2025-06-04,20,1,344
2025-06-04,20,2,347
2025-06-04,20,3,399
2025-06-04,20,4,161
2025-06-04,20,5,127
2025-06-04,21,1,158
2025-06-04,21,2,187
2025-06-04,21,3,216
2025-06-04,21,4,75
2025-06-04,21,5,76
2025-06-04,22,1,307
2025-06-04,22,2,304
2025-06-04,22,3,342
2025-06-04,22,4,143
2025-06-04,22,5,119
2025-06-04,23,1,81
2025-06-04,23,2,75
2025-06-04,23,3,112
2025-06-04,23,4,34
2025-06-04,23,5,32
2025-06-04,24,1,94
2025-06-04,24,2,75
2025-06-04,24,3,74
2025-06-04,24,4,29
2025-06-04,24,5,29
2025-06-04,25,1,256
2025-06-04,25,2,257
2025-06-04,25,3,294
2025-06-04,25,4,124
2025-06-04,25,5,97
2025-06-05,1,1,591
2025-06-05,1,2,507
2025-06-05,1,3,632
2025-06-05,1,4,291
2025-06-05,1,5,211
2025-06-05,2,1,367
2025-06-05,2,2,311
2025-06-05,2,3,404
2025-06-05,2,4,161
2025-06-05,2,5,121
2025-06-05,3,1,142
2025-06-05,3,2,167
2025-06-05,3,3,181
2025-06-05,3,4,72
2025-06-05,3,5,50
2025-06-05,4,1,509
2025-06-05,4,2,429
2025-06-05,4,3,537
2025-06-05,4,4,237
2025-06-05,4,5,189
2025-06-05,5,1,394
2025-06-05,5,2,343
2025-06-05,5,3,470
2025-06-05,5,4,181
2025-06-05,5,5,150
2025-06-05,6,1,244
2025-06-05,6,2,205
2025-06-05,6,3,261
2025-06-05,6,4,113
2025-06-05,6,5,85
2025-06-05,7,1,270
2025-06-05,7,2,264
2025-06-05,7,3,336
2025-06-05,7,4,143
2025-06-05,7,5,118
2025-06-05,8,1,144
2025-06-05,8,2,106
2025-06-05,8,3,163
2025-06-05,8,4,53
2025-06-05,8,5,46
2025-06-05,9,1,320
2025-06-05,9,2,297
2025-06-05,9,3,384
2025-06-05,9,4,158
2025-06-05,9,5,142
2025-06-05,10,1,170
2025-06-05,10,2,134
2025-06-05,10,3,183
2025-06-05,10,4,83
2025-06-05,10,5,65
2025-06-05,11,1,224
2025-06-05,11,2,205
2025-06-05,11,3,272
2025-06-05,11,4,109
2025-06-05,11,5,85
2025-06-05,12,1,286
2025-06-05,12,2,250
2025-06-05,12,3,316
2025-06-05,12,4,138
2025-06-05,12,5,102
2025-06-05,13,1,363
2025-06-05,13,2,298
2025-06-05,13,3,357
2025-06-05,13,4,150
2025-06-05,13,5,137
2025-06-05,14,1,224
2025-06-05,14,2,221
2025-06-05,14,3,241
2025-06-05,14,4,96
2025-06-05,14,5,86
2025-06-05,15,1,365
2025-06-05,15,2,316
2025-06-05,15,3,392
2025-06-05,15,4,162
2025-06-05,15,5,151
2025-06-05,16,1,215
2025-06-05,16,2,183
2025-06-05,16,3,222
2025-06-05,16,4,105
2025-06-05,16,5,92
2025-06-05,17,1,269
2025-06-05,17,2,245
2025-06-05,17,3,328
2025-06-05,17,4,117
2025-06-05,17,5,115
2025-06-05,18,1,629
2025-06-05,18,2,559
2025-06-05,18,3,733
2025-06-05,18,4,307
2025-06-05,18,5,248
2025-06-05,19,1,294
2025-06-05,19,2,274
2025-06-05,19,3,356
2025-06-05,19,4,133
2025-06-05,19,5,114
2025-06-05,20,1,317
2025-06-05,20,2,285
2025-06-05,20,3,383
2025-06-05,20,4,171
2025-06-05,20,5,113
2025-06-05,21,1,142
2025-06-05,21,2,145
2025-06-05,21,3,205
2025-06-05,21,4,85
2025-06-05,21,5,52
2025-06-05,22,1,326
2025-06-05,22,2,281
2025-06-05,22,3,327
2025-06-05,22,4,146
2025-06-05,22,5,105
2025-06-05,23,1,66
2025-06-05,23,2,74
2025-06-05,23,3,82
2025-06-05,23,4,40
2025-06-05,23,5,32
2025-06-05,24,1,95
2025-06-05,24,2,80
2025-06-05,24,3,87
2025-06-05,24,4,37
2025-06-05,24,5,26
2025-06-05,25,1,252
2025-06-05,25,2,231
2025-06-05,25,3,253
2025-06-05,25,4,119
2025-06-05,25,5,78
2025-06-06,1,1,593
2025-06-06,1,2,511
2025-06-06,1,3,679
2025-06-06,1,4,265
2025-06-06,1,5,229
2025-06-06,2,1,351
2025-06-06,2,2,306
2025-06-06,2,3,437
2025-06-06,2,4,151
2025-06-06,2,5,141
2025-06-06,3,1,173
2025-06-06,3,2,160
2025-06-06,3,3,195
2025-06-06,3,4,95
2025-06-06,3,5,67
2025-06-06,4,1,513
2025-06-06,4,2,485
2025-06-06,4,3,579
2025-06-06,4,4,219
2025-06-06,4,5,177
2025-06-06,5,1,385
2025-06-06,5,2,368
2025-06-06,5,3,472
2025-06-06,5,4,162
2025-06-06,5,5,164
2025-06-06,6,1,270
2025-06-06,6,2,215
2025-06-06,6,3,299
2025-06-06,6,4,129
2025-06-06,6,5,100
2025-06-06,7,1,276
2025-06-06,7,2,234
2025-06-06,7,3,342
2025-06-06,7,4,126
2025-06-06,7,5,99
2025-06-06,8,1,126
2025-06-06,8,2,127
2025-06-06,8,3,174
2025-06-06,8,4,65
2025-06-06,8,5,56
2025-06-06,9,1,351
2025-06-06,9,2,342
2025-06-06,9,3,435
2025-06-06,9,4,155
2025-06-06,9,5,139
2025-06-06,10,1,184
2025-06-06,10,2,153
2025-06-06,10,3,191
2025-06-06,10,4,78
2025-06-06,10,5,59
2025-06-06,11,1,224
2025-06-06,11,2,227
2025-06-06,11,3,294
2025-06-06,11,4,107
2025-06-06,11,5,104
2025-06-06,12,1,288
2025-06-06,12,2,238
2025-06-06,12,3,295
2025-06-06,12,4,105
2025-06-06,12,5,115
2025-06-06,13,1,355
2025-06-06,13,2,313
2025-06-06,13,3,359
2025-06-06,13,4,162
2025-06-06,13,5,129
2025-06-06,14,1,222
2025-06-06,14,2,182
2025-06-06,14,3,256
2025-06-06,14,4,100
2025-06-06,14,5,66
2025-06-06,15,1,393
2025-06-06,15,2,322
2025-06-06,15,3,413
2025-06-06,15,4,177
2025-06-06,15,5,140
2025-06-06,16,1,245
2025-06-06,16,2,216
2025-06-06,16,3,307
2025-06-06,16,4,108
2025-06-06,16,5,88
2025-06-06,17,1,284
2025-06-06,17,2,271
2025-06-06,17,3,357
2025-06-06,17,4,136
2025-06-06,17,5,112
2025-06-06,18,1,697
2025-06-06,18,2,615
2025-06-06,18,3,763
2025-06-06,18,4,326
2025-06-06,18,5,281
2025-06-06,19,1,339
2025-06-06,19,2,290
2025-06-06,19,3,367
2025-06-06,19,4,155
2025-06-06,19,5,144
2025-06-06,20,1,326
2025-06-06,20,2,324
2025-06-06,20,3,400
2025-06-06,20,4,142
2025-06-06,20,5,125
2025-06-06,21,1,161
2025-06-06,21,2,166
2025-06-06,21,3,208
2025-06-06,21,4,72
2025-06-06,21,5,74
2025-06-06,22,1,341
2025-06-06,22,2,276
2025-06-06,22,3,347
2025-06-06,22,4,158
2025-06-06,22,5,113
2025-06-06,23,1,81
2025-06-06,23,2,75
2025-06-06,23,3,101
2025-06-06,23,4,42
2025-06-06,23,5,31
2025-06-06,24,1,85
2025-06-06,24,2,64
2025-06-06,24,3,77
2025-06-06,24,4,40
2025-06-06,24,5,36
2025-06-06,25,1,254
2025-06-06,25,2,208
2025-06-06,25,3,284
2025-06-06,25,4,104
2025-06-06,25,5,87
2025-06-07,1,1,441
2025-06-07,1,2,418
2025-06-07,1,3,561
2025-06-07,1,4,225
2025-06-07,1,5,191
2025-06-07,2,1,283
2025-06-07,2,2,233
2025-06-07,2,3,321
2025-06-07,2,4,124
2025-06-07,2,5,98
2025-06-07,3,1,123
2025-06-07,3,2,126
2025-06-07,3,3,164
2025-06-07,3,4,66
2025-06-07,3,5,49
2025-06-07,4,1,418
2025-06-07,4,2,347
2025-06-07,4,3,443
2025-06-07,4,4,186
2025-06-07,4,5,174
2025-06-07,5,1,330
2025-06-07,5,2,256
2025-06-07,5,3,363
2025-06-07,5,4,142
2025-06-07,5,5,115
2025-06-07,6,1,207
2025-06-07,6,2,179
2025-06-07,6,3,237
2025-06-07,6,4,85
2025-06-07,6,5,76
2025-06-07,7,1,230
2025-06-07,7,2,211
2025-06-07,7,3,252
2025-06-07,7,4,103
2025-06-07,7,5,80
2025-06-07,8,1,118
2025-06-07,8,2,111
2025-06-07,8,3,139
2025-06-07,8,4,57
2025-06-07,8,5,40
2025-06-07,9,1,280
2025-06-07,9,2,276
2025-06-07,9,3,300
2025-06-07,9,4,113
2025-06-07,9,5,112
2025-06-07,10,1,129
2025-06-07,10,2,149
2025-06-07,10,3,162
2025-06-07,10,4,66
2025-06-07,10,5,56
2025-06-07,11,1,194
2025-06-07,11,2,174
2025-06-07,11,3,238
2025-06-07,11,4,84
2025-06-07,11,5,61
2025-06-07,12,1,250
2025-06-07,12,2,193
2025-06-07,12,3,254
2025-06-07,12,4,119
2025-06-07,12,5,69
2025-06-07,13,1,269
2025-06-07,13,2,226
2025-06-07,13,3,308
2025-06-07,13,4,113
2025-06-07,13,5,103
2025-06-07,14,1,184
2025-06-07,14,2,162
2025-06-07,14,3,218
2025-06-07,14,4,70
2025-06-07,14,5,78
2025-06-07,15,1,289
2025-06-07,15,2,273
2025-06-07,15,3,323
2025-06-07,15,4,139
2025-06-07,15,5,114
2025-06-07,16,1,165
2025-06-07,16,2,181
2025-06-07,16,3,209
2025-06-07,16,4,86
2025-06-07,16,5,75
2025-06-07,17,1,222
2025-06-07,17,2,218
2025-06-07,17,3,270
2025-06-07,17,4,103
2025-06-07,17,5,81
2025-06-07,18,1,517
2025-06-07,18,2,429
2025-06-07,18,3,645
2025-06-07,18,4,217
2025-06-07,18,5,208
2025-06-07,19,1,281
2025-06-07,19,2,239
2025-06-07,19,3,301
2025-06-07,19,4,119
2025-06-07,19,5,98
2025-06-07,20,1,265
2025-06-07,20,2,233
2025-06-07,20,3,279
2025-06-07,20,4,135
2025-06-07,20,5,88
2025-06-07,21,1,162
2025-06-07,21,2,139
2025-06-07,21,3,157
2025-06-07,21,4,71
2025-06-07,21,5,59
2025-06-07,22,1,237
2025-06-07,22,2,218
2025-06-07,22,3,304
2025-06-07,22,4,113
2025-06-07,22,5,77
2025-06-07,23,1,80
2025-06-07,23,2,64
2025-06-07,23,3,73
2025-06-07,23,4,22
2025-06-07,23,5,22
2025-06-07,24,1,65
2025-06-07,24,2,55
2025-06-07,24,3,65
2025-06-07,24,4,30
2025-06-07,24,5,16
2025-06-07,25,1,184
2025-06-07,25,2,182
2025-06-07,25,3,214
2025-06-07,25,4,85
2025-06-07,25,5,81
2025-06-08,1,1,412
2025-06-08,1,2,383
2025-06-08,1,3,520
2025-06-08,1,4,182
2025-06-08,1,5,168
2025-06-08,2,1,265
2025-06-08,2,2,233
2025-06-08,2,3,305
2025-06-08,2,4,125
2025-06-08,2,5,88
2025-06-08,3,1,141
2025-06-08,3,2,93
2025-06-08,3,3,144
2025-06-08,3,4,63
2025-06-08,3,5,45
2025-06-08,4,1,377
2025-06-08,4,2,363
2025-06-08,4,3,409
2025-06-08,4,4,184
2025-06-08,4,5,127
2025-06-08,5,1,300
2025-06-08,5,2,283
2025-06-08,5,3,334
2025-06-08,5,4,154
2025-06-08,5,5,126
2025-06-08,6,1,187
2025-06-08,6,2,176
2025-06-08,6,3,231
2025-06-08,6,4,104
2025-06-08,6,5,69
2025-06-08,7,1,234
2025-06-08,7,2,183
2025-06-08,7,3,235
2025-06-08,7,4,105
2025-06-08,7,5,83
2025-06-08,8,1,94
2025-06-08,8,2,92
2025-06-08,8,3,128
2025-06-08,8,4,43
2025-06-08,8,5,41
2025-06-08,9,1,283
2025-06-08,9,2,218
2025-06-08,9,3,292
2025-06-08,9,4,119
2025-06-08,9,5,103
2025-06-08,10,1,152
2025-06-08,10,2,126
2025-06-08,10,3,160
2025-06-08,10,4,70
2025-06-08,10,5,52
2025-06-08,11,1,167
2025-06-08,11,2,152
2025-06-08,11,3,215
2025-06-08,11,4,87
2025-06-08,11,5,70
2025-06-08,12,1,220
2025-06-08,12,2,191
2025-06-08,12,3,266
2025-06-08,12,4,103
2025-06-08,12,5,78
2025-06-08,13,1,259
2025-06-08,13,2,226
2025-06-08,13,3,313
2025-06-08,13,4,111
2025-06-08,13,5,112
2025-06-08,14,1,184
2025-06-08,14,2,140
2025-06-08,14,3,174
2025-06-08,14,4,68
2025-06-08,14,5,63
2025-06-08,15,1,300
2025-06-08,15,2,275
2025-06-08,15,3,347
2025-06-08,15,4,124
2025-06-08,15,5,110
2025-06-08,16,1,164
2025-06-08,16,2,169
2025-06-08,16,3,191
2025-06-08,16,4,75
2025-06-08,16,5,77
2025-06-08,17,1,228
2025-06-08,17,2,196
2025-06-08,17,3,287
2025-06-08,17,4,99
2025-06-08,17,5,82
2025-06-08,18,1,462
2025-06-08,18,2,479
2025-06-08,18,3,573
2025-06-08,18,4,208
2025-06-08,18,5,197
2025-06-08,19,1,204
2025-06-08,19,2,202
2025-06-08,19,3,281
2025-06-08,19,4,105
2025-06-08,19,5,93
2025-06-08,20,1,244
2025-06-08,20,2,217
2025-06-08,20,3,275
2025-06-08,20,4,132
2025-06-08,20,5,82
2025-06-08,21,1,127
2025-06-08,21,2,127
2025-06-08,21,3,150
2025-06-08,21,4,60
2025-06-08,21,5,51
2025-06-08,22,1,273
2025-06-08,22,2,199
2025-06-08,22,3,257
2025-06-08,22,4,99
2025-06-08,22,5,82
2025-06-08,23,1,84
2025-06-08,23,2,78
2025-06-08,23,3,58
2025-06-08,23,4,30
2025-06-08,23,5,29
2025-06-08,24,1,64
2025-06-08,24,2,56
2025-06-08,24,3,61
2025-06-08,24,4,26
2025-06-08,24,5,33
2025-06-08,25,1,189
2025-06-08,25,2,160
2025-06-08,25,3,192
2025-06-08,25,4,87
2025-06-08,25,5,70
2025-06-09,1,1,669
2025-06-09,1,2,687
2025-06-09,1,3,737
2025-06-09,1,4,319
2025-06-09,1,5,246
2025-06-09,2,1,396
2025-06-09,2,2,425
2025-06-09,2,3,489
2025-06-09,2,4,173
2025-06-09,2,5,151
2025-06-09,3,1,218
2025-06-09,3,2,177
2025-06-09,3,3,199
2025-06-09,3,4,100
2025-06-09,3,5,68
2025-06-09,4,1,553
2025-06-09,4,2,512
2025-06-09,4,3,627
2025-06-09,4,4,310
2025-06-09,4,5,206
2025-06-09,5,1,433
2025-06-09,5,2,510
2025-06-09,5,3,542
2025-06-09,5,4,216
2025-06-09,5,5,196
2025-06-09,6,1,288
2025-06-09,6,2,282
2025-06-09,6,3,319
2025-06-09,6,4,118
2025-06-09,6,5,112
2025-06-09,7,1,321
2025-06-09,7,2,328
2025-06-09,7,3,387
2025-06-09,7,4,167
2025-06-09,7,5,119
2025-06-09,8,1,164
2025-06-09,8,2,162
2025-06-09,8,3,193
2025-06-09,8,4,80
2025-06-09,8,5,57
2025-06-09,9,1,380
2025-06-09,9,2,417
2025-06-09,9,3,475
2025-06-09,9,4,186
2025-06-09,9,5,125
2025-06-09,10,1,215
2025-06-09,10,2,223
2025-06-09,10,3,257
2025-06-09,10,4,85
2025-06-09,10,5,69
2025-06-09,11,1,284
2025-06-09,11,2,279
2025-06-09,11,3,281
2025-06-09,11,4,126
2025-06-09,11,5,114
2025-06-09,12,1,326
2025-06-09,12,2,303
2025-06-09,12,3,353
2025-06-09,12,4,138
2025-06-09,12,5,129
2025-06-09,13,1,410
2025-06-09,13,2,381
2025-06-09,13,3,428
2025-06-09,13,4,199
2025-06-09,13,5,140
2025-06-09,14,1,251
2025-06-09,14,2,227
2025-06-09,14,3,296
2025-06-09,14,4,129
2025-06-09,14,5,104
2025-06-09,15,1,439
2025-06-09,15,2,403
2025-06-09,15,3,496
2025-06-09,15,4,200
2025-06-09,15,5,157
2025-06-09,16,1,252
2025-06-09,16,2,276
2025-06-09,16,3,302
2025-06-09,16,4,119
2025-06-09,16,5,97
2025-06-09,17,1,326
2025-06-09,17,2,324
2025-06-09,17,3,362
2025-06-09,17,4,153
2025-06-09,17,5,155
2025-06-09,18,1,757
2025-06-09,18,2,765
2025-06-09,18,3,825
2025-06-09,18,4,361
2025-06-09,18,5,259
2025-06-09,19,1,361
2025-06-09,19,2,365
2025-06-09,19,3,454
2025-06-09,19,4,174
2025-06-09,19,5,150
2025-06-09,20,1,380
2025-06-09,20,2,360
2025-06-09,20,3,444
2025-06-09,20,4,157
2025-06-09,20,5,164
2025-06-09,21,1,230
2025-06-09,21,2,201
2025-06-09,21,3,262
2025-06-09,21,4,78
2025-06-09,21,5,89
2025-06-09,22,1,384
2025-06-09,22,2,364
2025-06-09,22,3,371
2025-06-09,22,4,160
2025-06-09,22,5,126
2025-06-09,23,1,106
2025-06-09,23,2,91
2025-06-09,23,3,107
2025-06-09,23,4,38
2025-06-09,23,5,34
2025-06-09,24,1,101
2025-06-09,24,2,106
2025-06-09,24,3,108
2025-06-09,24,4,38
2025-06-09,24,5,42
2025-06-09,25,1,247
2025-06-09,25,2,281
2025-06-09,25,3,322
2025-06-09,25,4,121
2025-06-09,25,5,117
2025-06-10,1,1,623
2025-06-10,1,2,587
2025-06-10,1,3,789
2025-06-10,1,4,278
2025-06-10,1,5,252
2025-06-10,2,1,448
2025-06-10,2,2,424
2025-06-10,2,3,430
2025-06-10,2,4,189
2025-06-10,2,5,149
2025-06-10,3,1,194
2025-06-10,3,2,196
2025-06-10,3,3,184
2025-06-10,3,4,69
2025-06-10,3,5,52
2025-06-10,4,1,544
2025-06-10,4,2,506
2025-06-10,4,3,544
2025-06-10,4,4,215
2025-06-10,4,5,208
2025-06-10,5,1,467
2025-06-10,5,2,431
2025-06-10,5,3,531
2025-06-10,5,4,183
2025-06-10,5,5,188
2025-06-10,6,1,247
2025-06-10,6,2,267
2025-06-10,6,3,303
2025-06-10,6,4,119
2025-06-10,6,5,102
2025-06-10,7,1,316
2025-06-10,7,2,292
2025-06-10,7,3,357
2025-06-10,7,4,148
2025-06-10,7,5,109
2025-06-10,8,1,146
2025-06-10,8,2,147
2025-06-10,8,3,175
2025-06-10,8,4,54
2025-06-10,8,5,49
2025-06-10,9,1,346
2025-06-10,9,2,363
2025-06-10,9,3,415
2025-06-10,9,4,184
2025-06-10,9,5,145
2025-06-10,10,1,182
2025-06-10,10,2,183
2025-06-10,10,3,217
2025-06-10,10,4,74
2025-06-10,10,5,74
2025-06-10,11,1,243
2025-06-10,11,2,274
2025-06-10,11,3,290
2025-06-10,11,4,109
2025-06-10,11,5,95
2025-06-10,12,1,282
2025-06-10,12,2,275
2025-06-10,12,3,347
2025-06-10,12,4,150
2025-06-10,12,5,117
2025-06-10,13,1,390
2025-06-10,13,2,367
2025-06-10,13,3,419
2025-06-10,13,4,164
2025-06-10,13,5,122
2025-06-10,14,1,231
2025-06-10,14,2,245
2025-06-10,14,3,247
2025-06-10,14,4,112
2025-06-10,14,5,82
2025-06-10,15,1,423
2025-06-10,15,2,381
2025-06-10,15,3,438
2025-06-10,15,4,202
2025-06-10,15,5,150
2025-06-10,16,1,258
2025-06-10,16,2,261
2025-06-10,16,3,272
2025-06-10,16,4,106
2025-06-10,16,5,122
2025-06-10,17,1,319
2025-06-10,17,2,293
2025-06-10,17,3,340
2025-06-10,17,4,154
2025-06-10,17,5,111
2025-06-10,18,1,702
2025-06-10,18,2,717
2025-06-10,18,3,795
2025-06-10,18,4,321
2025-06-10,18,5,276
2025-06-10,19,1,328
2025-06-10,19,2,321
2025-06-10,19,3,400
2025-06-10,19,4,166
2025-06-10,19,5,134
2025-06-10,20,1,327
2025-06-10,20,2,329
2025-06-10,20,3,397
2025-06-10,20,4,161
2025-06-10,20,5,133
2025-06-10,21,1,172
2025-06-10,21,2,183
2025-06-10,21,3,219
2025-06-10,21,4,101
2025-06-10,21,5,72
2025-06-10,22,1,361
2025-06-10,22,2,336
2025-06-10,22,3,413
2025-06-10,22,4,171
2025-06-10,22,5,109
2025-06-10,23,1,99
2025-06-10,23,2,99
2025-06-10,23,3,129
2025-06-10,23,4,37
2025-06-10,23,5,29
2025-06-10,24,1,98
2025-06-10,24,2,76
2025-06-10,24,3,80
2025-06-10,24,4,40
2025-06-10,24,5,36
2025-06-10,25,1,259
2025-06-10,25,2,275
2025-06-10,25,3,282
2025-06-10,25,4,112
2025-06-10,25,5,96
2025-06-11,1,1,624
2025-06-11,1,2,583
2025-06-11,1,3,679
2025-06-11,1,4,282
2025-06-11,1,5,248
2025-06-11,2,1,382
2025-06-11,2,2,402
2025-06-11,2,3,414
2025-06-11,2,4,183
2025-06-11,2,5,132
2025-06-11,3,1,185
2025-06-11,3,2,197
2025-06-11,3,3,217
2025-06-11,3,4,67
2025-06-11,3,5,56
2025-06-11,4,1,460
2025-06-11,4,2,509
2025-06-11,4,3,580
2025-06-11,4,4,241
2025-06-11,4,5,191
2025-06-11,5,1,424
2025-06-11,5,2,415
2025-06-11,5,3,474
2025-06-11,5,4,179
2025-06-11,5,5,149
2025-06-11,6,1,261
2025-06-11,6,2,260
2025-06-11,6,3,274
2025-06-11,6,4,147
2025-06-11,6,5,82
2025-06-11,7,1,309
2025-06-11,7,2,286
2025-06-11,7,3,334
2025-06-11,7,4,129
2025-06-11,7,5,112
2025-06-11,8,1,132
2025-06-11,8,2,141
2025-06-11,8,3,181
2025-06-11,8,4,53
2025-06-11,8,5,49
2025-06-11,9,1,336
2025-06-11,9,2,333
2025-06-11,9,3,404
2025-06-11,9,4,165
2025-06-11,9,5,137
2025-06-11,10,1,179
2025-06-11,10,2,166
2025-06-11,10,3,179
2025-06-11,10,4,76
2025-06-11,10,5,68
2025-06-11,11,1,293
2025-06-11,11,2,258
2025-06-11,11,3,276
2025-06-11,11,4,115
2025-06-11,11,5,61
2025-06-11,12,1,290
2025-06-11,12,2,286
2025-06-11,12,3,327
2025-06-11,12,4,138
2025-06-11,12,5,131
2025-06-11,13,1,373
2025-06-11,13,2,348
2025-06-11,13,3,430
2025-06-11,13,4,161
2025-06-11,13,5,119
2025-06-11,14,1,255
2025-06-11,14,2,232
2025-06-11,14,3,282
2025-06-11,14,4,116
2025-06-11,14,5,79
2025-06-11,15,1,361
2025-06-11,15,2,402
2025-06-11,15,3,458
2025-06-11,15,4,182
2025-06-11,15,5,167
2025-06-11,16,1,254
2025-06-11,16,2,216
2025-06-11,16,3,256
2025-06-11,16,4,105
2025-06-11,16,5,84
2025-06-11,17,1,267
2025-06-11,17,2,325
2025-06-11,17,3,330
2025-06-11,17,4,136
2025-06-11,17,5,103
2025-06-11,18,1,695
2025-06-11,18,2,643
2025-06-11,18,3,794
2025-06-11,18,4,309
2025-06-11,18,5,273
2025-06-11,19,1,322
2025-06-11,19,2,326
2025-06-11,19,3,358
2025-06-11,19,4,157
2025-06-11,19,5,130
2025-06-11,20,1,365
2025-06-11,20,2,351
2025-06-11,20,3,406
2025-06-11,20,4,157
2025-06-11,20,5,118
2025-06-11,21,1,179
2025-06-11,21,2,182
2025-06-11,21,3,215
2025-06-11,21,4,92
2025-06-11,21,5,63
2025-06-11,22,1,317
2025-06-11,22,2,312
2025-06-11,22,3,353
2025-06-11,22,4,147
2025-06-11,22,5,119
2025-06-11,23,1,96
2025-06-11,23,2,85
2025-06-11,23,3,106
2025-06-11,23,4,34
2025-06-11,23,5,29
2025-06-11,24,1,89
2025-06-11,24,2,77
2025-06-11,24,3,87
2025-06-11,24,4,45
2025-06-11,24,5,26
2025-06-11,25,1,262
2025-06-11,25,2,253
2025-06-11,25,3,270
2025-06-11,25,4,109
2025-06-11,25,5,68
2025-06-12,1,1,592
2025-06-12,1,2,523
2025-06-12,1,3,676
2025-06-12,1,4,212
2025-06-12,1,5,223
2025-06-12,2,1,381
2025-06-12,2,2,304
2025-06-12,2,3,398
2025-06-12,2,4,175
2025-06-12,2,5,130
2025-06-12,3,1,170
2025-06-12,3,2,145
2025-06-12,3,3,172
2025-06-12,3,4,75
2025-06-12,3,5,70
2025-06-12,4,1,473
2025-06-12,4,2,410
2025-06-12,4,3,521
2025-06-12,4,4,219
2025-06-12,4,5,192
2025-06-12,5,1,374
2025-06-12,5,2,387
2025-06-12,5,3,416
2025-06-12,5,4,204
2025-06-12,5,5,150
2025-06-12,6,1,239
2025-06-12,6,2,206
2025-06-12,6,3,253
2025-06-12,6,4,102
2025-06-12,6,5,85
2025-06-12,7,1,286
2025-06-12,7,2,269
2025-06-12,7,3,309
2025-06-12,7,4,143
2025-06-12,7,5,108
2025-06-12,8,1,142
2025-06-12,8,2,108
2025-06-12,8,3,173
2025-06-12,8,4,64
2025-06-12,8,5,44
2025-06-12,9,1,353
2025-06-12,9,2,287
2025-06-12,9,3,398
2025-06-12,9,4,143
2025-06-12,9,5,117
2025-06-12,10,1,154
2025-06-12,10,2,146
2025-06-12,10,3,168
2025-06-12,10,4,80
2025-06-12,10,5,70
2025-06-12,11,1,245
2025-06-12,11,2,215
2025-06-12,11,3,282
2025-06-12,11,4,97
2025-06-12,11,5,96
2025-06-12,12,1,270
2025-06-12,12,2,244
2025-06-12,12,3,298
2025-06-12,12,4,125
2025-06-12,12,5,110
2025-06-12,13,1,304
2025-06-12,13,2,297
2025-06-12,13,3,426
2025-06-12,13,4,150
2025-06-12,13,5,106
2025-06-12,14,1,202
2025-06-12,14,2,184
2025-06-12,14,3,274
2025-06-12,14,4,83
2025-06-12,14,5,79
2025-06-12,15,1,381
2025-06-12,15,2,336
2025-06-12,15,3,461
2025-06-12,15,4,183
2025-06-12,15,5,133
2025-06-12,16,1,217
2025-06-12,16,2,205
2025-06-12,16,3,238
2025-06-12,16,4,117
2025-06-12,16,5,90
2025-06-12,17,1,280
2025-06-12,17,2,231
2025-06-12,17,3,323
2025-06-12,17,4,128
2025-06-12,17,5,115
2025-06-12,18,1,619
2025-06-12,18,2,562
2025-06-12,18,3,704
2025-06-12,18,4,300
2025-06-12,18,5,232
2025-06-12,19,1,316
2025-06-12,19,2,262
2025-06-12,19,3,327
2025-06-12,19,4,138
2025-06-12,19,5,123
2025-06-12,20,1,307
2025-06-12,20,2,255
2025-06-12,20,3,327
2025-06-12,20,4,157
2025-06-12,20,5,144
2025-06-12,21,1,192
2025-06-12,21,2,158
2025-06-12,21,3,178
2025-06-12,21,4,76
2025-06-12,21,5,63
2025-06-12,22,1,324
2025-06-12,22,2,263
2025-06-12,22,3,362
2025-06-12,22,4,142
2025-06-12,22,5,136
2025-06-12,23,1,86
2025-06-12,23,2,93
2025-06-12,23,3,96
2025-06-12,23,4,37
2025-06-12,23,5,26
2025-06-12,24,1,83
2025-06-12,24,2,72
2025-06-12,24,3,94
2025-06-12,24,4,33
2025-06-12,24,5,33
2025-06-12,25,1,246
2025-06-12,25,2,228
2025-06-12,25,3,273
2025-06-12,25,4,110
2025-06-12,25,5,89
2025-06-13,1,1,609
2025-06-13,1,2,524
2025-06-13,1,3,644
2025-06-13,1,4,279
2025-06-13,1,5,218
2025-06-13,2,1,299
2025-06-13,2,2,293
2025-06-13,2,3,433
2025-06-13,2,4,173
2025-06-13,2,5,147
2025-06-13,3,1,172
2025-06-13,3,2,132
2025-06-13,3,3,212
2025-06-13,3,4,81
2025-06-13,3,5,60
2025-06-13,4,1,500
2025-06-13,4,2,451
2025-06-13,4,3,577
2025-06-13,4,4,217
2025-06-13,4,5,177
2025-06-13,5,1,370
2025-06-13,5,2,352
2025-06-13,5,3,475
2025-06-13,5,4,189
2025-06-13,5,5,167
2025-06-13,6,1,258
2025-06-13,6,2,182
2025-06-13,6,3,271
2025-06-13,6,4,110
2025-06-13,6,5,87
2025-06-13,7,1,287
2025-06-13,7,2,250
2025-06-13,7,3,333
2025-06-13,7,4,142
2025-06-13,7,5,103
2025-06-13,8,1,120
2025-06-13,8,2,122
2025-06-13,8,3,162
2025-06-13,8,4,58
2025-06-13,8,5,55
2025-06-13,9,1,373
2025-06-13,9,2,341
2025-06-13,9,3,398
2025-06-13,9,4,157
2025-06-13,9,5,125
2025-06-13,10,1,164
2025-06-13,10,2,149
2025-06-13,10,3,210
2025-06-13,10,4,87
2025-06-13,10,5,58
2025-06-13,11,1,225
2025-06-13,11,2,223
2025-06-13,11,3,231
2025-06-13,11,4,111
2025-06-13,11,5,79
2025-06-13,12,1,287
2025-06-13,12,2,256
2025-06-13,12,3,358
2025-06-13,12,4,135
2025-06-13,12,5,109
2025-06-13,13,1,356
2025-06-13,13,2,290
2025-06-13,13,3,364
2025-06-13,13,4,169
2025-06-13,13,5,131
2025-06-13,14,1,242
2025-06-13,14,2,222
2025-06-13,14,3,246
2025-06-13,14,4,98
2025-06-13,14,5,83
2025-06-13,15,1,346
2025-06-13,15,2,341
2025-06-13,15,3,445
2025-06-13,15,4,167
2025-06-13,15,5,144
2025-06-13,16,1,232
2025-06-13,16,2,206
2025-06-13,16,3,262
2025-06-13,16,4,125
2025-06-13,16,5,73
2025-06-13,17,1,282
2025-06-13,17,2,254
2025-06-13,17,3,325
2025-06-13,17,4,144
2025-06-13,17,5,100
2025-06-13,18,1,660
2025-06-13,18,2,603
2025-06-13,18,3,690
2025-06-13,18,4,297
2025-06-13,18,5,244
2025-06-13,19,1,335
2025-06-13,19,2,289
2025-06-13,19,3,356
2025-06-13,19,4,160
2025-06-13,19,5,115
2025-06-13,20,1,320
2025-06-13,20,2,280
2025-06-13,20,3,381
2025-06-13,20,4,153
2025-06-13,20,5,140
2025-06-13,21,1,175
2025-06-13,21,2,163
2025-06-13,21,3,210
2025-06-13,21,4,89
2025-06-13,21,5,60
2025-06-13,22,1,309
2025-06-13,22,2,272
2025-06-13,22,3,344
2025-06-13,22,4,137
2025-06-13,22,5,102
2025-06-13,23,1,90
2025-06-13,23,2,87
2025-06-13,23,3,101
2025-06-13,23,4,49
2025-06-13,23,5,37
2025-06-13,24,1,72
2025-06-13,24,2,40
2025-06-13,24,3,83
2025-06-13,24,4,36
2025-06-13,24,5,23
2025-06-13,25,1,248
2025-06-13,25,2,200
2025-06-13,25,3,296
2025-06-13,25,4,97
2025-06-13,25,5,92
2025-06-14,1,1,485
2025-06-14,1,2,430
2025-06-14,1,3,525
2025-06-14,1,4,216
2025-06-14,1,5,173
2025-06-14,2,1,272
2025-06-14,2,2,265
2025-06-14,2,3,320
2025-06-14,2,4,125
2025-06-14,2,5,127
2025-06-14,3,1,131
2025-06-14,3,2,120
2025-06-14,3,3,157
2025-06-14,3,4,54
2025-06-14,3,5,41
2025-06-14,4,1,393
2025-06-14,4,2,327
2025-06-14,4,3,447
2025-06-14,4,4,201
2025-06-14,4,5,146
2025-06-14,5,1,285
2025-06-14,5,2,295
2025-06-14,5,3,375
2025-06-14,5,4,143
2025-06-14,5,5,119
2025-06-14,6,1,187
2025-06-14,6,2,173
2025-06-14,6,3,227
2025-06-14,6,4,80
2025-06-14,6,5,72
2025-06-14,7,1,256
2025-06-14,7,2,186
2025-06-14,7,3,262
2025-06-14,7,4,94
2025-06-14,7,5,85
2025-06-14,8,1,124
2025-06-14,8,2,95
2025-06-14,8,3,122
2025-06-14,8,4,58
2025-06-14,8,5,35
2025-06-14,9,1,264
2025-06-14,9,2,265
2025-06-14,9,3,337
2025-06-14,9,4,129
2025-06-14,9,5,118
2025-06-14,10,1,138
2025-06-14,10,2,114
2025-06-14,10,3,150
2025-06-14,10,4,44
2025-06-14,10,5,48
2025-06-14,11,1,192
2025-06-14,11,2,182
2025-06-14,11,3,199
2025-06-14,11,4,71
2025-06-14,11,5,67
2025-06-14,12,1,239
2025-06-14,12,2,187
2025-06-14,12,3,261
2025-06-14,12,4,98
2025-06-14,12,5,75
2025-06-14,13,1,262
2025-06-14,13,2,241
2025-06-14,13,3,319
2025-06-14,13,4,127
2025-06-14,13,5,100
2025-06-14,14,1,187
2025-06-14,14,2,154
2025-06-14,14,3,217
2025-06-14,14,4,75
2025-06-14,14,5,76
2025-06-14,15,1,319
2025-06-14,15,2,257
2025-06-14,15,3,345
2025-06-14,15,4,129
2025-06-14,15,5,122
2025-06-14,16,1,182
2025-06-14,16,2,178
2025-06-14,16,3,199
2025-06-14,16,4,86
2025-06-14,16,5,50
2025-06-14,17,1,220
2025-06-14,17,2,195
2025-06-14,17,3,273
2025-06-14,17,4,99
2025-06-14,17,5,85
2025-06-14,18,1,516
2025-06-14,18,2,464
2025-06-14,18,3,608
2025-06-14,18,4,246
2025-06-14,18,5,197
2025-06-14,19,1,255
2025-06-14,19,2,232
2025-06-14,19,3,271
2025-06-14,19,4,101
2025-06-14,19,5,97
2025-06-14,20,1,278
2025-06-14,20,2,242
2025-06-14,20,3,318
2025-06-14,20,4,132
2025-06-14,20,5,99
2025-06-14,21,1,130
2025-06-14,21,2,132
2025-06-14,21,3,142
2025-06-14,21,4,57
2025-06-14,21,5,58
2025-06-14,22,1,263
2025-06-14,22,2,240
2025-06-14,22,3,310
2025-06-14,22,4,105
2025-06-14,22,5,70
2025-06-14,23,1,73
2025-06-14,23,2,64
2025-06-14,23,3,75
2025-06-14,23,4,37
2025-06-14,23,5,27
2025-06-14,24,1,68
2025-06-14,24,2,63
2025-06-14,24,3,70
2025-06-14,24,4,38
2025-06-14,24,5,18
2025-06-14,25,1,169
2025-06-14,25,2,192
2025-06-14,25,3,229
2025-06-14,25,4,95
2025-06-14,25,5,73
2025-06-15,1,1,497
2025-06-15,1,2,368
2025-06-15,1,3,477
2025-06-15,1,4,213
2025-06-15,1,5,168
2025-06-15,2,1,264
2025-06-15,2,2,264
2025-06-15,2,3,305
2025-06-15,2,4,103
2025-06-15,2,5,108
2025-06-15,3,1,155
2025-06-15,3,2,117
2025-06-15,3,3,145
2025-06-15,3,4,50
2025-06-15,3,5,58
2025-06-15,4,1,337
2025-06-15,4,2,337
2025-06-15,4,3,402
2025-06-15,4,4,151
2025-06-15,4,5,153
2025-06-15,5,1,307
2025-06-15,5,2,242
2025-06-15,5,3,305
2025-06-15,5,4,152
2025-06-15,5,5,112
2025-06-15,6,1,172
2025-06-15,6,2,176
2025-06-15,6,3,231
2025-06-15,6,4,86
2025-06-15,6,5,72
2025-06-15,7,1,204
2025-06-15,7,2,206
2025-06-15,7,3,267
2025-06-15,7,4,85
2025-06-15,7,5,102
2025-06-15,8,1,110
2025-06-15,8,2,108
2025-06-15,8,3,116
2025-06-15,8,4,35
2025-06-15,8,5,38
2025-06-15,9,1,251
2025-06-15,9,2,228
2025-06-15,9,3,308
2025-06-15,9,4,113
2025-06-15,9,5,107
2025-06-15,10,1,127
2025-06-15,10,2,108
2025-06-15,10,3,166
2025-06-15,10,4,55
2025-06-15,10,5,55
2025-06-15,11,1,195
2025-06-15,11,2,168
2025-06-15,11,3,201
2025-06-15,11,4,81
2025-06-15,11,5,69
2025-06-15,12,1,246
2025-06-15,12,2,180
2025-06-15,12,3,274
2025-06-15,12,4,97
2025-06-15,12,5,76
2025-06-15,13,1,260
2025-06-15,13,2,227
2025-06-15,13,3,304
2025-06-15,13,4,129
2025-06-15,13,5,95
2025-06-15,14,1,166
2025-06-15,14,2,142
2025-06-15,14,3,172
2025-06-15,14,4,92
2025-06-15,14,5,66
2025-06-15,15,1,278
2025-06-15,15,2,270
2025-06-15,15,3,302
2025-06-15,15,4,117
2025-06-15,15,5,94
2025-06-15,16,1,186
2025-06-15,16,2,133
2025-06-15,16,3,204
2025-06-15,16,4,70
2025-06-15,16,5,72
2025-06-15,17,1,228
2025-06-15,17,2,192
2025-06-15,17,3,264
2025-06-15,17,4,87
2025-06-15,17,5,84
2025-06-15,18,1,490
2025-06-15,18,2,480
2025-06-15,18,3,593
2025-06-15,18,4,210
2025-06-15,18,5,190
2025-06-15,19,1,226
2025-06-15,19,2,206
2025-06-15,19,3,267
2025-06-15,19,4,114
2025-06-15,19,5,78
2025-06-15,20,1,255
2025-06-15,20,2,187
2025-06-15,20,3,276
2025-06-15,20,4,108
2025-06-15,20,5,108
2025-06-15,21,1,131
2025-06-15,21,2,117
2025-06-15,21,3,180
2025-06-15,21,4,64
2025-06-15,21,5,57
2025-06-15,22,1,226
2025-06-15,22,2,193
2025-06-15,22,3,281
2025-06-15,22,4,106
2025-06-15,22,5,100
2025-06-15,23,1,59
2025-06-15,23,2,70
2025-06-15,23,3,68
2025-06-15,23,4,32
2025-06-15,23,5,19
2025-06-15,24,1,61
2025-06-15,24,2,52
2025-06-15,24,3,79
2025-06-15,24,4,35
2025-06-15,24,5,24
2025-06-15,25,1,183
2025-06-15,25,2,163
2025-06-15,25,3,197
2025-06-15,25,4,87
2025-06-15,25,5,69
2025-06-16,1,1,668
2025-06-16,1,2,629
2025-06-16,1,3,773
2025-06-16,1,4,324
2025-06-16,1,5,222
2025-06-16,2,1,428
2025-06-16,2,2,416
2025-06-16,2,3,503
2025-06-16,2,4,200
2025-06-16,2,5,148
2025-06-16,3,1,210
2025-06-16,3,2,198
2025-06-16,3,3,194
2025-06-16,3,4,92
2025-06-16,3,5,63
2025-06-16,4,1,592
2025-06-16,4,2,545
2025-06-16,4,3,604
2025-06-16,4,4,267
2025-06-16,4,5,167
2025-06-16,5,1,461
2025-06-16,5,2,475
2025-06-16,5,3,511
2025-06-16,5,4,213
2025-06-16,5,5,178
2025-06-16,6,1,227
2025-06-16,6,2,282
2025-06-16,6,3,317
2025-06-16,6,4,126
2025-06-16,6,5,112
2025-06-16,7,1,298
2025-06-16,7,2,322
2025-06-16,7,3,364
2025-06-16,7,4,176
2025-06-16,7,5,122
2025-06-16,8,1,156
2025-06-16,8,2,130
2025-06-16,8,3,191
2025-06-16,8,4,72
2025-06-16,8,5,57
2025-06-16,9,1,410
2025-06-16,9,2,387
2025-06-16,9,3,450
2025-06-16,9,4,182
2025-06-16,9,5,151
2025-06-16,10,1,221
2025-06-16,10,2,195
2025-06-16,10,3,237
2025-06-16,10,4,120
2025-06-16,10,5,71
2025-06-16,11,1,269
2025-06-16,11,2,267
2025-06-16,11,3,321
2025-06-16,11,4,108
2025-06-16,11,5,114
2025-06-16,12,1,327
2025-06-16,12,2,324
2025-06-16,12,3,360
2025-06-16,12,4,148
2025-06-16,12,5,134
2025-06-16,13,1,402
2025-06-16,13,2,361
2025-06-16,13,3,423
2025-06-16,13,4,179
2025-06-16,13,5,145
2025-06-16,14,1,259
2025-06-16,14,2,250
2025-06-16,14,3,282
2025-06-16,14,4,113
2025-06-16,14,5,87
2025-06-16,15,1,410
2025-06-16,15,2,405
2025-06-16,15,3,501
2025-06-16,15,4,193
2025-06-16,15,5,188
2025-06-16,16,1,263
2025-06-16,16,2,239
2025-06-16,16,3,279
2025-06-16,16,4,113
2025-06-16,16,5,103
2025-06-16,17,1,342
2025-06-16,17,2,324
2025-06-16,17,3,405
2025-06-16,17,4,156
2025-06-16,17,5,124
2025-06-16,18,1,747
2025-06-16,18,2,714
2025-06-16,18,3,909
2025-06-16,18,4,336
2025-06-16,18,5,279
2025-06-16,19,1,359
2025-06-16,19,2,383
2025-06-16,19,3,396
2025-06-16,19,4,171
2025-06-16,19,5,145
2025-06-16,20,1,412
2025-06-16,20,2,360
2025-06-16,20,3,428
2025-06-16,20,4,171
2025-06-16,20,5,152
2025-06-16,21,1,225
2025-06-16,21,2,205
2025-06-16,21,3,233
2025-06-16,21,4,96
2025-06-16,21,5,69
2025-06-16,22,1,337
2025-06-16,22,2,357
2025-06-16,22,3,416
2025-06-16,22,4,139
2025-06-16,22,5,148
2025-06-16,23,1,91
2025-06-16,23,2,98
2025-06-16,23,3,112
2025-06-16,23,4,28
2025-06-16,23,5,34
2025-06-16,24,1,73
2025-06-16,24,2,85
2025-06-16,24,3,107
2025-06-16,24,4,46
2025-06-16,24,5,28
2025-06-16,25,1,284
2025-06-16,25,2,296
2025-06-16,25,3,292
2025-06-16,25,4,117
2025-06-16,25,5,132
2025-06-17,1,1,665
2025-06-17,1,2,610
2025-06-17,1,3,697
2025-06-17,1,4,302
2025-06-17,1,5,243
2025-06-17,2,1,369
2025-06-17,2,2,372
2025-06-17,2,3,450
2025-06-17,2,4,182
2025-06-17,2,5,153
2025-06-17,3,1,189
2025-06-17,3,2,170
2025-06-17,3,3,223
2025-06-17,3,4,84
2025-06-17,3,5,71
2025-06-17,4,1,493
2025-06-17,4,2,512
2025-06-17,4,3,614
2025-06-17,4,4,220
2025-06-17,4,5,191
2025-06-17,5,1,438
2025-06-17,5,2,403
2025-06-17,5,3,500
2025-06-17,5,4,186
2025-06-17,5,5,162
2025-06-17,6,1,282
2025-06-17,6,2,233
2025-06-17,6,3,300
2025-06-17,6,4,124
2025-06-17,6,5,104
2025-06-17,7,1,297
2025-06-17,7,2,316
2025-06-17,7,3,345
2025-06-17,7,4,149
2025-06-17,7,5,115
2025-06-17,8,1,147
2025-06-17,8,2,129
2025-06-17,8,3,164
2025-06-17,8,4,65
2025-06-17,8,5,52
2025-06-17,9,1,349
2025-06-17,9,2,341
2025-06-17,9,3,465
2025-06-17,9,4,164
2025-06-17,9,5,140
2025-06-17,10,1,201
2025-06-17,10,2,181
2025-06-17,10,3,219
2025-06-17,10,4,83
2025-06-17,10,5,85
2025-06-17,11,1,282
2025-06-17,11,2,267
2025-06-17,11,3,300
2025-06-17,11,4,133
2025-06-17,11,5,90
2025-06-17,12,1,307
2025-06-17,12,2,315
2025-06-17,12,3,343
2025-06-17,12,4,130
2025-06-17,12,5,86
2025-06-17,13,1,361
2025-06-17,13,2,357
2025-06-17,13,3,428
2025-06-17,13,4,158
2025-06-17,13,5,122
2025-06-17,14,1,226
2025-06-17,14,2,240
2025-06-17,14,3,255
2025-06-17,14,4,112
2025-06-17,14,5,104
2025-06-17,15,1,417
2025-06-17,15,2,385
2025-06-17,15,3,417
2025-06-17,15,4,170
2025-06-17,15,5,146
2025-06-17,16,1,257
2025-06-17,16,2,260
2025-06-17,16,3,246
2025-06-17,16,4,111
2025-06-17,16,5,95
2025-06-17,17,1,294
2025-06-17,17,2,292
2025-06-17,17,3,341
2025-06-17,17,4,153
2025-06-17,17,5,135
2025-06-17,18,1,733
2025-06-17,18,2,719
2025-06-17,18,3,821
2025-06-17,18,4,322
2025-06-17,18,5,274
2025-06-17,19,1,352
2025-06-17,19,2,328
2025-06-17,19,3,361
2025-06-17,19,4,153
2025-06-17,19,5,124
2025-06-17,20,1,359
2025-06-17,20,2,346
2025-06-17,20,3,371
2025-06-17,20,4,162
2025-06-17,20,5,147
2025-06-17,21,1,183
2025-06-17,21,2,181
2025-06-17,21,3,212
2025-06-17,21,4,72
2025-06-17,21,5,67
2025-06-17,22,1,329
2025-06-17,22,2,343
2025-06-17,22,3,381
2025-06-17,22,4,152
2025-06-17,22,5,136
2025-06-17,23,1,91
2025-06-17,23,2,88
2025-06-17,23,3,112
2025-06-17,23,4,50
2025-06-17,23,5,29
2025-06-17,24,1,87
2025-06-17,24,2,87
2025-06-17,24,3,80
2025-06-17,24,4,34
2025-06-17,24,5,43
2025-06-17,25,1,226
2025-06-17,25,2,240
2025-06-17,25,3,313
2025-06-17,25,4,113
2025-06-17,25,5,94
2025-06-18,1,1,564
2025-06-18,1,2,554
2025-06-18,1,3,692
2025-06-18,1,4,292
2025-06-18,1,5,238
2025-06-18,2,1,340
2025-06-18,2,2,358
2025-06-18,2,3,411
2025-06-18,2,4,162
2025-06-18,2,5,135
2025-06-18,3,1,155
2025-06-18,3,2,179
2025-06-18,3,3,168
2025-06-18,3,4,74
2025-06-18,3,5,52
2025-06-18,4,1,459
2025-06-18,4,2,440
2025-06-18,4,3,523
2025-06-18,4,4,213
2025-06-18,4,5,197
2025-06-18,5,1,389
2025-06-18,5,2,403
2025-06-18,5,3,452
2025-06-18,5,4,175
2025-06-18,5,5,151
2025-06-18,6,1,268
2025-06-18,6,2,244
2025-06-18,6,3,280
2025-06-18,6,4,89
2025-06-18,6,5,69
2025-06-18,7,1,321
2025-06-18,7,2,274
2025-06-18,7,3,327
2025-06-18,7,4,134
2025-06-18,7,5,98
2025-06-18,8,1,134
2025-06-18,8,2,149
2025-06-18,8,3,140
2025-06-18,8,4,60
2025-06-18,8,5,49
2025-06-18,9,1,343
2025-06-18,9,2,311
2025-06-18,9,3,382
2025-06-18,9,4,136
2025-06-18,9,5,104
2025-06-18,10,1,159
2025-06-18,10,2,180
2025-06-18,10,3,205
2025-06-18,10,4,63
2025-06-18,10,5,72
2025-06-18,11,1,235
2025-06-18,11,2,235
2025-06-18,11,3,282
2025-06-18,11,4,93
2025-06-18,11,5,83
2025-06-18,12,1,275
2025-06-18,12,2,269
2025-06-18,12,3,329
2025-06-18,12,4,138
2025-06-18,12,5,100
2025-06-18,13,1,360
2025-06-18,13,2,337
2025-06-18,13,3,373
2025-06-18,13,4,168
2025-06-18,13,5,132
2025-06-18,14,1,200
2025-06-18,14,2,223
2025-06-18,14,3,240
2025-06-18,14,4,91
2025-06-18,14,5,103
2025-06-18,15,1,379
2025-06-18,15,2,389
2025-06-18,15,3,401
2025-06-18,15,4,156
2025-06-18,15,5,123
2025-06-18,16,1,232
2025-06-18,16,2,235
2025-06-18,16,3,280
2025-06-18,16,4,89
2025-06-18,16,5,82
2025-06-18,17,1,262
2025-06-18,17,2,275
2025-06-18,17,3,320
2025-06-18,17,4,129
2025-06-18,17,5,110
2025-06-18,18,1,650
2025-06-18,18,2,648
2025-06-18,18,3,713
2025-06-18,18,4,306
2025-06-18,18,5,253
2025-06-18,19,1,324
2025-06-18,19,2,298
2025-06-18,19,3,351
2025-06-18,19,4,143
2025-06-18,19,5,107
2025-06-18,20,1,325
2025-06-18,20,2,302
2025-06-18,20,3,364
2025-06-18,20,4,155
2025-06-18,20,5,134
2025-06-18,21,1,176
2025-06-18,21,2,178
2025-06-18,21,3,189
2025-06-18,21,4,69
2025-06-18,21,5,56
2025-06-18,22,1,309
2025-06-18,22,2,305
2025-06-18,22,3,341
2025-06-18,22,4,113
2025-06-18,22,5,118
2025-06-18,23,1,75
2025-06-18,23,2,78
2025-06-18,23,3,85
2025-06-18,23,4,42
2025-06-18,23,5,37
2025-06-18,24,1,77
2025-06-18,24,2,59
2025-06-18,24,3,87
2025-06-18,24,4,39
2025-06-18,24,5,18
2025-06-18,25,1,223
2025-06-18,25,2,242
2025-06-18,25,3,296
2025-06-18,25,4,111
2025-06-18,25,5,106
2025-06-19,1,1,604
2025-06-19,1,2,513
2025-06-19,1,3,658
2025-06-19,1,4,292
2025-06-19,1,5,225
2025-06-19,2,1,338
2025-06-19,2,2,336
2025-06-19,2,3,382
2025-06-19,2,4,159
2025-06-19,2,5,129
2025-06-19,3,1,177
2025-06-19,3,2,136
2025-06-19,3,3,199
2025-06-19,3,4,92
2025-06-19,3,5,62
2025-06-19,4,1,464
2025-06-19,4,2,396
2025-06-19,4,3,536
2025-06-19,4,4,240
2025-06-19,4,5,169
2025-06-19,5,1,433
2025-06-19,5,2,386
2025-06-19,5,3,460
2025-06-19,5,4,169
2025-06-19,5,5,160
2025-06-19,6,1,254
2025-06-19,6,2,226
2025-06-19,6,3,272
2025-06-19,6,4,116
2025-06-19,6,5,101
2025-06-19,7,1,284
2025-06-19,7,2,238
2025-06-19,7,3,305
2025-06-19,7,4,125
2025-06-19,7,5,108
2025-06-19,8,1,122
2025-06-19,8,2,114
2025-06-19,8,3,153
2025-06-19,8,4,72
2025-06-19,8,5,54
2025-06-19,9,1,326
2025-06-19,9,2,329
2025-06-19,9,3,361
2025-06-19,9,4,145
2025-06-19,9,5,127
2025-06-19,10,1,149
2025-06-19,10,2,133
2025-06-19,10,3,179
2025-06-19,10,4,81
2025-06-19,10,5,60
2025-06-19,11,1,242
2025-06-19,11,2,215
2025-06-19,11,3,256
2025-06-19,11,4,107
2025-06-19,11,5,98
2025-06-19,12,1,263
2025-06-19,12,2,206
2025-06-19,12,3,320
2025-06-19,12,4,122
2025-06-19,12,5,101
2025-06-19,13,1,315
2025-06-19,13,2,301
2025-06-19,13,3,358
2025-06-19,13,4,155
2025-06-19,13,5,128
2025-06-19,14,1,202
2025-06-19,14,2,177
2025-06-19,14,3,264
2025-06-19,14,4,109
2025-06-19,14,5,55
2025-06-19,15,1,366
2025-06-19,15,2,310
2025-06-19,15,3,412
2025-06-19,15,4,164
2025-06-19,15,5,137
2025-06-19,16,1,231
2025-06-19,16,2,169
2025-06-19,16,3,253
2025-06-19,16,4,106
2025-06-19,16,5,84
2025-06-19,17,1,283
2025-06-19,17,2,245
2025-06-19,17,3,306
2025-06-19,17,4,147
2025-06-19,17,5,106
2025-06-19,18,1,660
2025-06-19,18,2,559
2025-06-19,18,3,710
2025-06-19,18,4,290
2025-06-19,18,5,263
2025-06-19,19,1,310
2025-06-19,19,2,295
2025-06-19,19,3,333
2025-06-19,19,4,157
2025-06-19,19,5,124
2025-06-19,20,1,333
2025-06-19,20,2,264
2025-06-19,20,3,360
2025-06-19,20,4,145
2025-06-19,20,5,133
2025-06-19,21,1,174
2025-06-19,21,2,143
2025-06-19,21,3,174
2025-06-19,21,4,83
2025-06-19,21,5,68
2025-06-19,22,1,314
2025-06-19,22,2,266
2025-06-19,22,3,323
2025-06-19,22,4,130
2025-06-19,22,5,103
2025-06-19,23,1,97
2025-06-19,23,2,70
2025-06-19,23,3,86
2025-06-19,23,4,40
2025-06-19,23,5,30
2025-06-19,24,1,88
2025-06-19,24,2,66
2025-06-19,24,3,71
2025-06-19,24,4,36
2025-06-19,24,5,25
2025-06-19,25,1,224
2025-06-19,25,2,200
2025-06-19,25,3,230
2025-06-19,25,4,111
2025-06-19,25,5,103
2025-06-20,1,1,572
2025-06-20,1,2,523
2025-06-20,1,3,627
2025-06-20,1,4,275
2025-06-20,1,5,224
2025-06-20,2,1,350
2025-06-20,2,2,325
2025-06-20,2,3,412
2025-06-20,2,4,163
2025-06-20,2,5,135
2025-06-20,3,1,185
2025-06-20,3,2,145
2025-06-20,3,3,194
2025-06-20,3,4,85
2025-06-20,3,5,51
2025-06-20,4,1,473
2025-06-20,4,2,426
2025-06-20,4,3,505
2025-06-20,4,4,213
2025-06-20,4,5,178
2025-06-20,5,1,423
2025-06-20,5,2,354
2025-06-20,5,3,465
2025-06-20,5,4,193
2025-06-20,5,5,165
2025-06-20,6,1,269
2025-06-20,6,2,188
2025-06-20,6,3,303
2025-06-20,6,4,113
2025-06-20,6,5,103
2025-06-20,7,1,297
2025-06-20,7,2,249
2025-06-20,7,3,319
2025-06-20,7,4,130
2025-06-20,7,5,122
2025-06-20,8,1,150
2025-06-20,8,2,130
2025-06-20,8,3,150
2025-06-20,8,4,55
2025-06-20,8,5,36
2025-06-20,9,1,398
2025-06-20,9,2,297
2025-06-20,9,3,420
2025-06-20,9,4,154
2025-06-20,9,5,136
2025-06-20,10,1,187
2025-06-20,10,2,137
2025-06-20,10,3,216
2025-06-20,10,4,68
2025-06-20,10,5,73
2025-06-20,11,1,230
2025-06-20,11,2,196
2025-06-20,11,3,241
2025-06-20,11,4,105
2025-06-20,11,5,88
2025-06-20,12,1,280
2025-06-20,12,2,264
2025-06-20,12,3,304
2025-06-20,12,4,125
2025-06-20,12,5,111
2025-06-20,13,1,322
2025-06-20,13,2,291
2025-06-20,13,3,364
2025-06-20,13,4,161
2025-06-20,13,5,128
2025-06-20,14,1,214
2025-06-20,14,2,189
2025-06-20,14,3,205
2025-06-20,14,4,121
2025-06-20,14,5,84
2025-06-20,15,1,347
2025-06-20,15,2,340
2025-06-20,15,3,383
2025-06-20,15,4,178
2025-06-20,15,5,147
2025-06-20,16,1,214
2025-06-20,16,2,170
2025-06-20,16,3,251
2025-06-20,16,4,97
2025-06-20,16,5,78
2025-06-20,17,1,315
2025-06-20,17,2,233
2025-06-20,17,3,329
2025-06-20,17,4,117
2025-06-20,17,5,111
2025-06-20,18,1,662
2025-06-20,18,2,597
2025-06-20,18,3,742
2025-06-20,18,4,283
2025-06-20,18,5,261
2025-06-20,19,1,315
2025-06-20,19,2,319
2025-06-20,19,3,364
2025-06-20,19,4,163
2025-06-20,19,5,117
2025-06-20,20,1,356
2025-06-20,20,2,283
2025-06-20,20,3,367
2025-06-20,20,4,145
2025-06-20,20,5,133
2025-06-20,21,1,163
2025-06-20,21,2,139
2025-06-20,21,3,199
2025-06-20,21,4,64
2025-06-20,21,5,68
2025-06-20,22,1,333
2025-06-20,22,2,310
2025-06-20,22,3,336
2025-06-20,22,4,145
2025-06-20,22,5,98
2025-06-20,23,1,93
2025-06-20,23,2,65
2025-06-20,23,3,88
2025-06-20,23,4,38
2025-06-20,23,5,35
2025-06-20,24,1,77
2025-06-20,24,2,73
2025-06-20,24,3,82
2025-06-20,24,4,29
2025-06-20,24,5,37
2025-06-20,25,1,227
2025-06-20,25,2,218
2025-06-20,25,3,315
2025-06-20,25,4,91
2025-06-20,25,5,102
2025-06-21,1,1,525
2025-06-21,1,2,447
2025-06-21,1,3,520
2025-06-21,1,4,245
2025-06-21,1,5,213
2025-06-21,2,1,316
2025-06-21,2,2,249
2025-06-21,2,3,354
2025-06-21,2,4,141
2025-06-21,2,5,113
2025-06-21,3,1,145
2025-06-21,3,2,121
2025-06-21,3,3,161
2025-06-21,3,4,50
2025-06-21,3,5,47
2025-06-21,4,1,401
2025-06-21,4,2,353
2025-06-21,4,3,490
2025-06-21,4,4,177
2025-06-21,4,5,160
2025-06-21,5,1,347
2025-06-21,5,2,307
2025-06-21,5,3,373
2025-06-21,5,4,145
2025-06-21,5,5,139
2025-06-21,6,1,205
2025-06-21,6,2,203
2025-06-21,6,3,226
2025-06-21,6,4,93
2025-06-21,6,5,89
2025-06-21,7,1,248
2025-06-21,7,2,217
2025-06-21,7,3,290
2025-06-21,7,4,92
2025-06-21,7,5,90
2025-06-21,8,1,118
2025-06-21,8,2,106
2025-06-21,8,3,133
2025-06-21,8,4,52
2025-06-21,8,5,36
2025-06-21,9,1,287
2025-06-21,9,2,247
2025-06-21,9,3,316
2025-06-21,9,4,139
2025-06-21,9,5,101
2025-06-21,10,1,151
2025-06-21,10,2,109
2025-06-21,10,3,184
2025-06-21,10,4,66
2025-06-21,10,5,53
2025-06-21,11,1,183
2025-06-21,11,2,187
2025-06-21,11,3,204
2025-06-21,11,4,94
2025-06-21,11,5,66
2025-06-21,12,1,240
2025-06-21,12,2,246
2025-06-21,12,3,271
2025-06-21,12,4,105
2025-06-21,12,5,97
2025-06-21,13,1,268
2025-06-21,13,2,225
2025-06-21,13,3,303
2025-06-21,13,4,130
2025-06-21,13,5,97
2025-06-21,14,1,160
2025-06-21,14,2,163
2025-06-21,14,3,202
2025-06-21,14,4,89
2025-06-21,14,5,73
2025-06-21,15,1,335
2025-06-21,15,2,271
2025-06-21,15,3,371
2025-06-21,15,4,153
2025-06-21,15,5,96
2025-06-21,16,1,200
2025-06-21,16,2,163
2025-06-21,16,3,239
2025-06-21,16,4,93
2025-06-21,16,5,73
2025-06-21,17,1,258
2025-06-21,17,2,226
2025-06-21,17,3,259
2025-06-21,17,4,123
2025-06-21,17,5,105
2025-06-21,18,1,537
2025-06-21,18,2,477
2025-06-21,18,3,641
2025-06-21,18,4,236
2025-06-21,18,5,200
2025-06-21,19,1,276
2025-06-21,19,2,220
2025-06-21,19,3,307
2025-06-21,19,4,131
2025-06-21,19,5,102
2025-06-21,20,1,265
2025-06-21,20,2,234
2025-06-21,20,3,324
2025-06-21,20,4,139
2025-06-21,20,5,103
2025-06-21,21,1,149
2025-06-21,21,2,141
2025-06-21,21,3,187
2025-06-21,21,4,77
2025-06-21,21,5,47
2025-06-21,22,1,237
2025-06-21,22,2,214
2025-06-21,22,3,300
2025-06-21,22,4,121
2025-06-21,22,5,101
2025-06-21,23,1,84
2025-06-21,23,2,62
2025-06-21,23,3,68
2025-06-21,23,4,42
2025-06-21,23,5,22
2025-06-21,24,1,69
2025-06-21,24,2,60
2025-06-21,24,3,78
2025-06-21,24,4,35
2025-06-21,24,5,22
2025-06-21,25,1,187
2025-06-21,25,2,164
2025-06-21,25,3,244
2025-06-21,25,4,89
2025-06-21,25,5,71
2025-06-22,1,1,452
2025-06-22,1,2,384
2025-06-22,1,3,498
2025-06-22,1,4,199
2025-06-22,1,5,157
2025-06-22,2,1,275
2025-06-22,2,2,238
2025-06-22,2,3,294
2025-06-22,2,4,122
2025-06-22,2,5,121
2025-06-22,3,1,128
2025-06-22,3,2,87
2025-06-22,3,3,139
2025-06-22,3,4,53
2025-06-22,3,5,52
2025-06-22,4,1,362
2025-06-22,4,2,350
2025-06-22,4,3,387
2025-06-22,4,4,180
2025-06-22,4,5,144
2025-06-22,5,1,294
2025-06-22,5,2,241
2025-06-22,5,3,318
2025-06-22,5,4,131
2025-06-22,5,5,112
2025-06-22,6,1,174
2025-06-22,6,2,167
2025-06-22,6,3,244
2025-06-22,6,4,81
2025-06-22,6,5,72
2025-06-22,7,1,226
2025-06-22,7,2,199
2025-06-22,7,3,237
2025-06-22,7,4,103
2025-06-22,7,5,74
2025-06-22,8,1,99
2025-06-22,8,2,84
2025-06-22,8,3,109
2025-06-22,8,4,28
2025-06-22,8,5,36
2025-06-22,9,1,241
2025-06-22,9,2,256
2025-06-22,9,3,321
2025-06-22,9,4,126
2025-06-22,9,5,95
2025-06-22,10,1,121
2025-06-22,10,2,135
2025-06-22,10,3,146
2025-06-22,10,4,59
2025-06-22,10,5,56
2025-06-22,11,1,198
2025-06-22,11,2,164
2025-06-22,11,3,208
2025-06-22,11,4,83
2025-06-22,11,5,65
2025-06-22,12,1,228
2025-06-22,12,2,170
2025-06-22,12,3,217
2025-06-22,12,4,78
2025-06-22,12,5,77
2025-06-22,13,1,272
2025-06-22,13,2,218
2025-06-22,13,3,288
2025-06-22,13,4,138
2025-06-22,13,5,103
2025-06-22,14,1,168
2025-06-22,14,2,136
2025-06-22,14,3,182
2025-06-22,14,4,96
2025-06-22,14,5,66
2025-06-22,15,1,287
2025-06-22,15,2,273
2025-06-22,15,3,308
2025-06-22,15,4,123
2025-06-22,15,5,101
2025-06-22,16,1,168
2025-06-22,16,2,151
2025-06-22,16,3,181
2025-06-22,16,4,84
2025-06-22,16,5,82
2025-06-22,17,1,208
2025-06-22,17,2,198
2025-06-22,17,3,261
2025-06-22,17,4,111
2025-06-22,17,5,88
2025-06-22,18,1,499
2025-06-22,18,2,423
2025-06-22,18,3,597
2025-06-22,18,4,219
2025-06-22,18,5,147
2025-06-22,19,1,240
2025-06-22,19,2,192
2025-06-22,19,3,242
2025-06-22,19,4,113
2025-06-22,19,5,93
2025-06-22,20,1,234
2025-06-22,20,2,224
2025-06-22,20,3,312
2025-06-22,20,4,102
2025-06-22,20,5,100
2025-06-22,21,1,145
2025-06-22,21,2,103
2025-06-22,21,3,136
2025-06-22,21,4,58
2025-06-22,21,5,52
2025-06-22,22,1,236
2025-06-22,22,2,202
2025-06-22,22,3,256
2025-06-22,22,4,100
2025-06-22,22,5,100
2025-06-22,23,1,56
2025-06-22,23,2,53
2025-06-22,23,3,51
2025-06-22,23,4,30
2025-06-22,23,5,21
2025-06-22,24,1,50
2025-06-22,24,2,42
2025-06-22,24,3,64
2025-06-22,24,4,19
2025-06-22,24,5,22
2025-06-22,25,1,194
2025-06-22,25,2,153
2025-06-22,25,3,193
2025-06-22,25,4,87
2025-06-22,25,5,53
2025-06-23,1,1,719
2025-06-23,1,2,685
2025-06-23,1,3,773
2025-06-23,1,4,308
2025-06-23,1,5,238
2025-06-23,2,1,415
2025-06-23,2,2,411
2025-06-23,2,3,411
2025-06-23,2,4,207
2025-06-23,2,5,145
2025-06-23,3,1,190
2025-06-23,3,2,187
2025-06-23,3,3,242
2025-06-23,3,4,85
2025-06-23,3,5,65
2025-06-23,4,1,586
2025-06-23,4,2,505
2025-06-23,4,3,715
2025-06-23,4,4,240
2025-06-23,4,5,197
2025-06-23,5,1,438
2025-06-23,5,2,435
2025-06-23,5,3,523
2025-06-23,5,4,237
2025-06-23,5,5,178
2025-06-23,6,1,268
2025-06-23,6,2,288
2025-06-23,6,3,300
2025-06-23,6,4,149
2025-06-23,6,5,102
2025-06-23,7,1,336
2025-06-23,7,2,335
2025-06-23,7,3,372
2025-06-23,7,4,142
2025-06-23,7,5,122
2025-06-23,8,1,160
2025-06-23,8,2,158
2025-06-23,8,3,192
2025-06-23,8,4,76
2025-06-23,8,5,63
2025-06-23,9,1,392
2025-06-23,9,2,373
2025-06-23,9,3,468
2025-06-23,9,4,195
2025-06-23,9,5,154
2025-06-23,10,1,202
2025-06-23,10,2,198
2025-06-23,10,3,246
2025-06-23,10,4,93
2025-06-23,10,5,81
2025-06-23,11,1,256
2025-06-23,11,2,275
2025-06-23,11,3,341
2025-06-23,11,4,123
2025-06-23,11,5,103
2025-06-23,12,1,309
2025-06-23,12,2,322
2025-06-23,12,3,335
2025-06-23,12,4,145
2025-06-23,12,5,128
2025-06-23,13,1,397
2025-06-23,13,2,377
2025-06-23,13,3,452
2025-06-23,13,4,183
2025-06-23,13,5,161
2025-06-23,14,1,256
2025-06-23,14,2,247
2025-06-23,14,3,267
2025-06-23,14,4,124
2025-06-23,14,5,81
2025-06-23,15,1,461
2025-06-23,15,2,377
2025-06-23,15,3,521
2025-06-23,15,4,199
2025-06-23,15,5,152
2025-06-23,16,1,259
2025-06-23,16,2,278
2025-06-23,16,3,280
2025-06-23,16,4,111
2025-06-23,16,5,89
2025-06-23,17,1,360
2025-06-23,17,2,309
2025-06-23,17,3,391
2025-06-23,17,4,153
2025-06-23,17,5,128
2025-06-23,18,1,722
2025-06-23,18,2,808
2025-06-23,18,3,815
2025-06-23,18,4,345
2025-06-23,18,5,279
2025-06-23,19,1,387
2025-06-23,19,2,330
2025-06-23,19,3,395
2025-06-23,19,4,162
2025-06-23,19,5,119
2025-06-23,20,1,415
2025-06-23,20,2,370
2025-06-23,20,3,402
2025-06-23,20,4,166
2025-06-23,20,5,157
2025-06-23,21,1,241
2025-06-23,21,2,186
2025-06-23,21,3,233
2025-06-23,21,4,97
2025-06-23,21,5,58
2025-06-23,22,1,348
2025-06-23,22,2,372
2025-06-23,22,3,404
2025-06-23,22,4,150
2025-06-23,22,5,133
2025-06-23,23,1,83
2025-06-23,23,2,79
2025-06-23,23,3,115
2025-06-23,23,4,46
2025-06-23,23,5,44
2025-06-23,24,1,78
2025-06-23,24,2,79
2025-06-23,24,3,115
2025-06-23,24,4,54
2025-06-23,24,5,35
2025-06-23,25,1,268
2025-06-23,25,2,276
2025-06-23,25,3,319
2025-06-23,25,4,117
2025-06-23,25,5,104
2025-06-24,1,1,647
2025-06-24,1,2,627
2025-06-24,1,3,733
2025-06-24,1,4,298
2025-06-24,1,5,225
2025-06-24,2,1,417
2025-06-24,2,2,354
2025-06-24,2,3,450
2025-06-24,2,4,196
2025-06-24,2,5,159
2025-06-24,3,1,192
2025-06-24,3,2,189
2025-06-24,3,3,220
2025-06-24,3,4,86
2025-06-24,3,5,71
2025-06-24,4,1,548
2025-06-24,4,2,525
2025-06-24,4,3,581
2025-06-24,4,4,253
2025-06-24,4,5,184
2025-06-24,5,1,433
2025-06-24,5,2,454
2025-06-24,5,3,467
2025-06-24,5,4,194
2025-06-24,5,5,166
2025-06-24,6,1,259
2025-06-24,6,2,259
2025-06-24,6,3,308
2025-06-24,6,4,122
2025-06-24,6,5,95
2025-06-24,7,1,324
2025-06-24,7,2,310
2025-06-24,7,3,319
2025-06-24,7,4,134
2025-06-24,7,5,111
2025-06-24,8,1,120
2025-06-24,8,2,135
2025-06-24,8,3,170
2025-06-24,8,4,70
2025-06-24,8,5,51
2025-06-24,9,1,384
2025-06-24,9,2,381
2025-06-24,9,3,430
2025-06-24,9,4,175
2025-06-24,9,5,142
2025-06-24,10,1,182
2025-06-24,10,2,182
2025-06-24,10,3,195
2025-06-24,10,4,94
2025-06-24,10,5,64
2025-06-24,11,1,258
2025-06-24,11,2,231
2025-06-24,11,3,290
2025-06-24,11,4,100
2025-06-24,11,5,105
2025-06-24,12,1,297
2025-06-24,12,2,305
2025-06-24,12,3,357
2025-06-24,12,4,136
2025-06-24,12,5,118
2025-06-24,13,1,362
2025-06-24,13,2,352
2025-06-24,13,3,416
2025-06-24,13,4,161
2025-06-24,13,5,181
2025-06-24,14,1,225
2025-06-24,14,2,204
2025-06-24,14,3,252
2025-06-24,14,4,96
2025-06-24,14,5,85
2025-06-24,15,1,379
2025-06-24,15,2,375
2025-06-24,15,3,452
2025-06-24,15,4,194
2025-06-24,15,5,128
2025-06-24,16,1,274
2025-06-24,16,2,253
2025-06-24,16,3,267
2025-06-24,16,4,107
2025-06-24,16,5,88
2025-06-24,17,1,326
2025-06-24,17,2,266
2025-06-24,17,3,352
2025-06-24,17,4,135
2025-06-24,17,5,106
2025-06-24,18,1,695
2025-06-24,18,2,677
2025-06-24,18,3,796
2025-06-24,18,4,328
2025-06-24,18,5,283
2025-06-24,19,1,314
2025-06-24,19,2,324
2025-06-24,19,3,384
2025-06-24,19,4,168
2025-06-24,19,5,118
2025-06-24,20,1,354
2025-06-24,20,2,341
2025-06-24,20,3,415
2025-06-24,20,4,161
2025-06-24,20,5,132
2025-06-24,21,1,201
2025-06-24,21,2,200
2025-06-24,21,3,192
2025-06-24,21,4,90
2025-06-24,21,5,88
2025-06-24,22,1,343
2025-06-24,22,2,319
2025-06-24,22,3,350
2025-06-24,22,4,151
2025-06-24,22,5,111
2025-06-24,23,1,111
2025-06-24,23,2,86
2025-06-24,23,3,101
2025-06-24,23,4,42
2025-06-24,23,5,35
2025-06-24,24,1,93
2025-06-24,24,2,88
2025-06-24,24,3,105
2025-06-24,24,4,38
2025-06-24,24,5,37
2025-06-24,25,1,261
2025-06-24,25,2,256
2025-06-24,25,3,281
2025-06-24,25,4,118
2025-06-24,25,5,89
2025-06-25,1,1,546
2025-06-25,1,2,607
2025-06-25,1,3,642
2025-06-25,1,4,275
2025-06-25,1,5,208
2025-06-25,2,1,380
2025-06-25,2,2,349
2025-06-25,2,3,398
2025-06-25,2,4,150
2025-06-25,2,5,129
2025-06-25,3,1,160
2025-06-25,3,2,166
2025-06-25,3,3,171
2025-06-25,3,4,73
2025-06-25,3,5,49
2025-06-25,4,1,487
2025-06-25,4,2,469
2025-06-25,4,3,560
2025-06-25,4,4,237
2025-06-25,4,5,184
2025-06-25,5,1,373
2025-06-25,5,2,413
2025-06-25,5,3,423
2025-06-25,5,4,190
2025-06-25,5,5,133
2025-06-25,6,1,257
2025-06-25,6,2,220
2025-06-25,6,3,265
2025-06-25,6,4,121
2025-06-25,6,5,95
2025-06-25,7,1,283
2025-06-25,7,2,276
2025-06-25,7,3,312
2025-06-25,7,4,121
2025-06-25,7,5,87
2025-06-25,8,1,105
2025-06-25,8,2,132
2025-06-25,8,3,158
2025-06-25,8,4,51
2025-06-25,8,5,46
2025-06-25,9,1,329
2025-06-25,9,2,354
2025-06-25,9,3,398
2025-06-25,9,4,155
2025-06-25,9,5,126
2025-06-25,10,1,162
2025-06-25,10,2,165
2025-06-25,10,3,206
2025-06-25,10,4,76
2025-06-25,10,5,66
2025-06-25,11,1,237
2025-06-25,11,2,241
2025-06-25,11,3,290
2025-06-25,11,4,103
2025-06-25,11,5,85
2025-06-25,12,1,266
2025-06-25,12,2,296
2025-06-25,12,3,306
2025-06-25,12,4,131
2025-06-25,12,5,105
2025-06-25,13,1,318
2025-06-25,13,2,328
2025-06-25,13,3,374
2025-06-25,13,4,149
2025-06-25,13,5,91
2025-06-25,14,1,199
2025-06-25,14,2,215
2025-06-25,14,3,238
2025-06-25,14,4,94
2025-06-25,14,5,76
2025-06-25,15,1,374
2025-06-25,15,2,349
2025-06-25,15,3,410
2025-06-25,15,4,172
2025-06-25,15,5,116
2025-06-25,16,1,218
2025-06-25,16,2,223
2025-06-25,16,3,237
2025-06-25,16,4,113
2025-06-25,16,5,82
2025-06-25,17,1,257
2025-06-25,17,2,270
2025-06-25,17,3,322
2025-06-25,17,4,120
2025-06-25,17,5,118
2025-06-25,18,1,658
2025-06-25,18,2,621
2025-06-25,18,3,688
2025-06-25,18,4,316
2025-06-25,18,5,253
2025-06-25,19,1,334
2025-06-25,19,2,298
2025-06-25,19,3,309
2025-06-25,19,4,142
2025-06-25,19,5,112
2025-06-25,20,1,298
2025-06-25,20,2,315
2025-06-25,20,3,350
2025-06-25,20,4,151
2025-06-25,20,5,124
2025-06-25,21,1,170
2025-06-25,21,2,180
2025-06-25,21,3,195
2025-06-25,21,4,67
2025-06-25,21,5,72
2025-06-25,22,1,294
2025-06-25,22,2,331
2025-06-25,22,3,351
2025-06-25,22,4,151
2025-06-25,22,5,118
2025-06-25,23,1,76
2025-06-25,23,2,92
2025-06-25,23,3,103
2025-06-25,23,4,44
2025-06-25,23,5,28
2025-06-25,24,1,59
2025-06-25,24,2,71
2025-06-25,24,3,94
2025-06-25,24,4,32
2025-06-25,24,5,20
2025-06-25,25,1,254
2025-06-25,25,2,237
2025-06-25,25,3,261
2025-06-25,25,4,106
2025-06-25,25,5,99
2025-06-26,1,1,610
2025-06-26,1,2,484
2025-06-26,1,3,690
2025-06-26,1,4,291
2025-06-26,1,5,226
2025-06-26,2,1,312
2025-06-26,2,2,306
2025-06-26,2,3,379
2025-06-26,2,4,186
2025-06-26,2,5,151
2025-06-26,3,1,157
2025-06-26,3,2,138
2025-06-26,3,3,146
2025-06-26,3,4,66
2025-06-26,3,5,70
2025-06-26,4,1,481
2025-06-26,4,2,399
2025-06-26,4,3,509
2025-06-26,4,4,222
2025-06-26,4,5,190
2025-06-26,5,1,373
2025-06-26,5,2,342
2025-06-26,5,3,453
2025-06-26,5,4,175
2025-06-26,5,5,160
2025-06-26,6,1,212
2025-06-26,6,2,204
2025-06-26,6,3,255
2025-06-26,6,4,128
2025-06-26,6,5,90
2025-06-26,7,1,260
2025-06-26,7,2,242
2025-06-26,7,3,317
2025-06-26,7,4,118
2025-06-26,7,5,91
2025-06-26,8,1,141
2025-06-26,8,2,107
2025-06-26,8,3,153
2025-06-26,8,4,59
2025-06-26,8,5,38
2025-06-26,9,1,326
2025-06-26,9,2,280
2025-06-26,9,3,373
2025-06-26,9,4,158
2025-06-26,9,5,122
2025-06-26,10,1,162
2025-06-26,10,2,146
2025-06-26,10,3,164
2025-06-26,10,4,67
2025-06-26,10,5,58
2025-06-26,11,1,225
2025-06-26,11,2,206
2025-06-26,11,3,250
2025-06-26,11,4,120
2025-06-26,11,5,75
2025-06-26,12,1,248
2025-06-26,12,2,221
2025-06-26,12,3,321
2025-06-26,12,4,107
2025-06-26,12,5,78
2025-06-26,13,1,370
2025-06-26,13,2,304
2025-06-26,13,3,358
2025-06-26,13,4,141
2025-06-26,13,5,122
2025-06-26,14,1,213
2025-06-26,14,2,174
2025-06-26,14,3,226
2025-06-26,14,4,103
2025-06-26,14,5,68
2025-06-26,15,1,342
2025-06-26,15,2,288
2025-06-26,15,3,438
2025-06-26,15,4,157
2025-06-26,15,5,124
2025-06-26,16,1,218
2025-06-26,16,2,235
2025-06-26,16,3,238
2025-06-26,16,4,96
2025-06-26,16,5,76
2025-06-26,17,1,285
2025-06-26,17,2,230
2025-06-26,17,3,316
2025-06-26,17,4,116
2025-06-26,17,5,114
2025-06-26,18,1,612
2025-06-26,18,2,589
2025-06-26,18,3,751
2025-06-26,18,4,297
2025-06-26,18,5,245
2025-06-26,19,1,306
2025-06-26,19,2,280
2025-06-26,19,3,347
2025-06-26,19,4,128
2025-06-26,19,5,105
2025-06-26,20,1,322
2025-06-26,20,2,277
2025-06-26,20,3,363
2025-06-26,20,4,153
2025-06-26,20,5,104
2025-06-26,21,1,144
2025-06-26,21,2,143
2025-06-26,21,3,176
2025-06-26,21,4,65
2025-06-26,21,5,75
2025-06-26,22,1,289
2025-06-26,22,2,231
2025-06-26,22,3,367
2025-06-26,22,4,123
2025-06-26,22,5,103
2025-06-26,23,1,72
2025-06-26,23,2,71
2025-06-26,23,3,100
2025-06-26,23,4,47
2025-06-26,23,5,27
2025-06-26,24,1,74
2025-06-26,24,2,66
2025-06-26,24,3,87
2025-06-26,24,4,28
2025-06-26,24,5,27
2025-06-26,25,1,240
2025-06-26,25,2,214
2025-06-26,25,3,246
2025-06-26,25,4,106
2025-06-26,25,5,75
2025-06-27,1,1,577
2025-06-27,1,2,543
2025-06-27,1,3,723
2025-06-27,1,4,281
2025-06-27,1,5,216
2025-06-27,2,1,359
2025-06-27,2,2,285
2025-06-27,2,3,410
2025-06-27,2,4,171
2025-06-27,2,5,124
2025-06-27,3,1,176
2025-06-27,3,2,123
2025-06-27,3,3,188
2025-06-27,3,4,85
2025-06-27,3,5,73
2025-06-27,4,1,505
2025-06-27,4,2,417
2025-06-27,4,3,538
2025-06-27,4,4,235
2025-06-27,4,5,178
2025-06-27,5,1,412
2025-06-27,5,2,351
2025-06-27,5,3,432
2025-06-27,5,4,203
2025-06-27,5,5,153
2025-06-27,6,1,238
2025-06-27,6,2,231
2025-06-27,6,3,242
2025-06-27,6,4,116
2025-06-27,6,5,99
2025-06-27,7,1,261
2025-06-27,7,2,252
2025-06-27,7,3,298
2025-06-27,7,4,141
2025-06-27,7,5,99
2025-06-27,8,1,143
2025-06-27,8,2,113
2025-06-27,8,3,145
2025-06-27,8,4,62
2025-06-27,8,5,53
2025-06-27,9,1,337
2025-06-27,9,2,331
2025-06-27,9,3,406
2025-06-27,9,4,143
2025-06-27,9,5,136
2025-06-27,10,1,174
2025-06-27,10,2,149
2025-06-27,10,3,205
2025-06-27,10,4,83
2025-06-27,10,5,68
2025-06-27,11,1,191
2025-06-27,11,2,231
2025-06-27,11,3,251
2025-06-27,11,4,103
2025-06-27,11,5,84
2025-06-27,12,1,280
2025-06-27,12,2,259
2025-06-27,12,3,296
2025-06-27,12,4,129
2025-06-27,12,5,106
2025-06-27,13,1,324
2025-06-27,13,2,292
2025-06-27,13,3,387
2025-06-27,13,4,152
2025-06-27,13,5,131
2025-06-27,14,1,255
2025-06-27,14,2,197
2025-06-27,14,3,255
2025-06-27,14,4,107
2025-06-27,14,5,76
2025-06-27,15,1,380
2025-06-27,15,2,330
2025-06-27,15,3,455
2025-06-27,15,4,179
2025-06-27,15,5,158
2025-06-27,16,1,219
2025-06-27,16,2,207
2025-06-27,16,3,271
2025-06-27,16,4,116
2025-06-27,16,5,95
2025-06-27,17,1,280
2025-06-27,17,2,252
2025-06-27,17,3,338
2025-06-27,17,4,132
2025-06-27,17,5,105
2025-06-27,18,1,715
2025-06-27,18,2,571
2025-06-27,18,3,773
2025-06-27,18,4,272
2025-06-27,18,5,259
2025-06-27,19,1,320
2025-06-27,19,2,303
2025-06-27,19,3,337
2025-06-27,19,4,137
2025-06-27,19,5,111
2025-06-27,20,1,333
2025-06-27,20,2,325
2025-06-27,20,3,352
2025-06-27,20,4,146
2025-06-27,20,5,115
2025-06-27,21,1,172
2025-06-27,21,2,162
2025-06-27,21,3,237
2025-06-27,21,4,71
2025-06-27,21,5,71
2025-06-27,22,1,310
2025-06-27,22,2,261
2025-06-27,22,3,343
2025-06-27,22,4,147
2025-06-27,22,5,118
2025-06-27,23,1,89
2025-06-27,23,2,75
2025-06-27,23,3,107
2025-06-27,23,4,37
2025-06-27,23,5,31
2025-06-27,24,1,66
2025-06-27,24,2,65
2025-06-27,24,3,90
2025-06-27,24,4,30
2025-06-27,24,5,31
2025-06-27,25,1,243
2025-06-27,25,2,234
2025-06-27,25,3,289
2025-06-27,25,4,101
2025-06-27,25,5,86
2025-06-28,1,1,503
2025-06-28,1,2,418
2025-06-28,1,3,520
2025-06-28,1,4,201
2025-06-28,1,5,191
2025-06-28,2,1,276
2025-06-28,2,2,249
2025-06-28,2,3,339
2025-06-28,2,4,133
2025-06-28,2,5,105
2025-06-28,3,1,133
2025-06-28,3,2,105
2025-06-28,3,3,120
2025-06-28,3,4,64
2025-06-28,3,5,50
2025-06-28,4,1,425
2025-06-28,4,2,315
2025-06-28,4,3,404
2025-06-28,4,4,172
2025-06-28,4,5,159
2025-06-28,5,1,330
2025-06-28,5,2,278
2025-06-28,5,3,341
2025-06-28,5,4,165
2025-06-28,5,5,98
2025-06-28,6,1,201
2025-06-28,6,2,164
2025-06-28,6,3,227
2025-06-28,6,4,85
2025-06-28,6,5,81
2025-06-28,7,1,187
2025-06-28,7,2,178
2025-06-28,7,3,268
2025-06-28,7,4,92
2025-06-28,7,5,89
2025-06-28,8,1,96
2025-06-28,8,2,92
2025-06-28,8,3,128
2025-06-28,8,4,67
2025-06-28,8,5,42
2025-06-28,9,1,277
2025-06-28,9,2,222
2025-06-28,9,3,323
2025-06-28,9,4,162
2025-06-28,9,5,109
2025-06-28,10,1,131
2025-06-28,10,2,111
2025-06-28,10,3,156
2025-06-28,10,4,61
2025-06-28,10,5,56
2025-06-28,11,1,199
2025-06-28,11,2,161
2025-06-28,11,3,187
2025-06-28,11,4,83
2025-06-28,11,5,61
2025-06-28,12,1,222
2025-06-28,12,2,192
2025-06-28,12,3,263
2025-06-28,12,4,92
2025-06-28,12,5,89
2025-06-28,13,1,272
2025-06-28,13,2,243
2025-06-28,13,3,320
2025-06-28,13,4,125
2025-06-28,13,5,107
2025-06-28,14,1,162
2025-06-28,14,2,156
2025-06-28,14,3,194
2025-06-28,14,4,69
2025-06-28,14,5,62
2025-06-28,15,1,302
2025-06-28,15,2,282
2025-06-28,15,3,321
2025-06-28,15,4,129
2025-06-28,15,5,114
2025-06-28,16,1,212
2025-06-28,16,2,154
2025-06-28,16,3,207
2025-06-28,16,4,70
2025-06-28,16,5,66
2025-06-28,17,1,229
2025-06-28,17,2,211
2025-06-28,17,3,274
2025-06-28,17,4,106
2025-06-28,17,5,90
2025-06-28,18,1,535
2025-06-28,18,2,455
2025-06-28,18,3,586
2025-06-28,18,4,264
2025-06-28,18,5,179
2025-06-28,19,1,283
2025-06-28,19,2,217
2025-06-28,19,3,279
2025-06-28,19,4,115
2025-06-28,19,5,106
2025-06-28,20,1,237
2025-06-28,20,2,211
2025-06-28,20,3,327
2025-06-28,20,4,120
2025-06-28,20,5,92
2025-06-28,21,1,164
2025-06-28,21,2,131
2025-06-28,21,3,144
2025-06-28,21,4,73
2025-06-28,21,5,53
2025-06-28,22,1,263
2025-06-28,22,2,236
2025-06-28,22,3,289
2025-06-28,22,4,121
2025-06-28,22,5,94
2025-06-28,23,1,75
2025-06-28,23,2,57
2025-06-28,23,3,69
2025-06-28,23,4,16
2025-06-28,23,5,24
2025-06-28,24,1,63
2025-06-28,24,2,49
2025-06-28,24,3,86
2025-06-28,24,4,29
2025-06-28,24,5,12
2025-06-28,25,1,190
2025-06-28,25,2,159
2025-06-28,25,3,211
2025-06-28,25,4,96
2025-06-28,25,5,73
2025-06-29,1,1,407
2025-06-29,1,2,354
2025-06-29,1,3,530
2025-06-29,1,4,201
2025-06-29,1,5,148
2025-06-29,2,1,267
2025-06-29,2,2,230
2025-06-29,2,3,333
2025-06-29,2,4,135
2025-06-29,2,5,122
2025-06-29,3,1,137
2025-06-29,3,2,122
2025-06-29,3,3,141
2025-06-29,3,4,53
2025-06-29,3,5,43
2025-06-29,4,1,369
2025-06-29,4,2,320
2025-06-29,4,3,400
2025-06-29,4,4,168
2025-06-29,4,5,151
2025-06-29,5,1,296
2025-06-29,5,2,287
2025-06-29,5,3,334
2025-06-29,5,4,135
2025-06-29,5,5,108
2025-06-29,6,1,194
2025-06-29,6,2,176
2025-06-29,6,3,211
2025-06-29,6,4,100
2025-06-29,6,5,68
2025-06-29,7,1,197
2025-06-29,7,2,182
2025-06-29,7,3,245
2025-06-29,7,4,94
2025-06-29,7,5,77
2025-06-29,8,1,102
2025-06-29,8,2,77
2025-06-29,8,3,106
2025-06-29,8,4,46
2025-06-29,8,5,51
2025-06-29,9,1,275
2025-06-29,9,2,243
2025-06-29,9,3,275
2025-06-29,9,4,117
2025-06-29,9,5,98
2025-06-29,10,1,115
2025-06-29,10,2,118
2025-06-29,10,3,157
2025-06-29,10,4,67
2025-06-29,10,5,62
2025-06-29,11,1,185
2025-06-29,11,2,137
2025-06-29,11,3,205
2025-06-29,11,4,94
2025-06-29,11,5,70
2025-06-29,12,1,192
2025-06-29,12,2,182
2025-06-29,12,3,249
2025-06-29,12,4,126
2025-06-29,12,5,79
2025-06-29,13,1,249
2025-06-29,13,2,228
2025-06-29,13,3,262
2025-06-29,13,4,107
2025-06-29,13,5,86
2025-06-29,14,1,141
2025-06-29,14,2,145
2025-06-29,14,3,199
2025-06-29,14,4,69
2025-06-29,14,5,72
2025-06-29,15,1,312
2025-06-29,15,2,220
2025-06-29,15,3,285
2025-06-29,15,4,151
2025-06-29,15,5,78
2025-06-29,16,1,168
2025-06-29,16,2,136
2025-06-29,16,3,192
2025-06-29,16,4,75
2025-06-29,16,5,57
2025-06-29,17,1,221
2025-06-29,17,2,183
2025-06-29,17,3,226
2025-06-29,17,4,76
2025-06-29,17,5,70
2025-06-29,18,1,507
2025-06-29,18,2,465
2025-06-29,18,3,526
2025-06-29,18,4,266
2025-06-29,18,5,194
2025-06-29,19,1,251
2025-06-29,19,2,203
2025-06-29,19,3,246
2025-06-29,19,4,100
2025-06-29,19,5,112
2025-06-29,20,1,248
2025-06-29,20,2,234
2025-06-29,20,3,271
2025-06-29,20,4,120
2025-06-29,20,5,83
2025-06-29,21,1,133
2025-06-29,21,2,101
2025-06-29,21,3,137
2025-06-29,21,4,54
2025-06-29,21,5,49
2025-06-29,22,1,243
2025-06-29,22,2,215
2025-06-29,22,3,273
2025-06-29,22,4,98
2025-06-29,22,5,100
2025-06-29,23,1,69
2025-06-29,23,2,58
2025-06-29,23,3,54
2025-06-29,23,4,37
2025-06-29,23,5,41
2025-06-29,24,1,62
2025-06-29,24,2,49
2025-06-29,24,3,70
2025-06-29,24,4,25
2025-06-29,24,5,21
2025-06-29,25,1,174
2025-06-29,25,2,187
2025-06-29,25,3,206
2025-06-29,25,4,78
2025-06-29,25,5,69
2025-06-30,1,1,686
2025-06-30,1,2,669
2025-06-30,1,3,721
2025-06-30,1,4,297
2025-06-30,1,5,234
2025-06-30,2,1,388
2025-06-30,2,2,396
2025-06-30,2,3,436
2025-06-30,2,4,195
2025-06-30,2,5,163
2025-06-30,3,1,176
2025-06-30,3,2,188
2025-06-30,3,3,213
2025-06-30,3,4,78
2025-06-30,3,5,62
2025-06-30,4,1,561
2025-06-30,4,2,562
2025-06-30,4,3,598
2025-06-30,4,4,272
2025-06-30,4,5,229
2025-06-30,5,1,410
2025-06-30,5,2,446
2025-06-30,5,3,506
2025-06-30,5,4,210
2025-06-30,5,5,188
2025-06-30,6,1,317
2025-06-30,6,2,295
2025-06-30,6,3,324
2025-06-30,6,4,126
2025-06-30,6,5,95
2025-06-30,7,1,296
2025-06-30,7,2,296
2025-06-30,7,3,360
2025-06-30,7,4,136
2025-06-30,7,5,121
2025-06-30,8,1,160
2025-06-30,8,2,146
2025-06-30,8,3,164
2025-06-30,8,4,67
2025-06-30,8,5,54
2025-06-30,9,1,358
2025-06-30,9,2,367
2025-06-30,9,3,469
2025-06-30,9,4,197
2025-06-30,9,5,162
2025-06-30,10,1,189
2025-06-30,10,2,219
2025-06-30,10,3,228
2025-06-30,10,4,88
2025-06-30,10,5,82
2025-06-30,11,1,300
2025-06-30,11,2,241
2025-06-30,11,3,311
2025-06-30,11,4,102
2025-06-30,11,5,110
2025-06-30,12,1,320
2025-06-30,12,2,332
2025-06-30,12,3,388
2025-06-30,12,4,136
2025-06-30,12,5,108
2025-06-30,13,1,376
2025-06-30,13,2,391
2025-06-30,13,3,418
2025-06-30,13,4,191
2025-06-30,13,5,141
2025-06-30,14,1,251
2025-06-30,14,2,238
2025-06-30,14,3,265
2025-06-30,14,4,92
2025-06-30,14,5,84
2025-06-30,15,1,417
2025-06-30,15,2,396
2025-06-30,15,3,490
2025-06-30,15,4,178
2025-06-30,15,5,154
2025-06-30,16,1,281
2025-06-30,16,2,238
2025-06-30,16,3,311
2025-06-30,16,4,124
2025-06-30,16,5,102
2025-06-30,17,1,332
2025-06-30,17,2,322
2025-06-30,17,3,375
2025-06-30,17,4,159
2025-06-30,17,5,123
2025-06-30,18,1,726
2025-06-30,18,2,722
2025-06-30,18,3,824
2025-06-30,18,4,306
2025-06-30,18,5,269
2025-06-30,19,1,377
2025-06-30,19,2,343
2025-06-30,19,3,408
2025-06-30,19,4,161
2025-06-30,19,5,124
2025-06-30,20,1,388
2025-06-30,20,2,388
2025-06-30,20,3,428
2025-06-30,20,4,193
2025-06-30,20,5,147
2025-06-30,21,1,192
2025-06-30,21,2,194
2025-06-30,21,3,235
2025-06-30,21,4,85
2025-06-30,21,5,73
2025-06-30,22,1,348
2025-06-30,22,2,360
2025-06-30,22,3,384
2025-06-30,22,4,160
2025-06-30,22,5,132
2025-06-30,23,1,90
2025-06-30,23,2,100
2025-06-30,23,3,117
2025-06-30,23,4,47
2025-06-30,23,5,33
2025-06-30,24,1,83
2025-06-30,24,2,80
2025-06-30,24,3,95
2025-06-30,24,4,34
2025-06-30,24,5,21
2025-06-30,25,1,259
2025-06-30,25,2,246
2025-06-30,25,3,295
2025-06-30,25,4,121
2025-06-30,25,5,97
2025-07-01,1,1,710
2025-07-01,1,2,615
2025-07-01,1,3,743
2025-07-01,1,4,312
2025-07-01,1,5,246
2025-07-01,2,1,382
2025-07-01,2,2,435
2025-07-01,2,3,454
2025-07-01,2,4,163
2025-07-01,2,5,160
2025-07-01,3,1,184
2025-07-01,3,2,192
2025-07-01,3,3,192
2025-07-01,3,4,94
2025-07-01,3,5,62
2025-07-01,4,1,567
2025-07-01,4,2,553
2025-07-01,4,3,629
2025-07-01,4,4,264
2025-07-01,4,5,214
2025-07-01,5,1,477
2025-07-01,5,2,421
2025-07-01,5,3,486
2025-07-01,5,4,193
2025-07-01,5,5,191
2025-07-01,6,1,305
2025-07-01,6,2,252
2025-07-01,6,3,305
2025-07-01,6,4,127
2025-07-01,6,5,81
2025-07-01,7,1,327
2025-07-01,7,2,330
2025-07-01,7,3,367
2025-07-01,7,4,128
2025-07-01,7,5,125
2025-07-01,8,1,145
2025-07-01,8,2,147
2025-07-01,8,3,174
2025-07-01,8,4,68
2025-07-01,8,5,57
2025-07-01,9,1,415
2025-07-01,9,2,351
2025-07-01,9,3,431
2025-07-01,9,4,197
2025-07-01,9,5,144
2025-07-01,10,1,193
2025-07-01,10,2,178
2025-07-01,10,3,235
2025-07-01,10,4,94
2025-07-01,10,5,64
2025-07-01,11,1,262
2025-07-01,11,2,257
2025-07-01,11,3,267
2025-07-01,11,4,118
2025-07-01,11,5,93
2025-07-01,12,1,322
2025-07-01,12,2,301
2025-07-01,12,3,381
2025-07-01,12,4,139
2025-07-01,12,5,115
2025-07-01,13,1,376
2025-07-01,13,2,355
2025-07-01,13,3,405
2025-07-01,13,4,176
2025-07-01,13,5,143
2025-07-01,14,1,286
2025-07-01,14,2,259
2025-07-01,14,3,269
2025-07-01,14,4,104
2025-07-01,14,5,103
2025-07-01,15,1,416
2025-07-01,15,2,429
2025-07-01,15,3,462
2025-07-01,15,4,182
2025-07-01,15,5,136
2025-07-01,16,1,275
2025-07-01,16,2,225
2025-07-01,16,3,285
2025-07-01,16,4,124
2025-07-01,16,5,95
2025-07-01,17,1,298
2025-07-01,17,2,303
2025-07-01,17,3,353
2025-07-01,17,4,150
2025-07-01,17,5,114
2025-07-01,18,1,759
2025-07-01,18,2,721
2025-07-01,18,3,782
2025-07-01,18,4,319
2025-07-01,18,5,304
2025-07-01,19,1,377
2025-07-01,19,2,316
2025-07-01,19,3,348
2025-07-01,19,4,169
2025-07-01,19,5,121
2025-07-01,20,1,370
2025-07-01,20,2,348
2025-07-01,20,3,403
2025-07-01,20,4,151
2025-07-01,20,5,139
2025-07-01,21,1,216
2025-07-01,21,2,195
2025-07-01,21,3,218
2025-07-01,21,4,117
2025-07-01,21,5,98
2025-07-01,22,1,334
2025-07-01,22,2,363
2025-07-01,22,3,388
2025-07-01,22,4,148
2025-07-01,22,5,145
2025-07-01,23,1,98
2025-07-01,23,2,85
2025-07-01,23,3,98
2025-07-01,23,4,44
2025-07-01,23,5,34
2025-07-01,24,1,81
2025-07-01,24,2,74
2025-07-01,24,3,119
2025-07-01,24,4,34
2025-07-01,24,5,26
2025-07-01,25,1,268
2025-07-01,25,2,257
2025-07-01,25,3,323
2025-07-01,25,4,135
2025-07-01,25,5,100
2025-07-02,1,1,606
2025-07-02,1,2,575
2025-07-02,1,3,679
2025-07-02,1,4,248
2025-07-02,1,5,212
2025-07-02,2,1,359
2025-07-02,2,2,323
2025-07-02,2,3,407
2025-07-02,2,4,148
2025-07-02,2,5,130
2025-07-02,3,1,153
2025-07-02,3,2,173
2025-07-02,3,3,202
2025-07-02,3,4,65
2025-07-02,3,5,56
2025-07-02,4,1,445
2025-07-02,4,2,453
2025-07-02,4,3,525
2025-07-02,4,4,203
2025-07-02,4,5,183
2025-07-02,5,1,420
2025-07-02,5,2,379
2025-07-02,5,3,419
2025-07-02,5,4,182
2025-07-02,5,5,150
2025-07-02,6,1,192
2025-07-02,6,2,240
2025-07-02,6,3,276
2025-07-02,6,4,108
2025-07-02,6,5,107
2025-07-02,7,1,264
2025-07-02,7,2,230
2025-07-02,7,3,309
2025-07-02,7,4,105
2025-07-02,7,5,105
2025-07-02,8,1,140
2025-07-02,8,2,122
2025-07-02,8,3,148
2025-07-02,8,4,57
2025-07-02,8,5,57
2025-07-02,9,1,320
2025-07-02,9,2,334
2025-07-02,9,3,394
2025-07-02,9,4,165
2025-07-02,9,5,126
2025-07-02,10,1,150
2025-07-02,10,2,161
2025-07-02,10,3,218
2025-07-02,10,4,80
2025-07-02,10,5,66
2025-07-02,11,1,275
2025-07-02,11,2,229
2025-07-02,11,3,277
2025-07-02,11,4,121
2025-07-02,11,5,76
2025-07-02,12,1,263
2025-07-02,12,2,252
2025-07-02,12,3,335
2025-07-02,12,4,126
2025-07-02,12,5,96
2025-07-02,13,1,338
2025-07-02,13,2,329
2025-07-02,13,3,360
2025-07-02,13,4,141
2025-07-02,13,5,111
2025-07-02,14,1,195
2025-07-02,14,2,201
2025-07-02,14,3,231
2025-07-02,14,4,86
2025-07-02,14,5,84
2025-07-02,15,1,350
2025-07-02,15,2,354
2025-07-02,15,3,423
2025-07-02,15,4,169
2025-07-02,15,5,165
2025-07-02,16,1,221
2025-07-02,16,2,231
2025-07-02,16,3,300
2025-07-02,16,4,91
2025-07-02,16,5,104
2025-07-02,17,1,300
2025-07-02,17,2,272
2025-07-02,17,3,297
2025-07-02,17,4,113
2025-07-02,17,5,106
2025-07-02,18,1,639
2025-07-02,18,2,638
2025-07-02,18,3,742
2025-07-02,18,4,278
2025-07-02,18,5,225
2025-07-02,19,1,272
2025-07-02,19,2,333
2025-07-02,19,3,338
2025-07-02,19,4,124
2025-07-02,19,5,136
2025-07-02,20,1,313
2025-07-02,20,2,329
2025-07-02,20,3,346
2025-07-02,20,4,152
2025-07-02,20,5,124
2025-07-02,21,1,182
2025-07-02,21,2,190
2025-07-02,21,3,191
2025-07-02,21,4,76
2025-07-02,21,5,66
2025-07-02,22,1,287
2025-07-02,22,2,294
2025-07-02,22,3,373
2025-07-02,22,4,135
2025-07-02,22,5,105
2025-07-02,23,1,85
2025-07-02,23,2,79
2025-07-02,23,3,92
2025-07-02,23,4,45
2025-07-02,23,5,35
2025-07-02,24,1,74
2025-07-02,24,2,62
2025-07-02,24,3,94
2025-07-02,24,4,36
2025-07-02,24,5,26
2025-07-02,25,1,252
2025-07-02,25,2,223
2025-07-02,25,3,240
2025-07-02,25,4,116
2025-07-02,25,5,105
2025-07-03,1,1,551
2025-07-03,1,2,468
2025-07-03,1,3,677
2025-07-03,1,4,269
2025-07-03,1,5,229
2025-07-03,2,1,329
2025-07-03,2,2,310
2025-07-03,2,3,354
2025-07-03,2,4,141
2025-07-03,2,5,120
2025-07-03,3,1,158
2025-07-03,3,2,136
2025-07-03,3,3,193
2025-07-03,3,4,65
2025-07-03,3,5,64
2025-07-03,4,1,495
2025-07-03,4,2,409
2025-07-03,4,3,507
2025-07-03,4,4,207
2025-07-03,4,5,164
2025-07-03,5,1,420
2025-07-03,5,2,312
2025-07-03,5,3,397
2025-07-03,5,4,178
2025-07-03,5,5,160
2025-07-03,6,1,237
2025-07-03,6,2,237
2025-07-03,6,3,299
2025-07-03,6,4,89
2025-07-03,6,5,83
2025-07-03,7,1,256
2025-07-03,7,2,219
2025-07-03,7,3,298
2025-07-03,7,4,133
2025-07-03,7,5,116
2025-07-03,8,1,134
2025-07-03,8,2,106
2025-07-03,8,3,144
2025-07-03,8,4,54
2025-07-03,8,5,32
2025-07-03,9,1,310
2025-07-03,9,2,302
2025-07-03,9,3,380
2025-07-03,9,4,136
2025-07-03,9,5,145
2025-07-03,10,1,156
2025-07-03,10,2,155
2025-07-03,10,3,175
2025-07-03,10,4,85
2025-07-03,10,5,56
2025-07-03,11,1,246
2025-07-03,11,2,204
2025-07-03,11,3,269
2025-07-03,11,4,117
2025-07-03,11,5,79
2025-07-03,12,1,243
2025-07-03,12,2,250
2025-07-03,12,3,310
2025-07-03,12,4,106
2025-07-03,12,5,103
2025-07-03,13,1,355
2025-07-03,13,2,256
2025-07-03,13,3,357
2025-07-03,13,4,153
2025-07-03,13,5,119
2025-07-03,14,1,198
2025-07-03,14,2,183
2025-07-03,14,3,216
2025-07-03,14,4,80
2025-07-03,14,5,85
2025-07-03,15,1,374
2025-07-03,15,2,323
2025-07-03,15,3,396
2025-07-03,15,4,163
2025-07-03,15,5,121
2025-07-03,16,1,219
2025-07-03,16,2,200
2025-07-03,16,3,248
2025-07-03,16,4,87
2025-07-03,16,5,74
2025-07-03,17,1,273
2025-07-03,17,2,223
2025-07-03,17,3,309
2025-07-03,17,4,119
2025-07-03,17,5,112
2025-07-03,18,1,627
2025-07-03,18,2,554
2025-07-03,18,3,750
2025-07-03,18,4,297
2025-07-03,18,5,215
2025-07-03,19,1,312
2025-07-03,19,2,256
2025-07-03,19,3,366
2025-07-03,19,4,111
2025-07-03,19,5,102
2025-07-03,20,1,366
2025-07-03,20,2,293
2025-07-03,20,3,371
2025-07-03,20,4,167
2025-07-03,20,5,130
2025-07-03,21,1,178
2025-07-03,21,2,145
2025-07-03,21,3,170
2025-07-03,21,4,66
2025-07-03,21,5,52
2025-07-03,22,1,285
2025-07-03,22,2,246
2025-07-03,22,3,316
2025-07-03,22,4,144
2025-07-03,22,5,111
2025-07-03,23,1,87
2025-07-03,23,2,73
2025-07-03,23,3,80
2025-07-03,23,4,36
2025-07-03,23,5,27
2025-07-03,24,1,77
2025-07-03,24,2,66
2025-07-03,24,3,87
2025-07-03,24,4,33
2025-07-03,24,5,28
2025-07-03,25,1,233
2025-07-03,25,2,204
2025-07-03,25,3,247
2025-07-03,25,4,112
2025-07-03,25,5,72
2025-07-04,1,1,561
2025-07-04,1,2,509
2025-07-04,1,3,668
2025-07-04,1,4,255
2025-07-04,1,5,203
2025-07-04,2,1,358
2025-07-04,2,2,283
2025-07-04,2,3,381
2025-07-04,2,4,175
2025-07-04,2,5,137
2025-07-04,3,1,155
2025-07-04,3,2,144
2025-07-04,3,3,191
2025-07-04,3,4,70
2025-07-04,3,5,55
2025-07-04,4,1,479
2025-07-04,4,2,402
2025-07-04,4,3,554
2025-07-04,4,4,222
2025-07-04,4,5,191
2025-07-04,5,1,376
2025-07-04,5,2,315
2025-07-04,5,3,414
2025-07-04,5,4,172
2025-07-04,5,5,149
2025-07-04,6,1,235
2025-07-04,6,2,216
2025-07-04,6,3,283
2025-07-04,6,4,104
2025-07-04,6,5,95
2025-07-04,7,1,289
2025-07-04,7,2,252
2025-07-04,7,3,339
2025-07-04,7,4,138
2025-07-04,7,5,99
2025-07-04,8,1,145
2025-07-04,8,2,125
2025-07-04,8,3,176
2025-07-04,8,4,62
2025-07-04,8,5,53
2025-07-04,9,1,332
2025-07-04,9,2,287
2025-07-04,9,3,391
2025-07-04,9,4,134
2025-07-04,9,5,136
2025-07-04,10,1,205
2025-07-04,10,2,142
2025-07-04,10,3,211
2025-07-04,10,4,76
2025-07-04,10,5,72
2025-07-04,11,1,206
2025-07-04,11,2,205
2025-07-04,11,3,268
2025-07-04,11,4,99
2025-07-04,11,5,71
2025-07-04,12,1,304
2025-07-04,12,2,245
2025-07-04,12,3,306
2025-07-04,12,4,115
2025-07-04,12,5,115
2025-07-04,13,1,332
2025-07-04,13,2,310
2025-07-04,13,3,358
2025-07-04,13,4,163
2025-07-04,13,5,136
2025-07-04,14,1,245
2025-07-04,14,2,168
2025-07-04,14,3,242
2025-07-04,14,4,93
2025-07-04,14,5,78
2025-07-04,15,1,350
2025-07-04,15,2,330
2025-07-04,15,3,422
2025-07-04,15,4,171
2025-07-04,15,5,136
2025-07-04,16,1,255
2025-07-04,16,2,204
2025-07-04,16,3,251
2025-07-04,16,4,108
2025-07-04,16,5,82
2025-07-04,17,1,314
2025-07-04,17,2,265
2025-07-04,17,3,312
2025-07-04,17,4,132
2025-07-04,17,5,102
2025-07-04,18,1,645
2025-07-04,18,2,558
2025-07-04,18,3,671
2025-07-04,18,4,299
2025-07-04,18,5,258
2025-07-04,19,1,315
2025-07-04,19,2,243
2025-07-04,19,3,367
2025-07-04,19,4,135
2025-07-04,19,5,101
2025-07-04,20,1,316
2025-07-04,20,2,258
2025-07-04,20,3,367
2025-07-04,20,4,159
2025-07-04,20,5,124
2025-07-04,21,1,172
2025-07-04,21,2,154
2025-07-04,21,3,206
2025-07-04,21,4,82
2025-07-04,21,5,65
2025-07-04,22,1,312
2025-07-04,22,2,276
2025-07-04,22,3,341
2025-07-04,22,4,134
2025-07-04,22,5,102
2025-07-04,23,1,98
2025-07-04,23,2,80
2025-07-04,23,3,88
2025-07-04,23,4,27
2025-07-04,23,5,32
2025-07-04,24,1,74
2025-07-04,24,2,77
2025-07-04,24,3,76
2025-07-04,24,4,35
2025-07-04,24,5,26
2025-07-04,25,1,207
2025-07-04,25,2,194
2025-07-04,25,3,274
2025-07-04,25,4,110
2025-07-04,25,5,89
2025-07-05,1,1,452
2025-07-05,1,2,401
2025-07-05,1,3,534
2025-07-05,1,4,207
2025-07-05,1,5,184
2025-07-05,2,1,264
2025-07-05,2,2,228
2025-07-05,2,3,340
2025-07-05,2,4,126
2025-07-05,2,5,117
2025-07-05,3,1,144
2025-07-05,3,2,125
2025-07-05,3,3,156
2025-07-05,3,4,59
2025-07-05,3,5,57
2025-07-05,4,1,394
2025-07-05,4,2,320
2025-07-05,4,3,393
2025-07-05,4,4,199
2025-07-05,4,5,126
2025-07-05,5,1,297
2025-07-05,5,2,278
2025-07-05,5,3,358
2025-07-05,5,4,122
2025-07-05,5,5,116
2025-07-05,6,1,185
2025-07-05,6,2,189
2025-07-05,6,3,207
2025-07-05,6,4,89
2025-07-05,6,5,78
2025-07-05,7,1,236
2025-07-05,7,2,204
2025-07-05,7,3,217
2025-07-05,7,4,89
2025-07-05,7,5,95
2025-07-05,8,1,93
2025-07-05,8,2,92
2025-07-05,8,3,117
2025-07-05,8,4,54
2025-07-05,8,5,42
2025-07-05,9,1,275
2025-07-05,9,2,240
2025-07-05,9,3,305
2025-07-05,9,4,108
2025-07-05,9,5,123
2025-07-05,10,1,133
2025-07-05,10,2,119
2025-07-05,10,3,155
2025-07-05,10,4,54
2025-07-05,10,5,48
2025-07-05,11,1,187
2025-07-05,11,2,152
2025-07-05,11,3,180
2025-07-05,11,4,84
2025-07-05,11,5,64
2025-07-05,12,1,224
2025-07-05,12,2,190
2025-07-05,12,3,250
2025-07-05,12,4,95
2025-07-05,12,5,77
2025-07-05,13,1,268
2025-07-05,13,2,243
2025-07-05,13,3,290
2025-07-05,13,4,121
2025-07-05,13,5,90
2025-07-05,14,1,153
2025-07-05,14,2,156
2025-07-05,14,3,193
2025-07-05,14,4,99
2025-07-05,14,5,69
2025-07-05,15,1,272
2025-07-05,15,2,260
2025-07-05,15,3,326
2025-07-05,15,4,146
2025-07-05,15,5,121
2025-07-05,16,1,189
2025-07-05,16,2,160
2025-07-05,16,3,195
2025-07-05,16,4,77
2025-07-05,16,5,71
2025-07-05,17,1,229
2025-07-05,17,2,200
2025-07-05,17,3,234
2025-07-05,17,4,111
2025-07-05,17,5,89
2025-07-05,18,1,502
2025-07-05,18,2,440
2025-07-05,18,3,600
2025-07-05,18,4,236
2025-07-05,18,5,182
2025-07-05,19,1,239
2025-07-05,19,2,244
2025-07-05,19,3,277
2025-07-05,19,4,117
2025-07-05,19,5,89
2025-07-05,20,1,253
2025-07-05,20,2,208
2025-07-05,20,3,273
2025-07-05,20,4,127
2025-07-05,20,5,98
2025-07-05,21,1,132
2025-07-05,21,2,129
2025-07-05,21,3,159
2025-07-05,21,4,51
2025-07-05,21,5,53
2025-07-05,22,1,227
2025-07-05,22,2,192
2025-07-05,22,3,256
2025-07-05,22,4,106
2025-07-05,22,5,99
2025-07-05,23,1,70
2025-07-05,23,2,55
2025-07-05,23,3,65
2025-07-05,23,4,36
2025-07-05,23,5,18
2025-07-05,24,1,73
2025-07-05,24,2,66
2025-07-05,24,3,63
2025-07-05,24,4,34
2025-07-05,24,5,19
2025-07-05,25,1,200
2025-07-05,25,2,155
2025-07-05,25,3,256
2025-07-05,25,4,85
2025-07-05,25,5,74
2025-07-06,1,1,415
2025-07-06,1,2,390
2025-07-06,1,3,485
2025-07-06,1,4,204
2025-07-06,1,5,177
2025-07-06,2,1,280
2025-07-06,2,2,215
2025-07-06,2,3,311
2025-07-06,2,4,113
2025-07-06,2,5,97
2025-07-06,3,1,112
2025-07-06,3,2,95
2025-07-06,3,3,131
2025-07-06,3,4,48
2025-07-06,3,5,48
2025-07-06,4,1,357
2025-07-06,4,2,297
2025-07-06,4,3,439
2025-07-06,4,4,158
2025-07-06,4,5,131
2025-07-06,5,1,285
2025-07-06,5,2,279
2025-07-06,5,3,325
2025-07-06,5,4,139
2025-07-06,5,5,106
2025-07-06,6,1,179
2025-07-06,6,2,178
2025-07-06,6,3,208
2025-07-06,6,4,76
2025-07-06,6,5,63
2025-07-06,7,1,226
2025-07-06,7,2,200
2025-07-06,7,3,228
2025-07-06,7,4,92
2025-07-06,7,5,73
2025-07-06,8,1,116
2025-07-06,8,2,83
2025-07-06,8,3,135
2025-07-06,8,4,38
2025-07-06,8,5,35
2025-07-06,9,1,265
2025-07-06,9,2,237
2025-07-06,9,3,332
2025-07-06,9,4,115
2025-07-06,9,5,84
2025-07-06,10,1,140
2025-07-06,10,2,112
2025-07-06,10,3,123
2025-07-06,10,4,65
2025-07-06,10,5,56
2025-07-06,11,1,158
2025-07-06,11,2,152
2025-07-06,11,3,187
2025-07-06,11,4,55
2025-07-06,11,5,68
2025-07-06,12,1,223
2025-07-06,12,2,175
2025-07-06,12,3,244
2025-07-06,12,4,96
2025-07-06,12,5,66
2025-07-06,13,1,234
2025-07-06,13,2,210
2025-07-06,13,3,280
2025-07-06,13,4,112
2025-07-06,13,5,87
2025-07-06,14,1,159
2025-07-06,14,2,152
2025-07-06,14,3,152
2025-07-06,14,4,69
2025-07-06,14,5,58
2025-07-06,15,1,281
2025-07-06,15,2,254
2025-07-06,15,3,320
2025-07-06,15,4,123
2025-07-06,15,5,104
2025-07-06,16,1,178
2025-07-06,16,2,164
2025-07-06,16,3,210
2025-07-06,16,4,72
2025-07-06,16,5,67
2025-07-06,17,1,234
2025-07-06,17,2,190
2025-07-06,17,3,245
2025-07-06,17,4,97
2025-07-06,17,5,68
2025-07-06,18,1,452
2025-07-06,18,2,437
2025-07-06,18,3,578
2025-07-06,18,4,228
2025-07-06,18,5,207
2025-07-06,19,1,227
2025-07-06,19,2,215
2025-07-06,19,3,255
2025-07-06,19,4,103
2025-07-06,19,5,81
2025-07-06,20,1,251
2025-07-06,20,2,228
2025-07-06,20,3,281
2025-07-06,20,4,108
2025-07-06,20,5,111
2025-07-06,21,1,143
2025-07-06,21,2,103
2025-07-06,21,3,137
2025-07-06,21,4,49
2025-07-06,21,5,53
2025-07-06,22,1,222
2025-07-06,22,2,198
2025-07-06,22,3,252
2025-07-06,22,4,114
2025-07-06,22,5,92
2025-07-06,23,1,61
2025-07-06,23,2,49
2025-07-06,23,3,65
2025-07-06,23,4,32
2025-07-06,23,5,29
2025-07-06,24,1,61
2025-07-06,24,2,42
2025-07-06,24,3,73
2025-07-06,24,4,28
2025-07-06,24,5,24
2025-07-06,25,1,181
2025-07-06,25,2,142
2025-07-06,25,3,206
2025-07-06,25,4,88
2025-07-06,25,5,55
2025-07-07,1,1,667
2025-07-07,1,2,623
2025-07-07,1,3,801
2025-07-07,1,4,292
2025-07-07,1,5,264
2025-07-07,2,1,367
2025-07-07,2,2,405
2025-07-07,2,3,432
2025-07-07,2,4,186
2025-07-07,2,5,163
2025-07-07,3,1,199
2025-07-07,3,2,208
2025-07-07,3,3,207
2025-07-07,3,4,95
2025-07-07,3,5,65
2025-07-07,4,1,517
2025-07-07,4,2,546
2025-07-07,4,3,608
2025-07-07,4,4,292
2025-07-07,4,5,179
2025-07-07,5,1,439
2025-07-07,5,2,473
2025-07-07,5,3,520
2025-07-07,5,4,179
2025-07-07,5,5,184
2025-07-07,6,1,273
2025-07-07,6,2,285
2025-07-07,6,3,322
2025-07-07,6,4,114
2025-07-07,6,5,97
2025-07-07,7,1,318
2025-07-07,7,2,321
2025-07-07,7,3,327
2025-07-07,7,4,146
2025-07-07,7,5,132
2025-07-07,8,1,149
2025-07-07,8,2,159
2025-07-07,8,3,175
2025-07-07,8,4,76
2025-07-07,8,5,56
2025-07-07,9,1,409
2025-07-07,9,2,424
2025-07-07,9,3,423
2025-07-07,9,4,185
2025-07-07,9,5,140
2025-07-07,10,1,165
2025-07-07,10,2,177
2025-07-07,10,3,202
2025-07-07,10,4,78
2025-07-07,10,5,69
2025-07-07,11,1,271
2025-07-07,11,2,291
2025-07-07,11,3,277
2025-07-07,11,4,127
2025-07-07,11,5,94
2025-07-07,12,1,299
2025-07-07,12,2,330
2025-07-07,12,3,365
2025-07-07,12,4,158
2025-07-07,12,5,121
2025-07-07,13,1,390
2025-07-07,13,2,358
2025-07-07,13,3,444
2025-07-07,13,4,191
2025-07-07,13,5,128
2025-07-07,14,1,261
2025-07-07,14,2,237
2025-07-07,14,3,274
2025-07-07,14,4,129
2025-07-07,14,5,86
2025-07-07,15,1,422
2025-07-07,15,2,394
2025-07-07,15,3,456
2025-07-07,15,4,188
2025-07-07,15,5,150
2025-07-07,16,1,227
2025-07-07,16,2,252
2025-07-07,16,3,309
2025-07-07,16,4,120
2025-07-07,16,5,98
2025-07-07,17,1,329
2025-07-07,17,2,296
2025-07-07,17,3,365
2025-07-07,17,4,146
2025-07-07,17,5,130
2025-07-07,18,1,740
2025-07-07,18,2,690
2025-07-07,18,3,836
2025-07-07,18,4,348
2025-07-07,18,5,283
2025-07-07,19,1,369
2025-07-07,19,2,354
2025-07-07,19,3,409
2025-07-07,19,4,165
2025-07-07,19,5,136
2025-07-07,20,1,380
2025-07-07,20,2,399
2025-07-07,20,3,423
2025-07-07,20,4,162
2025-07-07,20,5,137
2025-07-07,21,1,188
2025-07-07,21,2,215
2025-07-07,21,3,229
2025-07-07,21,4,81
2025-07-07,21,5,71
2025-07-07,22,1,355
2025-07-07,22,2,362
2025-07-07,22,3,417
2025-07-07,22,4,146
2025-07-07,22,5,135
2025-07-07,23,1,110
2025-07-07,23,2,101
2025-07-07,23,3,89
2025-07-07,23,4,40
2025-07-07,23,5,44
2025-07-07,24,1,86
2025-07-07,24,2,97
2025-07-07,24,3,103
2025-07-07,24,4,42
2025-07-07,24,5,37
2025-07-07,25,1,258
2025-07-07,25,2,252
2025-07-07,25,3,269
2025-07-07,25,4,130
2025-07-07,25,5,108
2025-07-08,1,1,631
2025-07-08,1,2,595
2025-07-08,1,3,710
2025-07-08,1,4,294
2025-07-08,1,5,243
2025-07-08,2,1,339
2025-07-08,2,2,355
2025-07-08,2,3,409
2025-07-08,2,4,160
2025-07-08,2,5,135
2025-07-08,3,1,185
2025-07-08,3,2,211
2025-07-08,3,3,217
2025-07-08,3,4,90
2025-07-08,3,5,68
2025-07-08,4,1,507
2025-07-08,4,2,515
2025-07-08,4,3,639
2025-07-08,4,4,226
2025-07-08,4,5,202
2025-07-08,5,1,435
2025-07-08,5,2,374
2025-07-08,5,3,457
2025-07-08,5,4,198
2025-07-08,5,5,143
2025-07-08,6,1,253
2025-07-08,6,2,244
2025-07-08,6,3,282
2025-07-08,6,4,130
2025-07-08,6,5,102
2025-07-08,7,1,274
2025-07-08,7,2,291
2025-07-08,7,3,356
2025-07-08,7,4,135
2025-07-08,7,5,115
2025-07-08,8,1,168
2025-07-08,8,2,151
2025-07-08,8,3,166
2025-07-08,8,4,80
2025-07-08,8,5,53
2025-07-08,9,1,371
2025-07-08,9,2,365
2025-07-08,9,3,428
2025-07-08,9,4,152
2025-07-08,9,5,150
2025-07-08,10,1,173
2025-07-08,10,2,195
2025-07-08,10,3,182
2025-07-08,10,4,88
2025-07-08,10,5,69
2025-07-08,11,1,275
2025-07-08,11,2,228
2025-07-08,11,3,285
2025-07-08,11,4,116
2025-07-08,11,5,100
2025-07-08,12,1,312
2025-07-08,12,2,309
2025-07-08,12,3,335
2025-07-08,12,4,159
2025-07-08,12,5,111
2025-07-08,13,1,336
2025-07-08,13,2,348
2025-07-08,13,3,377
2025-07-08,13,4,169
2025-07-08,13,5,159
2025-07-08,14,1,219
2025-07-08,14,2,213
2025-07-08,14,3,259
2025-07-08,14,4,105
2025-07-08,14,5,65
2025-07-08,15,1,427
2025-07-08,15,2,383
2025-07-08,15,3,453
2025-07-08,15,4,197
2025-07-08,15,5,144
2025-07-08,16,1,242
2025-07-08,16,2,241
2025-07-08,16,3,270
2025-07-08,16,4,113
2025-07-08,16,5,93
2025-07-08,17,1,310
2025-07-08,17,2,273
2025-07-08,17,3,348
2025-07-08,17,4,131
2025-07-08,17,5,112
2025-07-08,18,1,727
2025-07-08,18,2,673
2025-07-08,18,3,799
2025-07-08,18,4,350
2025-07-08,18,5,263
2025-07-08,19,1,351
2025-07-08,19,2,324
2025-07-08,19,3,387
2025-07-08,19,4,145
2025-07-08,19,5,112
2025-07-08,20,1,362
2025-07-08,20,2,345
2025-07-08,20,3,382
2025-07-08,20,4,144
2025-07-08,20,5,151
2025-07-08,21,1,175
2025-07-08,21,2,181
2025-07-08,21,3,218
2025-07-08,21,4,84
2025-07-08,21,5,65
2025-07-08,22,1,304
2025-07-08,22,2,296
2025-07-08,22,3,350
2025-07-08,22,4,168
2025-07-08,22,5,135
2025-07-08,23,1,81
2025-07-08,23,2,101
2025-07-08,23,3,111
2025-07-08,23,4,41
2025-07-08,23,5,37
2025-07-08,24,1,72
2025-07-08,24,2,78
2025-07-08,24,3,90
2025-07-08,24,4,29
2025-07-08,24,5,27
2025-07-08,25,1,281
2025-07-08,25,2,240
2025-07-08,25,3,308
2025-07-08,25,4,123
2025-07-08,25,5,74
2025-07-09,1,1,577
2025-07-09,1,2,566
2025-07-09,1,3,655
2025-07-09,1,4,250
2025-07-09,1,5,223
2025-07-09,2,1,344
2025-07-09,2,2,349
2025-07-09,2,3,382
2025-07-09,2,4,147
2025-07-09,2,5,130
2025-07-09,3,1,164
2025-07-09,3,2,170
2025-07-09,3,3,187
2025-07-09,3,4,75
2025-07-09,3,5,61
2025-07-09,4,1,462
2025-07-09,4,2,458
2025-07-09,4,3,542
2025-07-09,4,4,207
2025-07-09,4,5,155
2025-07-09,5,1,388
2025-07-09,5,2,359
2025-07-09,5,3,457
2025-07-09,5,4,188
2025-07-09,5,5,146
2025-07-09,6,1,240
2025-07-09,6,2,228
2025-07-09,6,3,278
2025-07-09,6,4,109
2025-07-09,6,5,99
2025-07-09,7,1,259
2025-07-09,7,2,270
2025-07-09,7,3,314
2025-07-09,7,4,120
2025-07-09,7,5,111
2025-07-09,8,1,104
2025-07-09,8,2,133
2025-07-09,8,3,149
2025-07-09,8,4,43
2025-07-09,8,5,54
2025-07-09,9,1,326
2025-07-09,9,2,314
2025-07-09,9,3,370
2025-07-09,9,4,147
2025-07-09,9,5,106
2025-07-09,10,1,163
2025-07-09,10,2,143
2025-07-09,10,3,195
2025-07-09,10,4,66
2025-07-09,10,5,76
2025-07-09,11,1,251
2025-07-09,11,2,228
2025-07-09,11,3,246
2025-07-09,11,4,99
2025-07-09,11,5,94
2025-07-09,12,1,260
2025-07-09,12,2,258
2025-07-09,12,3,286
2025-07-09,12,4,100
2025-07-09,12,5,83
2025-07-09,13,1,331
2025-07-09,13,2,316
2025-07-09,13,3,396
2025-07-09,13,4,158
2025-07-09,13,5,125
2025-07-09,14,1,204
2025-07-09,14,2,210
2025-07-09,14,3,223
2025-07-09,14,4,96
2025-07-09,14,5,90
2025-07-09,15,1,363
2025-07-09,15,2,342
2025-07-09,15,3,408
2025-07-09,15,4,186
2025-07-09,15,5,145
2025-07-09,16,1,218
2025-07-09,16,2,229
2025-07-09,16,3,254
2025-07-09,16,4,94
2025-07-09,16,5,86
2025-07-09,17,1,253
2025-07-09,17,2,249
2025-07-09,17,3,315
2025-07-09,17,4,122
2025-07-09,17,5,103
2025-07-09,18,1,609
2025-07-09,18,2,613
2025-07-09,18,3,736
2025-07-09,18,4,269
2025-07-09,18,5,231
2025-07-09,19,1,283
2025-07-09,19,2,279
2025-07-09,19,3,359
2025-07-09,19,4,164
2025-07-09,19,5,104
2025-07-09,20,1,324
2025-07-09,20,2,342
2025-07-09,20,3,373
2025-07-09,20,4,146
2025-07-09,20,5,111
2025-07-09,21,1,156
2025-07-09,21,2,174
2025-07-09,21,3,177
2025-07-09,21,4,81
2025-07-09,21,5,59
2025-07-09,22,1,287
2025-07-09,22,2,304
2025-07-09,22,3,323
2025-07-09,22,4,142
2025-07-09,22,5,124
2025-07-09,23,1,99
2025-07-09,23,2,86
2025-07-09,23,3,94
2025-07-09,23,4,29
2025-07-09,23,5,24
2025-07-09,24,1,80
2025-07-09,24,2,68
2025-07-09,24,3,87
2025-07-09,24,4,25
2025-07-09,24,5,22
2025-07-09,25,1,241
2025-07-09,25,2,214
2025-07-09,25,3,261
2025-07-09,25,4,102
2025-07-09,25,5,73
2025-07-10,1,1,566
2025-07-10,1,2,492
2025-07-10,1,3,667
2025-07-10,1,4,254
2025-07-10,1,5,239
2025-07-10,2,1,357
2025-07-10,2,2,290
2025-07-10,2,3,370
2025-07-10,2,4,159
2025-07-10,2,5,107
2025-07-10,3,1,164
2025-07-10,3,2,133
2025-07-10,3,3,164
2025-07-10,3,4,77
2025-07-10,3,5,59
2025-07-10,4,1,431
2025-07-10,4,2,465
2025-07-10,4,3,500
2025-07-10,4,4,233
2025-07-10,4,5,167
2025-07-10,5,1,382
2025-07-10,5,2,333
2025-07-10,5,3,438
2025-07-10,5,4,165
2025-07-10,5,5,156
2025-07-10,6,1,200
2025-07-10,6,2,199
2025-07-10,6,3,260
2025-07-10,6,4,130
2025-07-10,6,5,92
2025-07-10,7,1,249
2025-07-10,7,2,228
2025-07-10,7,3,310
2025-07-10,7,4,121
2025-07-10,7,5,100
2025-07-10,8,1,139
2025-07-10,8,2,91
2025-07-10,8,3,165
2025-07-10,8,4,47
2025-07-10,8,5,50
2025-07-10,9,1,360
2025-07-10,9,2,293
2025-07-10,9,3,373
2025-07-10,9,4,147
2025-07-10,9,5,145
2025-07-10,10,1,150
2025-07-10,10,2,141
2025-07-10,10,3,192
2025-07-10,10,4,57
2025-07-10,10,5,70
2025-07-10,11,1,213
2025-07-10,11,2,197
2025-07-10,11,3,238
2025-07-10,11,4,87
2025-07-10,11,5,95
2025-07-10,12,1,268
2025-07-10,12,2,264
2025-07-10,12,3,287
2025-07-10,12,4,119
2025-07-10,12,5,120
2025-07-10,13,1,336
2025-07-10,13,2,308
2025-07-10,13,3,351
2025-07-10,13,4,158
2025-07-10,13,5,128
2025-07-10,14,1,193
2025-07-10,14,2,177
2025-07-10,14,3,263
2025-07-10,14,4,108
2025-07-10,14,5,79
2025-07-10,15,1,343
2025-07-10,15,2,320
2025-07-10,15,3,405
2025-07-10,15,4,168
2025-07-10,15,5,141
2025-07-10,16,1,220
2025-07-10,16,2,200
2025-07-10,16,3,233
2025-07-10,16,4,110
2025-07-10,16,5,88
2025-07-10,17,1,290
2025-07-10,17,2,215
2025-07-10,17,3,313
2025-07-10,17,4,143
2025-07-10,17,5,115
2025-07-10,18,1,642
2025-07-10,18,2,545
2025-07-10,18,3,702
2025-07-10,18,4,268
2025-07-10,18,5,234
2025-07-10,19,1,267
2025-07-10,19,2,249
2025-07-10,19,3,324
2025-07-10,19,4,147
2025-07-10,19,5,97
2025-07-10,20,1,316
2025-07-10,20,2,279
2025-07-10,20,3,330
2025-07-10,20,4,136
2025-07-10,20,5,110
2025-07-10,21,1,206
2025-07-10,21,2,128
2025-07-10,21,3,176
2025-07-10,21,4,68
2025-07-10,21,5,71
2025-07-10,22,1,303
2025-07-10,22,2,254
2025-07-10,22,3,334
2025-07-10,22,4,151
2025-07-10,22,5,121
2025-07-10,23,1,78
2025-07-10,23,2,61
2025-07-10,23,3,91
2025-07-10,23,4,31
2025-07-10,23,5,34
2025-07-10,24,1,66
2025-07-10,24,2,68
2025-07-10,24,3,79
2025-07-10,24,4,32
2025-07-10,24,5,33
2025-07-10,25,1,221
2025-07-10,25,2,192
2025-07-10,25,3,245
2025-07-10,25,4,112
2025-07-10,25,5,81
2025-07-11,1,1,632
2025-07-11,1,2,520
2025-07-11,1,3,688
2025-07-11,1,4,291
2025-07-11,1,5,235
2025-07-11,2,1,359
2025-07-11,2,2,288
2025-07-11,2,3,423
2025-07-11,2,4,187
2025-07-11,2,5,121
2025-07-11,3,1,177
2025-07-11,3,2,146
2025-07-11,3,3,187
2025-07-11,3,4,70
2025-07-11,3,5,61
2025-07-11,4,1,482
2025-07-11,4,2,449
2025-07-11,4,3,571
2025-07-11,4,4,241
2025-07-11,4,5,195
2025-07-11,5,1,410
2025-07-11,5,2,344
2025-07-11,5,3,448
2025-07-11,5,4,201
2025-07-11,5,5,163
2025-07-11,6,1,255
2025-07-11,6,2,236
2025-07-11,6,3,292
2025-07-11,6,4,106
2025-07-11,6,5,103
2025-07-11,7,1,279
2025-07-11,7,2,284
2025-07-11,7,3,335
2025-07-11,7,4,142
2025-07-11,7,5,104
2025-07-11,8,1,137
2025-07-11,8,2,128
2025-07-11,8,3,180
2025-07-11,8,4,61
2025-07-11,8,5,55
2025-07-11,9,1,333
2025-07-11,9,2,331
2025-07-11,9,3,387
2025-07-11,9,4,170
2025-07-11,9,5,122
2025-07-11,10,1,166
2025-07-11,10,2,130
2025-07-11,10,3,198
2025-07-11,10,4,58
2025-07-11,10,5,71
2025-07-11,11,1,246
2025-07-11,11,2,205
2025-07-11,11,3,284
2025-07-11,11,4,117
2025-07-11,11,5,86
2025-07-11,12,1,311
2025-07-11,12,2,266
2025-07-11,12,3,323
2025-07-11,12,4,125
2025-07-11,12,5,105
2025-07-11,13,1,354
2025-07-11,13,2,288
2025-07-11,13,3,400
2025-07-11,13,4,142
2025-07-11,13,5,152
2025-07-11,14,1,217
2025-07-11,14,2,197
2025-07-11,14,3,240
2025-07-11,14,4,110
2025-07-11,14,5,86
2025-07-11,15,1,413
2025-07-11,15,2,333
2025-07-11,15,3,425
2025-07-11,15,4,173
2025-07-11,15,5,152
2025-07-11,16,1,238
2025-07-11,16,2,205
2025-07-11,16,3,269
2025-07-11,16,4,126
2025-07-11,16,5,74
2025-07-11,17,1,281
2025-07-11,17,2,271
2025-07-11,17,3,362
2025-07-11,17,4,166
2025-07-11,17,5,110
2025-07-11,18,1,648
2025-07-11,18,2,604
2025-07-11,18,3,809
2025-07-11,18,4,317
2025-07-11,18,5,248
2025-07-11,19,1,340
2025-07-11,19,2,263
2025-07-11,19,3,363
2025-07-11,19,4,153
2025-07-11,19,5,135
2025-07-11,20,1,361
2025-07-11,20,2,323
2025-07-11,20,3,342
2025-07-11,20,4,147
2025-07-11,20,5,138
2025-07-11,21,1,219
2025-07-11,21,2,159
2025-07-11,21,3,204
2025-07-11,21,4,69
2025-07-11,21,5,50
2025-07-11,22,1,302
2025-07-11,22,2,293
2025-07-11,22,3,375
2025-07-11,22,4,131
2025-07-11,22,5,113
2025-07-11,23,1,85
2025-07-11,23,2,79
2025-07-11,23,3,83
2025-07-11,23,4,40
2025-07-11,23,5,24
2025-07-11,24,1,83
2025-07-11,24,2,74
2025-07-11,24,3,99
2025-07-11,24,4,30
2025-07-11,24,5,17
2025-07-11,25,1,261
2025-07-11,25,2,209
2025-07-11,25,3,266
2025-07-11,25,4,109
2025-07-11,25,5,99
2025-07-12,1,1,471
2025-07-12,1,2,390
2025-07-12,1,3,493
2025-07-12,1,4,223
2025-07-12,1,5,164
2025-07-12,2,1,277
2025-07-12,2,2,252
2025-07-12,2,3,304
2025-07-12,2,4,115
2025-07-12,2,5,104
2025-07-12,3,1,123
2025-07-12,3,2,151
2025-07-12,3,3,166
2025-07-12,3,4,62
2025-07-12,3,5,49
2025-07-12,4,1,411
2025-07-12,4,2,328
2025-07-12,4,3,443
2025-07-12,4,4,165
2025-07-12,4,5,143
2025-07-12,5,1,315
2025-07-12,5,2,270
2025-07-12,5,3,349
2025-07-12,5,4,142
2025-07-12,5,5,112
2025-07-12,6,1,205
2025-07-12,6,2,155
2025-07-12,6,3,215
2025-07-12,6,4,89
2025-07-12,6,5,68
2025-07-12,7,1,222
2025-07-12,7,2,186
2025-07-12,7,3,256
2025-07-12,7,4,94
2025-07-12,7,5,80
2025-07-12,8,1,138
2025-07-12,8,2,94
2025-07-12,8,3,105
2025-07-12,8,4,44
2025-07-12,8,5,29
2025-07-12,9,1,277
2025-07-12,9,2,223
2025-07-12,9,3,310
2025-07-12,9,4,138
2025-07-12,9,5,91
2025-07-12,10,1,140
2025-07-12,10,2,103
2025-07-12,10,3,155
2025-07-12,10,4,72
2025-07-12,10,5,62
2025-07-12,11,1,183
2025-07-12,11,2,172
2025-07-12,11,3,202
2025-07-12,11,4,82
2025-07-12,11,5,69
2025-07-12,12,1,254
2025-07-12,12,2,185
2025-07-12,12,3,235
2025-07-12,12,4,108
2025-07-12,12,5,81
2025-07-12,13,1,290
2025-07-12,13,2,231
2025-07-12,13,3,262
2025-07-12,13,4,120
2025-07-12,13,5,73
2025-07-12,14,1,148
2025-07-12,14,2,152
2025-07-12,14,3,195
2025-07-12,14,4,72
2025-07-12,14,5,70
2025-07-12,15,1,271
2025-07-12,15,2,292
2025-07-12,15,3,343
2025-07-12,15,4,131
2025-07-12,15,5,119
2025-07-12,16,1,189
2025-07-12,16,2,154
2025-07-12,16,3,183
2025-07-12,16,4,91
2025-07-12,16,5,47
2025-07-12,17,1,229
2025-07-12,17,2,196
2025-07-12,17,3,254
2025-07-12,17,4,107
2025-07-12,17,5,87
2025-07-12,18,1,488
2025-07-12,18,2,448
2025-07-12,18,3,561
2025-07-12,18,4,231
2025-07-12,18,5,185
2025-07-12,19,1,252
2025-07-12,19,2,229
2025-07-12,19,3,287
2025-07-12,19,4,108
2025-07-12,19,5,86
2025-07-12,20,1,256
2025-07-12,20,2,218
2025-07-12,20,3,250
2025-07-12,20,4,110
2025-07-12,20,5,90
2025-07-12,21,1,126
2025-07-12,21,2,108
2025-07-12,21,3,144
2025-07-12,21,4,56
2025-07-12,21,5,54
2025-07-12,22,1,239
2025-07-12,22,2,220
2025-07-12,22,3,278
2025-07-12,22,4,99
2025-07-12,22,5,91
2025-07-12,23,1,70
2025-07-12,23,2,56
2025-07-12,23,3,79
2025-07-12,23,4,37
2025-07-12,23,5,29
2025-07-12,24,1,68
2025-07-12,24,2,57
2025-07-12,24,3,66
2025-07-12,24,4,29
2025-07-12,24,5,22
2025-07-12,25,1,184
2025-07-12,25,2,163
2025-07-12,25,3,207
2025-07-12,25,4,70
2025-07-12,25,5,72
2025-07-13,1,1,414
2025-07-13,1,2,424
2025-07-13,1,3,496
2025-07-13,1,4,184
2025-07-13,1,5,189
2025-07-13,2,1,254
2025-07-13,2,2,201
2025-07-13,2,3,284
2025-07-13,2,4,134
2025-07-13,2,5,103
2025-07-13,3,1,118
2025-07-13,3,2,103
2025-07-13,3,3,136
2025-07-13,3,4,54
2025-07-13,3,5,44
2025-07-13,4,1,336
2025-07-13,4,2,351
2025-07-13,4,3,408
2025-07-13,4,4,186
2025-07-13,4,5,132
2025-07-13,5,1,294
2025-07-13,5,2,292
2025-07-13,5,3,347
2025-07-13,5,4,153
2025-07-13,5,5,119
2025-07-13,6,1,177
2025-07-13,6,2,163
2025-07-13,6,3,165
2025-07-13,6,4,86
2025-07-13,6,5,56
2025-07-13,7,1,186
2025-07-13,7,2,189
2025-07-13,7,3,221
2025-07-13,7,4,93
2025-07-13,7,5,61
2025-07-13,8,1,114
2025-07-13,8,2,93
2025-07-13,8,3,113
2025-07-13,8,4,51
2025-07-13,8,5,41
2025-07-13,9,1,273
2025-07-13,9,2,207
2025-07-13,9,3,288
2025-07-13,9,4,120
2025-07-13,9,5,88
2025-07-13,10,1,118
2025-07-13,10,2,98
2025-07-13,10,3,144
2025-07-13,10,4,55
2025-07-13,10,5,40
2025-07-13,11,1,163
2025-07-13,11,2,152
2025-07-13,11,3,203
2025-07-13,11,4,77
2025-07-13,11,5,74
2025-07-13,12,1,208
2025-07-13,12,2,179
2025-07-13,12,3,250
2025-07-13,12,4,85
2025-07-13,12,5,94
2025-07-13,13,1,247
2025-07-13,13,2,181
2025-07-13,13,3,293
2025-07-13,13,4,99
2025-07-13,13,5,93
2025-07-13,14,1,139
2025-07-13,14,2,135
2025-07-13,14,3,179
2025-07-13,14,4,83
2025-07-13,14,5,68
2025-07-13,15,1,276
2025-07-13,15,2,248
2025-07-13,15,3,318
2025-07-13,15,4,117
2025-07-13,15,5,127
2025-07-13,16,1,154
2025-07-13,16,2,158
2025-07-13,16,3,192
2025-07-13,16,4,85
2025-07-13,16,5,68
2025-07-13,17,1,198
2025-07-13,17,2,185
2025-07-13,17,3,223
2025-07-13,17,4,105
2025-07-13,17,5,69
2025-07-13,18,1,509
2025-07-13,18,2,422
2025-07-13,18,3,525
2025-07-13,18,4,249
2025-07-13,18,5,194
2025-07-13,19,1,234
2025-07-13,19,2,212
2025-07-13,19,3,284
2025-07-13,19,4,109
2025-07-13,19,5,88
2025-07-13,20,1,229
2025-07-13,20,2,204
2025-07-13,20,3,284
2025-07-13,20,4,115
2025-07-13,20,5,93
2025-07-13,21,1,153
2025-07-13,21,2,101
2025-07-13,21,3,143
2025-07-13,21,4,66
2025-07-13,21,5,44
2025-07-13,22,1,225
2025-07-13,22,2,191
2025-07-13,22,3,252
2025-07-13,22,4,112
2025-07-13,22,5,71
2025-07-13,23,1,64
2025-07-13,23,2,46
2025-07-13,23,3,70
2025-07-13,23,4,24
2025-07-13,23,5,13
2025-07-13,24,1,46
2025-07-13,24,2,51
2025-07-13,24,3,72
2025-07-13,24,4,29
2025-07-13,24,5,21
2025-07-13,25,1,197
2025-07-13,25,2,142
2025-07-13,25,3,204
2025-07-13,25,4,74
2025-07-13,25,5,65
2025-07-14,1,1,639
2025-07-14,1,2,636
2025-07-14,1,3,717
2025-07-14,1,4,299
2025-07-14,1,5,213
2025-07-14,2,1,421
2025-07-14,2,2,393
2025-07-14,2,3,446
2025-07-14,2,4,172
2025-07-14,2,5,154
2025-07-14,3,1,199
2025-07-14,3,2,161
2025-07-14,3,3,215
2025-07-14,3,4,63
2025-07-14,3,5,65
2025-07-14,4,1,500
2025-07-14,4,2,539
2025-07-14,4,3,637
2025-07-14,4,4,279
2025-07-14,4,5,196
2025-07-14,5,1,460
2025-07-14,5,2,416
2025-07-14,5,3,525
2025-07-14,5,4,205
2025-07-14,5,5,168
2025-07-14,6,1,245
2025-07-14,6,2,271
2025-07-14,6,3,318
2025-07-14,6,4,130
2025-07-14,6,5,107
2025-07-14,7,1,288
2025-07-14,7,2,313
2025-07-14,7,3,329
2025-07-14,7,4,161
2025-07-14,7,5,115
2025-07-14,8,1,156
2025-07-14,8,2,150
2025-07-14,8,3,151
2025-07-14,8,4,62
2025-07-14,8,5,50
2025-07-14,9,1,419
2025-07-14,9,2,417
2025-07-14,9,3,397
2025-07-14,9,4,187
2025-07-14,9,5,159
2025-07-14,10,1,169
2025-07-14,10,2,186
2025-07-14,10,3,240
2025-07-14,10,4,91
2025-07-14,10,5,69
2025-07-14,11,1,286
2025-07-14,11,2,258
2025-07-14,11,3,324
2025-07-14,11,4,127
2025-07-14,11,5,92
2025-07-14,12,1,298
2025-07-14,12,2,303
2025-07-14,12,3,317
2025-07-14,12,4,131
2025-07-14,12,5,142
2025-07-14,13,1,372
2025-07-14,13,2,367
2025-07-14,13,3,427
2025-07-14,13,4,175
2025-07-14,13,5,142
2025-07-14,14,1,223
2025-07-14,14,2,252
2025-07-14,14,3,254
2025-07-14,14,4,113
2025-07-14,14,5,82
2025-07-14,15,1,426
2025-07-14,15,2,418
2025-07-14,15,3,494
2025-07-14,15,4,177
2025-07-14,15,5,138
2025-07-14,16,1,254
2025-07-14,16,2,235
2025-07-14,16,3,279
2025-07-14,16,4,111
2025-07-14,16,5,82
2025-07-14,17,1,331
2025-07-14,17,2,314
2025-07-14,17,3,362
2025-07-14,17,4,153
2025-07-14,17,5,119
2025-07-14,18,1,750
2025-07-14,18,2,703
2025-07-14,18,3,818
2025-07-14,18,4,341
2025-07-14,18,5,286
2025-07-14,19,1,384
2025-07-14,19,2,340
2025-07-14,19,3,394
2025-07-14,19,4,171
2025-07-14,19,5,129
2025-07-14,20,1,372
2025-07-14,20,2,369
2025-07-14,20,3,410
2025-07-14,20,4,143
2025-07-14,20,5,138
2025-07-14,21,1,182
2025-07-14,21,2,221
2025-07-14,21,3,246
2025-07-14,21,4,88
2025-07-14,21,5,66
2025-07-14,22,1,351
2025-07-14,22,2,370
2025-07-14,22,3,384
2025-07-14,22,4,157
2025-07-14,22,5,132
2025-07-14,23,1,97
2025-07-14,23,2,109
2025-07-14,23,3,114
2025-07-14,23,4,37
2025-07-14,23,5,34
2025-07-14,24,1,78
2025-07-14,24,2,75
2025-07-14,24,3,110
2025-07-14,24,4,32
2025-07-14,24,5,23
2025-07-14,25,1,282
2025-07-14,25,2,258
2025-07-14,25,3,313
2025-07-14,25,4,106
2025-07-14,25,5,103
2025-07-15,1,1,645
2025-07-15,1,2,666
2025-07-15,1,3,727
2025-07-15,1,4,304
2025-07-15,1,5,225
2025-07-15,2,1,398
2025-07-15,2,2,374
2025-07-15,2,3,423
2025-07-15,2,4,171
2025-07-15,2,5,137
2025-07-15,3,1,162
2025-07-15,3,2,174
2025-07-15,3,3,210
2025-07-15,3,4,98
2025-07-15,3,5,71
2025-07-15,4,1,495
2025-07-15,4,2,499
2025-07-15,4,3,563
2025-07-15,4,4,240
2025-07-15,4,5,191
2025-07-15,5,1,405
2025-07-15,5,2,432
2025-07-15,5,3,519
2025-07-15,5,4,192
2025-07-15,5,5,161
2025-07-15,6,1,267
2025-07-15,6,2,227
2025-07-15,6,3,267
2025-07-15,6,4,118
2025-07-15,6,5,96
2025-07-15,7,1,321
2025-07-15,7,2,301
2025-07-15,7,3,317
2025-07-15,7,4,129
2025-07-15,7,5,125
2025-07-15,8,1,138
2025-07-15,8,2,151
2025-07-15,8,3,140
2025-07-15,8,4,69
2025-07-15,8,5,52
2025-07-15,9,1,385
2025-07-15,9,2,344
2025-07-15,9,3,398
2025-07-15,9,4,164
2025-07-15,9,5,148
2025-07-15,10,1,184
2025-07-15,10,2,193
2025-07-15,10,3,163
2025-07-15,10,4,84
2025-07-15,10,5,70
2025-07-15,11,1,220
2025-07-15,11,2,222
2025-07-15,11,3,276
2025-07-15,11,4,115
2025-07-15,11,5,103
2025-07-15,12,1,284
2025-07-15,12,2,304
2025-07-15,12,3,308
2025-07-15,12,4,129
2025-07-15,12,5,104
2025-07-15,13,1,323
2025-07-15,13,2,364
2025-07-15,13,3,404
2025-07-15,13,4,184
2025-07-15,13,5,147
2025-07-15,14,1,195
2025-07-15,14,2,212
2025-07-15,14,3,262
2025-07-15,14,4,115
2025-07-15,14,5,67
2025-07-15,15,1,361
2025-07-15,15,2,404
2025-07-15,15,3,453
2025-07-15,15,4,182
2025-07-15,15,5,166
2025-07-15,16,1,244
2025-07-15,16,2,254
2025-07-15,16,3,288
2025-07-15,16,4,123
2025-07-15,16,5,86
2025-07-15,17,1,319
2025-07-15,17,2,303
2025-07-15,17,3,315
2025-07-15,17,4,134
2025-07-15,17,5,106
2025-07-15,18,1,683
2025-07-15,18,2,702
2025-07-15,18,3,814
2025-07-15,18,4,348
2025-07-15,18,5,267
2025-07-15,19,1,304
2025-07-15,19,2,325
2025-07-15,19,3,363
2025-07-15,19,4,127
2025-07-15,19,5,94
2025-07-15,20,1,315
2025-07-15,20,2,335
2025-07-15,20,3,419
2025-07-15,20,4,170
2025-07-15,20,5,135
2025-07-15,21,1,185
2025-07-15,21,2,223
2025-07-15,21,3,219
2025-07-15,21,4,96
2025-07-15,21,5,86
2025-07-15,22,1,306
2025-07-15,22,2,301
2025-07-15,22,3,371
2025-07-15,22,4,153
2025-07-15,22,5,111
2025-07-15,23,1,100
2025-07-15,23,2,103
2025-07-15,23,3,103
2025-07-15,23,4,45
2025-07-15,23,5,32
2025-07-15,24,1,77
2025-07-15,24,2,70
2025-07-15,24,3,84
2025-07-15,24,4,40
2025-07-15,24,5,38
2025-07-15,25,1,248
2025-07-15,25,2,242
2025-07-15,25,3,248
2025-07-15,25,4,105
2025-07-15,25,5,91
2025-07-16,1,1,502
2025-07-16,1,2,531
2025-07-16,1,3,649
2025-07-16,1,4,249
2025-07-16,1,5,189
2025-07-16,2,1,344
2025-07-16,2,2,309
2025-07-16,2,3,403
2025-07-16,2,4,147
2025-07-16,2,5,122
2025-07-16,3,1,159
2025-07-16,3,2,188
2025-07-16,3,3,189
2025-07-16,3,4,70
2025-07-16,3,5,59
2025-07-16,4,1,481
2025-07-16,4,2,445
2025-07-16,4,3,549
2025-07-16,4,4,214
2025-07-16,4,5,202
2025-07-16,5,1,387
2025-07-16,5,2,412
2025-07-16,5,3,473
2025-07-16,5,4,168
2025-07-16,5,5,142
2025-07-16,6,1,252
2025-07-16,6,2,250
2025-07-16,6,3,229
2025-07-16,6,4,104
2025-07-16,6,5,83
2025-07-16,7,1,282
2025-07-16,7,2,297
2025-07-16,7,3,306
2025-07-16,7,4,120
2025-07-16,7,5,116
2025-07-16,8,1,134
2025-07-16,8,2,113
2025-07-16,8,3,138
2025-07-16,8,4,59
2025-07-16,8,5,46
2025-07-16,9,1,355
2025-07-16,9,2,321
2025-07-16,9,3,382
2025-07-16,9,4,165
2025-07-16,9,5,123
2025-07-16,10,1,147
2025-07-16,10,2,148
2025-07-16,10,3,169
2025-07-16,10,4,85
2025-07-16,10,5,69
2025-07-16,11,1,209
2025-07-16,11,2,231
2025-07-16,11,3,254
2025-07-16,11,4,90
2025-07-16,11,5,83
2025-07-16,12,1,231
2025-07-16,12,2,267
2025-07-16,12,3,329
2025-07-16,12,4,128
2025-07-16,12,5,111
2025-07-16,13,1,355
2025-07-16,13,2,314
2025-07-16,13,3,366
2025-07-16,13,4,171
2025-07-16,13,5,118
2025-07-16,14,1,188
2025-07-16,14,2,200
2025-07-16,14,3,258
2025-07-16,14,4,98
2025-07-16,14,5,81
2025-07-16,15,1,330
2025-07-16,15,2,370
2025-07-16,15,3,398
2025-07-16,15,4,166
2025-07-16,15,5,140
2025-07-16,16,1,205
2025-07-16,16,2,223
2025-07-16,16,3,272
2025-07-16,16,4,123
2025-07-16,16,5,98
2025-07-16,17,1,274
2025-07-16,17,2,262
2025-07-16,17,3,282
2025-07-16,17,4,133
2025-07-16,17,5,104
2025-07-16,18,1,682
2025-07-16,18,2,621
2025-07-16,18,3,734
2025-07-16,18,4,297
2025-07-16,18,5,244
2025-07-16,19,1,264
2025-07-16,19,2,292
2025-07-16,19,3,366
2025-07-16,19,4,150
2025-07-16,19,5,89
2025-07-16,20,1,300
2025-07-16,20,2,336
2025-07-16,20,3,386
2025-07-16,20,4,150
2025-07-16,20,5,118
2025-07-16,21,1,185
2025-07-16,21,2,156
2025-07-16,21,3,164
2025-07-16,21,4,83
2025-07-16,21,5,57
2025-07-16,22,1,312
2025-07-16,22,2,267
2025-07-16,22,3,351
2025-07-16,22,4,167
2025-07-16,22,5,129
2025-07-16,23,1,95
2025-07-16,23,2,78
2025-07-16,23,3,91
2025-07-16,23,4,31
2025-07-16,23,5,32
2025-07-16,24,1,78
2025-07-16,24,2,64
2025-07-16,24,3,84
2025-07-16,24,4,38
2025-07-16,24,5,25
2025-07-16,25,1,241
2025-07-16,25,2,230
2025-07-16,25,3,236
2025-07-16,25,4,116
2025-07-16,25,5,78
2025-07-17,1,1,543
2025-07-17,1,2,481
2025-07-17,1,3,579
2025-07-17,1,4,259
2025-07-17,1,5,196
2025-07-17,2,1,350
2025-07-17,2,2,280
2025-07-17,2,3,356
2025-07-17,2,4,158
2025-07-17,2,5,129
2025-07-17,3,1,157
2025-07-17,3,2,143
2025-07-17,3,3,191
2025-07-17,3,4,66
2025-07-17,3,5,55
2025-07-17,4,1,458
2025-07-17,4,2,400
2025-07-17,4,3,521
2025-07-17,4,4,222
2025-07-17,4,5,188
2025-07-17,5,1,399
2025-07-17,5,2,377
2025-07-17,5,3,435
2025-07-17,5,4,176
2025-07-17,5,5,164
2025-07-17,6,1,229
2025-07-17,6,2,209
2025-07-17,6,3,252
2025-07-17,6,4,108
2025-07-17,6,5,92
2025-07-17,7,1,271
2025-07-17,7,2,250
2025-07-17,7,3,291
2025-07-17,7,4,117
2025-07-17,7,5,103
2025-07-17,8,1,138
2025-07-17,8,2,102
2025-07-17,8,3,140
2025-07-17,8,4,50
2025-07-17,8,5,40
2025-07-17,9,1,323
2025-07-17,9,2,268
2025-07-17,9,3,339
2025-07-17,9,4,125
2025-07-17,9,5,109
2025-07-17,10,1,163
2025-07-17,10,2,134
2025-07-17,10,3,174
2025-07-17,10,4,65
2025-07-17,10,5,59
2025-07-17,11,1,242
2025-07-17,11,2,197
2025-07-17,11,3,254
2025-07-17,11,4,99
2025-07-17,11,5,75
2025-07-17,12,1,274
2025-07-17,12,2,217
2025-07-17,12,3,287
2025-07-17,12,4,119
2025-07-17,12,5,100
2025-07-17,13,1,353
2025-07-17,13,2,283
2025-07-17,13,3,330
2025-07-17,13,4,142
2025-07-17,13,5,110
2025-07-17,14,1,188
2025-07-17,14,2,188
2025-07-17,14,3,224
2025-07-17,14,4,73
2025-07-17,14,5,59
2025-07-17,15,1,351
2025-07-17,15,2,306
2025-07-17,15,3,413
2025-07-17,15,4,160
2025-07-17,15,5,142
2025-07-17,16,1,194
2025-07-17,16,2,178
2025-07-17,16,3,229
2025-07-17,16,4,84
2025-07-17,16,5,89
2025-07-17,17,1,267
2025-07-17,17,2,230
2025-07-17,17,3,320
2025-07-17,17,4,121
2025-07-17,17,5,124
2025-07-17,18,1,639
2025-07-17,18,2,535
2025-07-17,18,3,755
2025-07-17,18,4,279
2025-07-17,18,5,233
2025-07-17,19,1,276
2025-07-17,19,2,262
2025-07-17,19,3,320
2025-07-17,19,4,134
2025-07-17,19,5,98
2025-07-17,20,1,309
2025-07-17,20,2,275
2025-07-17,20,3,310
2025-07-17,20,4,163
2025-07-17,20,5,127
2025-07-17,21,1,163
2025-07-17,21,2,171
2025-07-17,21,3,199
2025-07-17,21,4,79
2025-07-17,21,5,72
2025-07-17,22,1,313
2025-07-17,22,2,254
2025-07-17,22,3,356
2025-07-17,22,4,130
2025-07-17,22,5,116
2025-07-17,23,1,79
2025-07-17,23,2,74
2025-07-17,23,3,94
2025-07-17,23,4,22
2025-07-17,23,5,30
2025-07-17,24,1,73
2025-07-17,24,2,67
2025-07-17,24,3,80
2025-07-17,24,4,29
2025-07-17,24,5,21
2025-07-17,25,1,238
2025-07-17,25,2,202
2025-07-17,25,3,256
2025-07-17,25,4,109
2025-07-17,25,5,94
2025-07-18,1,1,593
2025-07-18,1,2,514
2025-07-18,1,3,646
2025-07-18,1,4,272
2025-07-18,1,5,207
2025-07-18,2,1,338
2025-07-18,2,2,291
2025-07-18,2,3,384
2025-07-18,2,4,179
2025-07-18,2,5,125
2025-07-18,3,1,161
2025-07-18,3,2,138
2025-07-18,3,3,172
2025-07-18,3,4,79
2025-07-18,3,5,62
2025-07-18,4,1,462
2025-07-18,4,2,398
2025-07-18,4,3,538
2025-07-18,4,4,217
2025-07-18,4,5,177
2025-07-18,5,1,385
2025-07-18,5,2,344
2025-07-18,5,3,450
2025-07-18,5,4,176
2025-07-18,5,5,144
2025-07-18,6,1,225
2025-07-18,6,2,202
2025-07-18,6,3,272
2025-07-18,6,4,108
2025-07-18,6,5,88
2025-07-18,7,1,293
2025-07-18,7,2,249
2025-07-18,7,3,298
2025-07-18,7,4,123
2025-07-18,7,5,112
2025-07-18,8,1,132
2025-07-18,8,2,125
2025-07-18,8,3,128
2025-07-18,8,4,73
2025-07-18,8,5,49
2025-07-18,9,1,318
2025-07-18,9,2,302
2025-07-18,9,3,397
2025-07-18,9,4,148
2025-07-18,9,5,133
2025-07-18,10,1,167
2025-07-18,10,2,163
2025-07-18,10,3,209
2025-07-18,10,4,77
2025-07-18,10,5,71
2025-07-18,11,1,227
2025-07-18,11,2,200
2025-07-18,11,3,266
2025-07-18,11,4,118
2025-07-18,11,5,89
2025-07-18,12,1,257
2025-07-18,12,2,234
2025-07-18,12,3,287
2025-07-18,12,4,129
2025-07-18,12,5,106
2025-07-18,13,1,341
2025-07-18,13,2,279
2025-07-18,13,3,364
2025-07-18,13,4,160
2025-07-18,13,5,124
2025-07-18,14,1,196
2025-07-18,14,2,194
2025-07-18,14,3,234
2025-07-18,14,4,107
2025-07-18,14,5,93
2025-07-18,15,1,353
2025-07-18,15,2,338
2025-07-18,15,3,420
2025-07-18,15,4,151
2025-07-18,15,5,150
2025-07-18,16,1,222
2025-07-18,16,2,208
2025-07-18,16,3,257
2025-07-18,16,4,116
2025-07-18,16,5,95
2025-07-18,17,1,295
2025-07-18,17,2,242
2025-07-18,17,3,335
2025-07-18,17,4,140
2025-07-18,17,5,125
2025-07-18,18,1,621
2025-07-18,18,2,570
2025-07-18,18,3,717
2025-07-18,18,4,287
2025-07-18,18,5,240
2025-07-18,19,1,306
2025-07-18,19,2,261
2025-07-18,19,3,363
2025-07-18,19,4,144
2025-07-18,19,5,118
2025-07-18,20,1,308
2025-07-18,20,2,264
2025-07-18,20,3,373
2025-07-18,20,4,121
2025-07-18,20,5,134
2025-07-18,21,1,175
2025-07-18,21,2,139
2025-07-18,21,3,188
2025-07-18,21,4,64
2025-07-18,21,5,67
2025-07-18,22,1,295
2025-07-18,22,2,289
2025-07-18,22,3,332
2025-07-18,22,4,134
2025-07-18,22,5,120
2025-07-18,23,1,82
2025-07-18,23,2,70
2025-07-18,23,3,92
2025-07-18,23,4,33
2025-07-18,23,5,30
2025-07-18,24,1,82
2025-07-18,24,2,71
2025-07-18,24,3,83
2025-07-18,24,4,37
2025-07-18,24,5,34
2025-07-18,25,1,231
2025-07-18,25,2,218
2025-07-18,25,3,279
2025-07-18,25,4,108
2025-07-18,25,5,81
2025-07-19,1,1,427
2025-07-19,1,2,407
2025-07-19,1,3,501
2025-07-19,1,4,200
2025-07-19,1,5,173
2025-07-19,2,1,283
2025-07-19,2,2,230
2025-07-19,2,3,312
2025-07-19,2,4,131
2025-07-19,2,5,110
2025-07-19,3,1,138
2025-07-19,3,2,105
2025-07-19,3,3,140
2025-07-19,3,4,57
2025-07-19,3,5,54
2025-07-19,4,1,386
2025-07-19,4,2,325
2025-07-19,4,3,467
2025-07-19,4,4,177
2025-07-19,4,5,146
2025-07-19,5,1,327
2025-07-19,5,2,299
2025-07-19,5,3,338
2025-07-19,5,4,130
2025-07-19,5,5,120
2025-07-19,6,1,201
2025-07-19,6,2,177
2025-07-19,6,3,227
2025-07-19,6,4,72
2025-07-19,6,5,62
2025-07-19,7,1,223
2025-07-19,7,2,177
2025-07-19,7,3,234
2025-07-19,7,4,105
2025-07-19,7,5,86
2025-07-19,8,1,102
2025-07-19,8,2,82
2025-07-19,8,3,123
2025-07-19,8,4,54
2025-07-19,8,5,42
2025-07-19,9,1,289
2025-07-19,9,2,233
2025-07-19,9,3,320
2025-07-19,9,4,111
2025-07-19,9,5,108
2025-07-19,10,1,110
2025-07-19,10,2,125
2025-07-19,10,3,149
2025-07-19,10,4,50
2025-07-19,10,5,65
2025-07-19,11,1,175
2025-07-19,11,2,149
2025-07-19,11,3,205
2025-07-19,11,4,86
2025-07-19,11,5,57
2025-07-19,12,1,198
2025-07-19,12,2,171
2025-07-19,12,3,266
2025-07-19,12,4,119
2025-07-19,12,5,91
2025-07-19,13,1,243
2025-07-19,13,2,213
2025-07-19,13,3,313
2025-07-19,13,4,120
2025-07-19,13,5,103
2025-07-19,14,1,164
2025-07-19,14,2,138
2025-07-19,14,3,210
2025-07-19,14,4,68
2025-07-19,14,5,60
2025-07-19,15,1,327
2025-07-19,15,2,242
2025-07-19,15,3,338
2025-07-19,15,4,116
2025-07-19,15,5,101
2025-07-19,16,1,191
2025-07-19,16,2,151
2025-07-19,16,3,177
2025-07-19,16,4,76
2025-07-19,16,5,79
2025-07-19,17,1,232
2025-07-19,17,2,206
2025-07-19,17,3,226
2025-07-19,17,4,106
2025-07-19,17,5,87
2025-07-19,18,1,506
2025-07-19,18,2,416
2025-07-19,18,3,564
2025-07-19,18,4,259
2025-07-19,18,5,204
2025-07-19,19,1,243
2025-07-19,19,2,215
2025-07-19,19,3,301
2025-07-19,19,4,104
2025-07-19,19,5,97
2025-07-19,20,1,254
2025-07-19,20,2,225
2025-07-19,20,3,286
2025-07-19,20,4,123
2025-07-19,20,5,97
2025-07-19,21,1,128
2025-07-19,21,2,113
2025-07-19,21,3,145
2025-07-19,21,4,65
2025-07-19,21,5,53
2025-07-19,22,1,235
2025-07-19,22,2,180
2025-07-19,22,3,271
2025-07-19,22,4,126
2025-07-19,22,5,90
2025-07-19,23,1,68
2025-07-19,23,2,66
2025-07-19,23,3,84
2025-07-19,23,4,33
2025-07-19,23,5,33
2025-07-19,24,1,53
2025-07-19,24,2,45
2025-07-19,24,3,70
2025-07-19,24,4,27
2025-07-19,24,5,22
2025-07-19,25,1,182
2025-07-19,25,2,155
2025-07-19,25,3,200
2025-07-19,25,4,88
2025-07-19,25,5,66
2025-07-20,1,1,429
2025-07-20,1,2,394
2025-07-20,1,3,480
2025-07-20,1,4,187
2025-07-20,1,5,161
2025-07-20,2,1,232
2025-07-20,2,2,232
2025-07-20,2,3,293
2025-07-20,2,4,114
2025-07-20,2,5,103
2025-07-20,3,1,103
2025-07-20,3,2,123
2025-07-20,3,3,130
2025-07-20,3,4,57
2025-07-20,3,5,49
2025-07-20,4,1,368
2025-07-20,4,2,328
2025-07-20,4,3,397
2025-07-20,4,4,181
2025-07-20,4,5,129
2025-07-20,5,1,286
2025-07-20,5,2,251
2025-07-20,5,3,316
2025-07-20,5,4,136
2025-07-20,5,5,87
2025-07-20,6,1,168
2025-07-20,6,2,157
2025-07-20,6,3,201
2025-07-20,6,4,80
2025-07-20,6,5,61
2025-07-20,7,1,222
2025-07-20,7,2,183
2025-07-20,7,3,247
2025-07-20,7,4,96
2025-07-20,7,5,72
2025-07-20,8,1,94
2025-07-20,8,2,105
2025-07-20,8,3,120
2025-07-20,8,4,46
2025-07-20,8,5,32
2025-07-20,9,1,242
2025-07-20,9,2,216
2025-07-20,9,3,302
2025-07-20,9,4,113
2025-07-20,9,5,98
2025-07-20,10,1,129
2025-07-20,10,2,108
2025-07-20,10,3,149
2025-07-20,10,4,59
2025-07-20,10,5,42
2025-07-20,11,1,178
2025-07-20,11,2,181
2025-07-20,11,3,213
2025-07-20,11,4,69
2025-07-20,11,5,72
2025-07-20,12,1,198
2025-07-20,12,2,172
2025-07-20,12,3,225
2025-07-20,12,4,77
2025-07-20,12,5,66
2025-07-20,13,1,232
2025-07-20,13,2,218
2025-07-20,13,3,276
2025-07-20,13,4,105
2025-07-20,13,5,83
2025-07-20,14,1,146
2025-07-20,14,2,128
2025-07-20,14,3,188
2025-07-20,14,4,68
2025-07-20,14,5,45
2025-07-20,15,1,273
2025-07-20,15,2,207
2025-07-20,15,3,326
2025-07-20,15,4,153
2025-07-20,15,5,102
2025-07-20,16,1,173
2025-07-20,16,2,152
2025-07-20,16,3,204
2025-07-20,16,4,72
2025-07-20,16,5,68
2025-07-20,17,1,212
2025-07-20,17,2,182
2025-07-20,17,3,221
2025-07-20,17,4,95
2025-07-20,17,5,67
2025-07-20,18,1,487
2025-07-20,18,2,392
2025-07-20,18,3,563
2025-07-20,18,4,225
2025-07-20,18,5,181
2025-07-20,19,1,228
2025-07-20,19,2,223
2025-07-20,19,3,278
2025-07-20,19,4,86
2025-07-20,19,5,94
2025-07-20,20,1,243
2025-07-20,20,2,208
2025-07-20,20,3,244
2025-07-20,20,4,108
2025-07-20,20,5,99
2025-07-20,21,1,132
2025-07-20,21,2,105
2025-07-20,21,3,152
2025-07-20,21,4,64
2025-07-20,21,5,50
2025-07-20,22,1,241
2025-07-20,22,2,199
2025-07-20,22,3,273
2025-07-20,22,4,115
2025-07-20,22,5,81
2025-07-20,23,1,57
2025-07-20,23,2,49
2025-07-20,23,3,74
2025-07-20,23,4,37
2025-07-20,23,5,26
2025-07-20,24,1,53
2025-07-20,24,2,51
2025-07-20,24,3,72
2025-07-20,24,4,21
2025-07-20,24,5,14
2025-07-20,25,1,178
2025-07-20,25,2,150
2025-07-20,25,3,184
2025-07-20,25,4,93
2025-07-20,25,5,63
2025-07-21,1,1,726
2025-07-21,1,2,658
2025-07-21,1,3,789
2025-07-21,1,4,321
2025-07-21,1,5,238
2025-07-21,2,1,407
2025-07-21,2,2,386
2025-07-21,2,3,462
2025-07-21,2,4,201
2025-07-21,2,5,182
2025-07-21,3,1,182
2025-07-21,3,2,197
2025-07-21,3,3,231
2025-07-21,3,4,104
2025-07-21,3,5,70
2025-07-21,4,1,577
2025-07-21,4,2,569
2025-07-21,4,3,659
2025-07-21,4,4,285
2025-07-21,4,5,205
2025-07-21,5,1,489
2025-07-21,5,2,434
2025-07-21,5,3,516
2025-07-21,5,4,222
2025-07-21,5,5,193
2025-07-21,6,1,313
2025-07-21,6,2,287
2025-07-21,6,3,341
2025-07-21,6,4,121
2025-07-21,6,5,112
2025-07-21,7,1,324
2025-07-21,7,2,316
2025-07-21,7,3,372
2025-07-21,7,4,176
2025-07-21,7,5,106
2025-07-21,8,1,148
2025-07-21,8,2,145
2025-07-21,8,3,182
2025-07-21,8,4,65
2025-07-21,8,5,59
2025-07-21,9,1,400
2025-07-21,9,2,410
2025-07-21,9,3,439
2025-07-21,9,4,191
2025-07-21,9,5,143
2025-07-21,10,1,186
2025-07-21,10,2,209
2025-07-21,10,3,215
2025-07-21,10,4,99
2025-07-21,10,5,69
2025-07-21,11,1,266
2025-07-21,11,2,252
2025-07-21,11,3,305
2025-07-21,11,4,125
2025-07-21,11,5,101
2025-07-21,12,1,320
2025-07-21,12,2,309
2025-07-21,12,3,369
2025-07-21,12,4,156
2025-07-21,12,5,120
2025-07-21,13,1,418
2025-07-21,13,2,398
2025-07-21,13,3,445
2025-07-21,13,4,189
2025-07-21,13,5,172
2025-07-21,14,1,235
2025-07-21,14,2,243
2025-07-21,14,3,292
2025-07-21,14,4,110
2025-07-21,14,5,86
2025-07-21,15,1,430
2025-07-21,15,2,415
2025-07-21,15,3,507
2025-07-21,15,4,191
2025-07-21,15,5,196
2025-07-21,16,1,272
2025-07-21,16,2,262
2025-07-21,16,3,293
2025-07-21,16,4,116
2025-07-21,16,5,102
2025-07-21,17,1,324
2025-07-21,17,2,296
2025-07-21,17,3,386
2025-07-21,17,4,153
2025-07-21,17,5,122
2025-07-21,18,1,776
2025-07-21,18,2,727
2025-07-21,18,3,890
2025-07-21,18,4,347
2025-07-21,18,5,310
2025-07-21,19,1,365
2025-07-21,19,2,337
2025-07-21,19,3,423
2025-07-21,19,4,168
2025-07-21,19,5,146
2025-07-21,20,1,381
2025-07-21,20,2,371
2025-07-21,20,3,437
2025-07-21,20,4,165
2025-07-21,20,5,137
2025-07-21,21,1,218
2025-07-21,21,2,202
2025-07-21,21,3,208
2025-07-21,21,4,97
2025-07-21,21,5,80
2025-07-21,22,1,362
2025-07-21,22,2,347
2025-07-21,22,3,425
2025-07-21,22,4,154
2025-07-21,22,5,122
2025-07-21,23,1,94
2025-07-21,23,2,85
2025-07-21,23,3,116
2025-07-21,23,4,43
2025-07-21,23,5,42
2025-07-21,24,1,87
2025-07-21,24,2,99
2025-07-21,24,3,88
2025-07-21,24,4,45
2025-07-21,24,5,31
2025-07-21,25,1,274
2025-07-21,25,2,249
2025-07-21,25,3,335
2025-07-21,25,4,122
2025-07-21,25,5,115
2025-07-22,1,1,567
2025-07-22,1,2,581
2025-07-22,1,3,711
2025-07-22,1,4,295
2025-07-22,1,5,226
2025-07-22,2,1,403
2025-07-22,2,2,358
2025-07-22,2,3,417
2025-07-22,2,4,161
2025-07-22,2,5,132
2025-07-22,3,1,176
2025-07-22,3,2,180
2025-07-22,3,3,210
2025-07-22,3,4,69
2025-07-22,3,5,62
2025-07-22,4,1,522
2025-07-22,4,2,499
2025-07-22,4,3,581
2025-07-22,4,4,239
2025-07-22,4,5,189
2025-07-22,5,1,385
2025-07-22,5,2,381
2025-07-22,5,3,478
2025-07-22,5,4,211
2025-07-22,5,5,183
2025-07-22,6,1,270
2025-07-22,6,2,268
2025-07-22,6,3,293
2025-07-22,6,4,94
2025-07-22,6,5,98
2025-07-22,7,1,286
2025-07-22,7,2,281
2025-07-22,7,3,324
2025-07-22,7,4,135
2025-07-22,7,5,130
2025-07-22,8,1,122
2025-07-22,8,2,131
2025-07-22,8,3,171
2025-07-22,8,4,59
2025-07-22,8,5,50
2025-07-22,9,1,340
2025-07-22,9,2,377
2025-07-22,9,3,397
2025-07-22,9,4,147
2025-07-22,9,5,130
2025-07-22,10,1,196
2025-07-22,10,2,162
2025-07-22,10,3,204
2025-07-22,10,4,80
2025-07-22,10,5,66
2025-07-22,11,1,236
2025-07-22,11,2,252
2025-07-22,11,3,263
2025-07-22,11,4,120
2025-07-22,11,5,104
2025-07-22,12,1,283
2025-07-22,12,2,286
2025-07-22,12,3,318
2025-07-22,12,4,177
2025-07-22,12,5,108
2025-07-22,13,1,356
2025-07-22,13,2,367
2025-07-22,13,3,393
2025-07-22,13,4,163
2025-07-22,13,5,136
2025-07-22,14,1,214
2025-07-22,14,2,194
2025-07-22,14,3,256
2025-07-22,14,4,99
2025-07-22,14,5,79
2025-07-22,15,1,392
2025-07-22,15,2,402
2025-07-22,15,3,418
2025-07-22,15,4,185
2025-07-22,15,5,121
2025-07-22,16,1,245
2025-07-22,16,2,238
2025-07-22,16,3,271
2025-07-22,16,4,106
2025-07-22,16,5,78
2025-07-22,17,1,305
2025-07-22,17,2,304
2025-07-22,17,3,326
2025-07-22,17,4,142
2025-07-22,17,5,117
2025-07-22,18,1,695
2025-07-22,18,2,688
2025-07-22,18,3,765
2025-07-22,18,4,292
2025-07-22,18,5,257
2025-07-22,19,1,349
2025-07-22,19,2,323
2025-07-22,19,3,367
2025-07-22,19,4,133
2025-07-22,19,5,145
2025-07-22,20,1,334
2025-07-22,20,2,313
2025-07-22,20,3,389
2025-07-22,20,4,147
2025-07-22,20,5,119
2025-07-22,21,1,202
2025-07-22,21,2,172
2025-07-22,21,3,249
2025-07-22,21,4,69
2025-07-22,21,5,83
2025-07-22,22,1,327
2025-07-22,22,2,313
2025-07-22,22,3,387
2025-07-22,22,4,136
2025-07-22,22,5,113
2025-07-22,23,1,86
2025-07-22,23,2,100
2025-07-22,23,3,85
2025-07-22,23,4,33
2025-07-22,23,5,36
2025-07-22,24,1,82
2025-07-22,24,2,79
2025-07-22,24,3,89
2025-07-22,24,4,27
2025-07-22,24,5,20
2025-07-22,25,1,242
2025-07-22,25,2,262
2025-07-22,25,3,266
2025-07-22,25,4,109
2025-07-22,25,5,75
2025-07-23,1,1,580
2025-07-23,1,2,584
2025-07-23,1,3,638
2025-07-23,1,4,245
2025-07-23,1,5,223
2025-07-23,2,1,353
2025-07-23,2,2,337
2025-07-23,2,3,359
2025-07-23,2,4,131
2025-07-23,2,5,114
2025-07-23,3,1,160
2025-07-23,3,2,163
2025-07-23,3,3,174
2025-07-23,3,4,84
2025-07-23,3,5,70
2025-07-23,4,1,467
2025-07-23,4,2,439
2025-07-23,4,3,528
2025-07-23,4,4,225
2025-07-23,4,5,174
2025-07-23,5,1,388
2025-07-23,5,2,361
2025-07-23,5,3,432
2025-07-23,5,4,185
2025-07-23,5,5,138
2025-07-23,6,1,244
2025-07-23,6,2,258
2025-07-23,6,3,256
2025-07-23,6,4,92
2025-07-23,6,5,89
2025-07-23,7,1,262
2025-07-23,7,2,253
2025-07-23,7,3,322
2025-07-23,7,4,126
2025-07-23,7,5,94
2025-07-23,8,1,146
2025-07-23,8,2,144
2025-07-23,8,3,169
2025-07-23,8,4,57
2025-07-23,8,5,55
2025-07-23,9,1,334
2025-07-23,9,2,326
2025-07-23,9,3,389
2025-07-23,9,4,181
2025-07-23,9,5,132
2025-07-23,10,1,152
2025-07-23,10,2,163
2025-07-23,10,3,181
2025-07-23,10,4,79
2025-07-23,10,5,58
2025-07-23,11,1,249
2025-07-23,11,2,205
2025-07-23,11,3,284
2025-07-23,11,4,124
2025-07-23,11,5,88
2025-07-23,12,1,298
2025-07-23,12,2,264
2025-07-23,12,3,323
2025-07-23,12,4,127
2025-07-23,12,5,85
2025-07-23,13,1,312
2025-07-23,13,2,336
2025-07-23,13,3,343
2025-07-23,13,4,145
2025-07-23,13,5,142
2025-07-23,14,1,218
2025-07-23,14,2,228
2025-07-23,14,3,248
2025-07-23,14,4,91
2025-07-23,14,5,77
2025-07-23,15,1,363
2025-07-23,15,2,404
2025-07-23,15,3,414
2025-07-23,15,4,166
2025-07-23,15,5,133
2025-07-23,16,1,227
2025-07-23,16,2,202
2025-07-23,16,3,263
2025-07-23,16,4,88
2025-07-23,16,5,75
2025-07-23,17,1,263
2025-07-23,17,2,276
2025-07-23,17,3,304
2025-07-23,17,4,124
2025-07-23,17,5,100
2025-07-23,18,1,616
2025-07-23,18,2,660
2025-07-23,18,3,687
2025-07-23,18,4,329
2025-07-23,18,5,259
2025-07-23,19,1,354
2025-07-23,19,2,295
2025-07-23,19,3,333
2025-07-23,19,4,130
2025-07-23,19,5,130
2025-07-23,20,1,336
2025-07-23,20,2,279
2025-07-23,20,3,351
2025-07-23,20,4,148
2025-07-23,20,5,115
2025-07-23,21,1,167
2025-07-23,21,2,159
2025-07-23,21,3,184
2025-07-23,21,4,74
2025-07-23,21,5,59
2025-07-23,22,1,320
2025-07-23,22,2,282
2025-07-23,22,3,364
2025-07-23,22,4,117
2025-07-23,22,5,126
2025-07-23,23,1,74
2025-07-23,23,2,81
2025-07-23,23,3,106
2025-07-23,23,4,37
2025-07-23,23,5,33
2025-07-23,24,1,76
2025-07-23,24,2,80
2025-07-23,24,3,93
2025-07-23,24,4,34
2025-07-23,24,5,29
2025-07-23,25,1,230
2025-07-23,25,2,243
2025-07-23,25,3,245
2025-07-23,25,4,113
2025-07-23,25,5,84
2025-07-24,1,1,539
2025-07-24,1,2,459
2025-07-24,1,3,625
2025-07-24,1,4,233
2025-07-24,1,5,218
2025-07-24,2,1,324
2025-07-24,2,2,289
2025-07-24,2,3,362
2025-07-24,2,4,159
2025-07-24,2,5,119
2025-07-24,3,1,156
2025-07-24,3,2,121
2025-07-24,3,3,159
2025-07-24,3,4,74
2025-07-24,3,5,70
2025-07-24,4,1,453
2025-07-24,4,2,421
2025-07-24,4,3,506
2025-07-24,4,4,197
2025-07-24,4,5,166
2025-07-24,5,1,363
2025-07-24,5,2,331
2025-07-24,5,3,452
2025-07-24,5,4,164
2025-07-24,5,5,178
2025-07-24,6,1,232
2025-07-24,6,2,187
2025-07-24,6,3,270
2025-07-24,6,4,98
2025-07-24,6,5,95
2025-07-24,7,1,245
2025-07-24,7,2,236
2025-07-24,7,3,311
2025-07-24,7,4,112
2025-07-24,7,5,119
2025-07-24,8,1,111
2025-07-24,8,2,111
2025-07-24,8,3,141
2025-07-24,8,4,51
2025-07-24,8,5,59
2025-07-24,9,1,314
2025-07-24,9,2,278
2025-07-24,9,3,397
2025-07-24,9,4,165
2025-07-24,9,5,127
2025-07-24,10,1,183
2025-07-24,10,2,165
2025-07-24,10,3,193
2025-07-24,10,4,79
2025-07-24,10,5,50
2025-07-24,11,1,233
2025-07-24,11,2,207
2025-07-24,11,3,194
2025-07-24,11,4,115
2025-07-24,11,5,102
2025-07-24,12,1,270
2025-07-24,12,2,209
2025-07-24,12,3,293
2025-07-24,12,4,113
2025-07-24,12,5,109
2025-07-24,13,1,310
2025-07-24,13,2,249
2025-07-24,13,3,388
2025-07-24,13,4,136
2025-07-24,13,5,122
2025-07-24,14,1,201
2025-07-24,14,2,194
2025-07-24,14,3,232
2025-07-24,14,4,87
2025-07-24,14,5,86
2025-07-24,15,1,361
2025-07-24,15,2,318
2025-07-24,15,3,402
2025-07-24,15,4,171
2025-07-24,15,5,156
2025-07-24,16,1,223
2025-07-24,16,2,207
2025-07-24,16,3,234
2025-07-24,16,4,93
2025-07-24,16,5,83
2025-07-24,17,1,278
2025-07-24,17,2,269
2025-07-24,17,3,302
2025-07-24,17,4,136
2025-07-24,17,5,114
2025-07-24,18,1,612
2025-07-24,18,2,520
2025-07-24,18,3,699
2025-07-24,18,4,295
2025-07-24,18,5,241
2025-07-24,19,1,296
2025-07-24,19,2,258
2025-07-24,19,3,344
2025-07-24,19,4,149
2025-07-24,19,5,102
2025-07-24,20,1,301
2025-07-24,20,2,288
2025-07-24,20,3,342
2025-07-24,20,4,177
2025-07-24,20,5,128
2025-07-24,21,1,171
2025-07-24,21,2,145
2025-07-24,21,3,186
2025-07-24,21,4,76
2025-07-24,21,5,50
2025-07-24,22,1,301
2025-07-24,22,2,233
2025-07-24,22,3,336
2025-07-24,22,4,142
2025-07-24,22,5,122
2025-07-24,23,1,78
2025-07-24,23,2,61
2025-07-24,23,3,105
2025-07-24,23,4,42
2025-07-24,23,5,30
2025-07-24,24,1,73
2025-07-24,24,2,54
2025-07-24,24,3,66
2025-07-24,24,4,36
2025-07-24,24,5,24
2025-07-24,25,1,236
2025-07-24,25,2,190
2025-07-24,25,3,270
2025-07-24,25,4,107
2025-07-24,25,5,77
2025-07-25,1,1,588
2025-07-25,1,2,499
2025-07-25,1,3,640
2025-07-25,1,4,276
2025-07-25,1,5,182
2025-07-25,2,1,360
2025-07-25,2,2,299
2025-07-25,2,3,370
2025-07-25,2,4,168
2025-07-25,2,5,135
2025-07-25,3,1,161
2025-07-25,3,2,143
2025-07-25,3,3,167
2025-07-25,3,4,67
2025-07-25,3,5,51
2025-07-25,4,1,472
2025-07-25,4,2,415
2025-07-25,4,3,543
2025-07-25,4,4,216
2025-07-25,4,5,199
2025-07-25,5,1,403
2025-07-25,5,2,360
2025-07-25,5,3,429
2025-07-25,5,4,179
2025-07-25,5,5,153
2025-07-25,6,1,247
2025-07-25,6,2,224
2025-07-25,6,3,256
2025-07-25,6,4,103
2025-07-25,6,5,87
2025-07-25,7,1,290
2025-07-25,7,2,240
2025-07-25,7,3,332
2025-07-25,7,4,123
2025-07-25,7,5,109
2025-07-25,8,1,140
2025-07-25,8,2,115
2025-07-25,8,3,153
2025-07-25,8,4,57
2025-07-25,8,5,49
2025-07-25,9,1,329
2025-07-25,9,2,287
2025-07-25,9,3,385
2025-07-25,9,4,156
2025-07-25,9,5,142
2025-07-25,10,1,169
2025-07-25,10,2,157
2025-07-25,10,3,178
2025-07-25,10,4,66
2025-07-25,10,5,80
2025-07-25,11,1,210
2025-07-25,11,2,218
2025-07-25,11,3,258
2025-07-25,11,4,91
2025-07-25,11,5,98
2025-07-25,12,1,268
2025-07-25,12,2,240
2025-07-25,12,3,293
2025-07-25,12,4,128
2025-07-25,12,5,102
2025-07-25,13,1,329
2025-07-25,13,2,296
2025-07-25,13,3,353
2025-07-25,13,4,163
2025-07-25,13,5,117
2025-07-25,14,1,196
2025-07-25,14,2,190
2025-07-25,14,3,226
2025-07-25,14,4,101
2025-07-25,14,5,96
2025-07-25,15,1,363
2025-07-25,15,2,331
2025-07-25,15,3,386
2025-07-25,15,4,169
2025-07-25,15,5,160
2025-07-25,16,1,224
2025-07-25,16,2,188
2025-07-25,16,3,227
2025-07-25,16,4,119
2025-07-25,16,5,97
2025-07-25,17,1,294
2025-07-25,17,2,227
2025-07-25,17,3,322
2025-07-25,17,4,143
2025-07-25,17,5,105
2025-07-25,18,1,608
2025-07-25,18,2,590
2025-07-25,18,3,762
2025-07-25,18,4,322
2025-07-25,18,5,254
2025-07-25,19,1,291
2025-07-25,19,2,252
2025-07-25,19,3,326
2025-07-25,19,4,139
2025-07-25,19,5,120
2025-07-25,20,1,342
2025-07-25,20,2,264
2025-07-25,20,3,359
2025-07-25,20,4,147
2025-07-25,20,5,139
2025-07-25,21,1,152
2025-07-25,21,2,149
2025-07-25,21,3,198
2025-07-25,21,4,77
2025-07-25,21,5,71
2025-07-25,22,1,311
2025-07-25,22,2,265
2025-07-25,22,3,335
2025-07-25,22,4,129
2025-07-25,22,5,112
2025-07-25,23,1,95
2025-07-25,23,2,66
2025-07-25,23,3,92
2025-07-25,23,4,34
2025-07-25,23,5,22
2025-07-25,24,1,66
2025-07-25,24,2,67
2025-07-25,24,3,90
2025-07-25,24,4,34
2025-07-25,24,5,37
2025-07-25,25,1,224
2025-07-25,25,2,196
2025-07-25,25,3,273
2025-07-25,25,4,124
2025-07-25,25,5,79
2025-07-26,1,1,457
2025-07-26,1,2,407
2025-07-26,1,3,526
2025-07-26,1,4,219
2025-07-26,1,5,171
2025-07-26,2,1,270
2025-07-26,2,2,216
2025-07-26,2,3,315
2025-07-26,2,4,110
2025-07-26,2,5,104
2025-07-26,3,1,131
2025-07-26,3,2,96
2025-07-26,3,3,143
2025-07-26,3,4,68
2025-07-26,3,5,46
2025-07-26,4,1,379
2025-07-26,4,2,351
2025-07-26,4,3,405
2025-07-26,4,4,161
2025-07-26,4,5,155
2025-07-26,5,1,316
2025-07-26,5,2,279
2025-07-26,5,3,359
2025-07-26,5,4,153
2025-07-26,5,5,111
2025-07-26,6,1,193
2025-07-26,6,2,176
2025-07-26,6,3,218
2025-07-26,6,4,101
2025-07-26,6,5,73
2025-07-26,7,1,240
2025-07-26,7,2,200
2025-07-26,7,3,236
2025-07-26,7,4,84
2025-07-26,7,5,77
2025-07-26,8,1,108
2025-07-26,8,2,94
2025-07-26,8,3,112
2025-07-26,8,4,35
2025-07-26,8,5,39
2025-07-26,9,1,269
2025-07-26,9,2,207
2025-07-26,9,3,294
2025-07-26,9,4,101
2025-07-26,9,5,92
2025-07-26,10,1,104
2025-07-26,10,2,114
2025-07-26,10,3,156
2025-07-26,10,4,62
2025-07-26,10,5,36
2025-07-26,11,1,211
2025-07-26,11,2,153
2025-07-26,11,3,205
2025-07-26,11,4,97
2025-07-26,11,5,75
2025-07-26,12,1,210
2025-07-26,12,2,190
2025-07-26,12,3,224
2025-07-26,12,4,102
2025-07-26,12,5,86
2025-07-26,13,1,256
2025-07-26,13,2,230
2025-07-26,13,3,326
2025-07-26,13,4,129
2025-07-26,13,5,97
2025-07-26,14,1,184
2025-07-26,14,2,138
2025-07-26,14,3,174
2025-07-26,14,4,76
2025-07-26,14,5,61
2025-07-26,15,1,270
2025-07-26,15,2,264
2025-07-26,15,3,325
2025-07-26,15,4,129
2025-07-26,15,5,111
2025-07-26,16,1,177
2025-07-26,16,2,180
2025-07-26,16,3,175
2025-07-26,16,4,98
2025-07-26,16,5,51
2025-07-26,17,1,215
2025-07-26,17,2,201
2025-07-26,17,3,285
2025-07-26,17,4,77
2025-07-26,17,5,73
2025-07-26,18,1,496
2025-07-26,18,2,438
2025-07-26,18,3,539
2025-07-26,18,4,232
2025-07-26,18,5,165
2025-07-26,19,1,241
2025-07-26,19,2,204
2025-07-26,19,3,255
2025-07-26,19,4,118
2025-07-26,19,5,93
2025-07-26,20,1,260
2025-07-26,20,2,215
2025-07-26,20,3,292
2025-07-26,20,4,103
2025-07-26,20,5,90
2025-07-26,21,1,156
2025-07-26,21,2,101
2025-07-26,21,3,156
2025-07-26,21,4,54
2025-07-26,21,5,67
2025-07-26,22,1,244
2025-07-26,22,2,199
2025-07-26,22,3,266
2025-07-26,22,4,102
2025-07-26,22,5,99
2025-07-26,23,1,62
2025-07-26,23,2,55
2025-07-26,23,3,60
2025-07-26,23,4,26
2025-07-26,23,5,25
2025-07-26,24,1,63
2025-07-26,24,2,59
2025-07-26,24,3,69
2025-07-26,24,4,35
2025-07-26,24,5,21
2025-07-26,25,1,190
2025-07-26,25,2,154
2025-07-26,25,3,232
2025-07-26,25,4,81
2025-07-26,25,5,68
2025-07-27,1,1,432
2025-07-27,1,2,409
2025-07-27,1,3,472
2025-07-27,1,4,182
2025-07-27,1,5,176
2025-07-27,2,1,272
2025-07-27,2,2,214
2025-07-27,2,3,295
2025-07-27,2,4,106
2025-07-27,2,5,95
2025-07-27,3,1,119
2025-07-27,3,2,107
2025-07-27,3,3,135
2025-07-27,3,4,59
2025-07-27,3,5,56
2025-07-27,4,1,375
2025-07-27,4,2,323
2025-07-27,4,3,422
2025-07-27,4,4,162
2025-07-27,4,5,122
2025-07-27,5,1,265
2025-07-27,5,2,246
2025-07-27,5,3,332
2025-07-27,5,4,122
2025-07-27,5,5,108
2025-07-27,6,1,193
2025-07-27,6,2,162
2025-07-27,6,3,194
2025-07-27,6,4,62
2025-07-27,6,5,55
2025-07-27,7,1,224
2025-07-27,7,2,160
2025-07-27,7,3,236
2025-07-27,7,4,102
2025-07-27,7,5,76
2025-07-27,8,1,96
2025-07-27,8,2,76
2025-07-27,8,3,119
2025-07-27,8,4,51
2025-07-27,8,5,39
2025-07-27,9,1,252
2025-07-27,9,2,223
2025-07-27,9,3,253
2025-07-27,9,4,136
2025-07-27,9,5,90
2025-07-27,10,1,112
2025-07-27,10,2,93
2025-07-27,10,3,148
2025-07-27,10,4,70
2025-07-27,10,5,39
2025-07-27,11,1,176
2025-07-27,11,2,138
2025-07-27,11,3,173
2025-07-27,11,4,68
2025-07-27,11,5,71
2025-07-27,12,1,216
2025-07-27,12,2,193
2025-07-27,12,3,241
2025-07-27,12,4,86
2025-07-27,12,5,76
2025-07-27,13,1,239
2025-07-27,13,2,210
2025-07-27,13,3,293
2025-07-27,13,4,100
2025-07-27,13,5,109
2025-07-27,14,1,135
2025-07-27,14,2,141
2025-07-27,14,3,164
2025-07-27,14,4,63
2025-07-27,14,5,61
2025-07-27,15,1,285
2025-07-27,15,2,243
2025-07-27,15,3,296
2025-07-27,15,4,129
2025-07-27,15,5,83
2025-07-27,16,1,167
2025-07-27,16,2,151
2025-07-27,16,3,157
2025-07-27,16,4,61
2025-07-27,16,5,52
2025-07-27,17,1,221
2025-07-27,17,2,162
2025-07-27,17,3,248
2025-07-27,17,4,81
2025-07-27,17,5,75
2025-07-27,18,1,491
2025-07-27,18,2,410
2025-07-27,18,3,506
2025-07-27,18,4,259
2025-07-27,18,5,167
2025-07-27,19,1,237
2025-07-27,19,2,208
2025-07-27,19,3,232
2025-07-27,19,4,102
2025-07-27,19,5,83
2025-07-27,20,1,243
2025-07-27,20,2,203
2025-07-27,20,3,262
2025-07-27,20,4,124
2025-07-27,20,5,114
2025-07-27,21,1,135
2025-07-27,21,2,102
2025-07-27,21,3,140
2025-07-27,21,4,56
2025-07-27,21,5,55
2025-07-27,22,1,239
2025-07-27,22,2,214
2025-07-27,22,3,273
2025-07-27,22,4,101
2025-07-27,22,5,91
2025-07-27,23,1,58
2025-07-27,23,2,64
2025-07-27,23,3,74
2025-07-27,23,4,32
2025-07-27,23,5,36
2025-07-27,24,1,53
2025-07-27,24,2,44
2025-07-27,24,3,52
2025-07-27,24,4,27
2025-07-27,24,5,18
2025-07-27,25,1,180
2025-07-27,25,2,161
2025-07-27,25,3,185
2025-07-27,25,4,82
2025-07-27,25,5,72
2025-07-28,1,1,640
2025-07-28,1,2,610
2025-07-28,1,3,724
2025-07-28,1,4,312
2025-07-28,1,5,248
2025-07-28,2,1,361
2025-07-28,2,2,362
2025-07-28,2,3,442
2025-07-28,2,4,183
2025-07-28,2,5,142
2025-07-28,3,1,174
2025-07-28,3,2,171
2025-07-28,3,3,195
2025-07-28,3,4,79
2025-07-28,3,5,82
2025-07-28,4,1,554
2025-07-28,4,2,506
2025-07-28,4,3,597
2025-07-28,4,4,270
2025-07-28,4,5,206
2025-07-28,5,1,469
2025-07-28,5,2,452
2025-07-28,5,3,487
2025-07-28,5,4,234
2025-07-28,5,5,170
2025-07-28,6,1,275
2025-07-28,6,2,274
2025-07-28,6,3,288
2025-07-28,6,4,120
2025-07-28,6,5,100
2025-07-28,7,1,299
2025-07-28,7,2,306
2025-07-28,7,3,355
2025-07-28,7,4,150
2025-07-28,7,5,113
2025-07-28,8,1,151
2025-07-28,8,2,127
2025-07-28,8,3,174
2025-07-28,8,4,75
2025-07-28,8,5,54
2025-07-28,9,1,385
2025-07-28,9,2,336
2025-07-28,9,3,419
2025-07-28,9,4,195
2025-07-28,9,5,150
2025-07-28,10,1,187
2025-07-28,10,2,209
2025-07-28,10,3,208
2025-07-28,10,4,87
2025-07-28,10,5,69
2025-07-28,11,1,270
2025-07-28,11,2,278
2025-07-28,11,3,260
2025-07-28,11,4,122
2025-07-28,11,5,97
2025-07-28,12,1,305
2025-07-28,12,2,334
2025-07-28,12,3,379
2025-07-28,12,4,131
2025-07-28,12,5,102
2025-07-28,13,1,389
2025-07-28,13,2,389
2025-07-28,13,3,416
2025-07-28,13,4,184
2025-07-28,13,5,148
2025-07-28,14,1,212
2025-07-28,14,2,238
2025-07-28,14,3,291
2025-07-28,14,4,108
2025-07-28,14,5,92
2025-07-28,15,1,444
2025-07-28,15,2,423
2025-07-28,15,3,440
2025-07-28,15,4,184
2025-07-28,15,5,144
2025-07-28,16,1,283
2025-07-28,16,2,230
2025-07-28,16,3,294
2025-07-28,16,4,119
2025-07-28,16,5,85
2025-07-28,17,1,312
2025-07-28,17,2,324
2025-07-28,17,3,362
2025-07-28,17,4,137
2025-07-28,17,5,111
2025-07-28,18,1,720
2025-07-28,18,2,717
2025-07-28,18,3,849
2025-07-28,18,4,349
2025-07-28,18,5,234
2025-07-28,19,1,348
2025-07-28,19,2,344
2025-07-28,19,3,380
2025-07-28,19,4,161
2025-07-28,19,5,130
2025-07-28,20,1,352
2025-07-28,20,2,363
2025-07-28,20,3,414
2025-07-28,20,4,188
2025-07-28,20,5,143
2025-07-28,21,1,191
2025-07-28,21,2,200
2025-07-28,21,3,204
2025-07-28,21,4,85
2025-07-28,21,5,86
2025-07-28,22,1,342
2025-07-28,22,2,342
2025-07-28,22,3,379
2025-07-28,22,4,133
2025-07-28,22,5,125
2025-07-28,23,1,90
2025-07-28,23,2,99
2025-07-28,23,3,110
2025-07-28,23,4,32
2025-07-28,23,5,33
2025-07-28,24,1,82
2025-07-28,24,2,67
2025-07-28,24,3,94
2025-07-28,24,4,34
2025-07-28,24,5,35
2025-07-28,25,1,261
2025-07-28,25,2,254
2025-07-28,25,3,291
2025-07-28,25,4,108
2025-07-28,25,5,119
2025-07-29,1,1,641
2025-07-29,1,2,635
2025-07-29,1,3,623
2025-07-29,1,4,256
2025-07-29,1,5,231
2025-07-29,2,1,391
2025-07-29,2,2,339
2025-07-29,2,3,435
2025-07-29,2,4,159
2025-07-29,2,5,120
2025-07-29,3,1,168
2025-07-29,3,2,162
2025-07-29,3,3,162
2025-07-29,3,4,72
2025-07-29,3,5,71
2025-07-29,4,1,536
2025-07-29,4,2,452
2025-07-29,4,3,531
2025-07-29,4,4,264
2025-07-29,4,5,184
2025-07-29,5,1,416
2025-07-29,5,2,395
2025-07-29,5,3,475
2025-07-29,5,4,181
2025-07-29,5,5,149
2025-07-29,6,1,257
2025-07-29,6,2,268
2025-07-29,6,3,272
2025-07-29,6,4,113
2025-07-29,6,5,100
2025-07-29,7,1,301
2025-07-29,7,2,289
2025-07-29,7,3,327
2025-07-29,7,4,149
2025-07-29,7,5,112
2025-07-29,8,1,129
2025-07-29,8,2,150
2025-07-29,8,3,155
2025-07-29,8,4,79
2025-07-29,8,5,56
2025-07-29,9,1,376
2025-07-29,9,2,321
2025-07-29,9,3,411
2025-07-29,9,4,148
2025-07-29,9,5,143
2025-07-29,10,1,168
2025-07-29,10,2,166
2025-07-29,10,3,190
2025-07-29,10,4,78
2025-07-29,10,5,66
2025-07-29,11,1,255
2025-07-29,11,2,236
2025-07-29,11,3,262
2025-07-29,11,4,103
2025-07-29,11,5,103
2025-07-29,12,1,276
2025-07-29,12,2,261
2025-07-29,12,3,314
2025-07-29,12,4,142
2025-07-29,12,5,109
2025-07-29,13,1,368
2025-07-29,13,2,357
2025-07-29,13,3,394
2025-07-29,13,4,150
2025-07-29,13,5,115
2025-07-29,14,1,234
2025-07-29,14,2,197
2025-07-29,14,3,270
2025-07-29,14,4,91
2025-07-29,14,5,76
2025-07-29,15,1,383
2025-07-29,15,2,366
2025-07-29,15,3,450
2025-07-29,15,4,184
2025-07-29,15,5,159
2025-07-29,16,1,222
2025-07-29,16,2,235
2025-07-29,16,3,275
2025-07-29,16,4,105
2025-07-29,16,5,83
2025-07-29,17,1,285
2025-07-29,17,2,308
2025-07-29,17,3,309
2025-07-29,17,4,130
2025-07-29,17,5,106
2025-07-29,18,1,667
2025-07-29,18,2,641
2025-07-29,18,3,713
2025-07-29,18,4,301
2025-07-29,18,5,251
2025-07-29,19,1,352
2025-07-29,19,2,310
2025-07-29,19,3,367
2025-07-29,19,4,139
2025-07-29,19,5,127
2025-07-29,20,1,337
2025-07-29,20,2,351
2025-07-29,20,3,374
2025-07-29,20,4,154
2025-07-29,20,5,134
2025-07-29,21,1,171
2025-07-29,21,2,197
2025-07-29,21,3,208
2025-07-29,21,4,81
2025-07-29,21,5,49
2025-07-29,22,1,288
2025-07-29,22,2,303
2025-07-29,22,3,390
2025-07-29,22,4,174
2025-07-29,22,5,109
2025-07-29,23,1,92
2025-07-29,23,2,91
2025-07-29,23,3,100
2025-07-29,23,4,46
2025-07-29,23,5,36
2025-07-29,24,1,84
2025-07-29,24,2,75
2025-07-29,24,3,93
2025-07-29,24,4,38
2025-07-29,24,5,27
2025-07-29,25,1,251
2025-07-29,25,2,230
2025-07-29,25,3,301
2025-07-29,25,4,100
2025-07-29,25,5,84
