task,model,index,y_true,y_pred,prob
peak_demand_risk,LogisticRegression,21096,0,0,4.205222173878102e-06
peak_demand_risk,LogisticRegression,21000,1,1,0.9999996150302327
peak_demand_risk,LogisticRegression,21067,0,0,6.614583816144787e-09
peak_demand_risk,LogisticRegression,21055,0,0,3.371688679146783e-07
peak_demand_risk,LogisticRegression,21039,0,0,2.408273130749039e-13
peak_demand_risk,LogisticRegression,21094,0,0,1.021383327710842e-11
peak_demand_risk,LogisticRegression,21101,0,0,2.8930461292171777e-10
peak_demand_risk,LogisticRegression,21053,0,0,1.6429167801013743e-12
peak_demand_risk,LogisticRegression,21043,0,0,6.253548431397721e-11
peak_demand_risk,LogisticRegression,21100,0,0,6.771928701247744e-12
peak_demand_risk,LogisticRegression,21027,0,0,6.214091149258657e-07
peak_demand_risk,LogisticRegression,21084,0,0,1.1826500039132795e-11
peak_demand_risk,LogisticRegression,21047,0,0,1.3270018908932988e-09
peak_demand_risk,LogisticRegression,21123,0,0,7.730899245091645e-12
peak_demand_risk,LogisticRegression,21022,1,1,0.7912348079657161
peak_demand_risk,LogisticRegression,21108,0,0,7.65797378039028e-12
peak_demand_risk,LogisticRegression,21015,1,1,0.9815889805360762
peak_demand_risk,LogisticRegression,21090,0,0,7.518105953143285e-05
peak_demand_risk,LogisticRegression,21070,0,0,0.0026985148916533245
peak_demand_risk,LogisticRegression,21056,0,0,2.60523379233442e-06
peak_demand_risk,LogisticRegression,21092,0,0,0.00044374365549529034
peak_demand_risk,LogisticRegression,21088,0,0,5.05554806035141e-06
peak_demand_risk,LogisticRegression,21016,1,1,0.965001298966707
peak_demand_risk,LogisticRegression,21046,0,0,1.0342151606888407e-10
peak_demand_risk,LogisticRegression,21072,0,0,0.09103634343784929
peak_demand_risk,LogisticRegression,21107,0,0,0.0003679526181591285
peak_demand_risk,LogisticRegression,21106,0,0,5.2527212030186716e-05
peak_demand_risk,LogisticRegression,21115,0,0,3.275158139361848e-16
peak_demand_risk,LogisticRegression,21033,0,0,3.7940175115974087e-11
peak_demand_risk,LogisticRegression,21037,0,0,3.8696625463855667e-13
peak_demand_risk,LogisticRegression,21059,0,0,8.370102909097202e-12
peak_demand_risk,LogisticRegression,21113,0,0,3.893632237863625e-13
peak_demand_risk,LogisticRegression,21103,0,0,6.741454850215551e-13
peak_demand_risk,LogisticRegression,21049,0,0,6.888580548449037e-12
peak_demand_risk,LogisticRegression,21040,0,0,0.00015476716194422793
peak_demand_risk,LogisticRegression,21018,0,0,7.652345660370381e-09
peak_demand_risk,LogisticRegression,21118,0,0,6.514616972964949e-13
peak_demand_risk,LogisticRegression,21001,1,1,0.9999928985520204
peak_demand_risk,LogisticRegression,21009,0,0,2.804500241538737e-11
peak_demand_risk,LogisticRegression,21061,0,0,0.0009984953334164204
peak_demand_risk,LogisticRegression,21036,0,0,5.859723742660553e-12
peak_demand_risk,LogisticRegression,21076,0,0,1.36024890162595e-08
peak_demand_risk,LogisticRegression,21007,0,0,0.3269630270021338
peak_demand_risk,LogisticRegression,21078,0,0,1.1354473181611064e-12
peak_demand_risk,LogisticRegression,21069,0,0,5.593687168163019e-11
peak_demand_risk,LogisticRegression,21004,0,0,6.848534023493079e-08
peak_demand_risk,LogisticRegression,21060,0,0,0.005174597219818316
peak_demand_risk,LogisticRegression,21097,0,0,0.0035391903266012606
peak_demand_risk,LogisticRegression,21085,1,1,0.9999999998696263
peak_demand_risk,LogisticRegression,21087,1,1,0.9999999999999976
peak_demand_risk,LogisticRegression,21062,0,0,0.006478047171815177
peak_demand_risk,LogisticRegression,21086,1,1,0.9999999999353357
peak_demand_risk,LogisticRegression,21119,0,0,4.8984574029218777e-14
peak_demand_risk,LogisticRegression,21114,0,0,9.797236125420435e-13
peak_demand_risk,LogisticRegression,21045,0,0,3.2639731894967773e-12
peak_demand_risk,LogisticRegression,21032,0,0,2.7448669804253276e-05
peak_demand_risk,LogisticRegression,21054,0,0,2.054074305181204e-12
peak_demand_risk,LogisticRegression,21029,0,0,7.976784040954835e-13
peak_demand_risk,LogisticRegression,21038,0,0,1.3658904736910948e-13
peak_demand_risk,LogisticRegression,21122,0,0,1.5497425125341957e-06
peak_demand_risk,LogisticRegression,21116,0,0,6.386920477565148e-16
peak_demand_risk,LogisticRegression,21071,0,0,0.124945511760163
peak_demand_risk,LogisticRegression,21010,0,0,2.2113598550398082e-12
peak_demand_risk,LogisticRegression,21014,0,0,1.9722367106890738e-13
peak_demand_risk,LogisticRegression,21005,0,0,0.00039337055155732486
peak_demand_risk,LogisticRegression,21105,0,0,4.648495468266948e-06
peak_demand_risk,LogisticRegression,21019,0,0,4.550496689964597e-09
peak_demand_risk,LogisticRegression,21026,0,0,1.8635209183658126e-07
peak_demand_risk,LogisticRegression,21063,0,0,6.028010680119007e-09
peak_demand_risk,LogisticRegression,21020,0,0,0.029660265229753412
peak_demand_risk,LogisticRegression,21077,0,0,5.082423750766468e-07
peak_demand_risk,LogisticRegression,21091,0,0,1.3066602508106235e-05
peak_demand_risk,LogisticRegression,21050,0,0,3.746481141641758e-09
peak_demand_risk,LogisticRegression,21109,0,0,1.4251211343392466e-10
peak_demand_risk,LogisticRegression,21031,0,0,3.62443450514549e-07
peak_demand_risk,LogisticRegression,21079,0,0,1.6604689399906583e-12
peak_demand_risk,LogisticRegression,21104,0,0,4.2650661288423315e-13
peak_demand_risk,LogisticRegression,21073,0,0,1.2686798880702718e-10
peak_demand_risk,LogisticRegression,21013,0,0,3.6360333792124414e-13
peak_demand_risk,LogisticRegression,21110,0,0,3.802736524378828e-16
peak_demand_risk,LogisticRegression,21068,0,0,3.1259071052969717e-12
peak_demand_risk,LogisticRegression,21044,0,0,1.0244639681316573e-11
peak_demand_risk,LogisticRegression,21023,0,0,5.679972130621182e-10
peak_demand_risk,LogisticRegression,21095,0,0,7.673021154872326e-05
peak_demand_risk,LogisticRegression,21052,0,0,1.6269495607284871e-06
peak_demand_risk,LogisticRegression,21057,0,0,3.622531943272186e-05
peak_demand_risk,LogisticRegression,21035,0,0,8.633954387820924e-14
peak_demand_risk,LogisticRegression,21120,0,0,1.372869500324309e-09
peak_demand_risk,LogisticRegression,21034,0,0,5.0937229417670915e-12
peak_demand_risk,LogisticRegression,21124,0,0,9.851108737113556e-11
peak_demand_risk,LogisticRegression,21093,0,0,9.273235645857353e-11
peak_demand_risk,LogisticRegression,21058,0,0,3.84722234245984e-10
peak_demand_risk,LogisticRegression,21074,0,0,3.757933309923962e-11
peak_demand_risk,LogisticRegression,21121,0,0,2.0854423922806938e-07
peak_demand_risk,LogisticRegression,21003,0,0,1.986923111053014e-05
peak_demand_risk,LogisticRegression,21012,0,0,4.9302618779875e-12
peak_demand_risk,LogisticRegression,21028,0,0,2.2122534850550803e-12
peak_demand_risk,LogisticRegression,21051,0,0,6.022236082083971e-08
peak_demand_risk,LogisticRegression,21111,0,0,2.485003745300851e-15
peak_demand_risk,LogisticRegression,21112,0,0,7.326208547878508e-16
peak_demand_risk,LogisticRegression,21025,0,0,5.328817951809163e-08
peak_demand_risk,LogisticRegression,21002,1,1,0.9999999999990297
peak_demand_risk,LogisticRegression,21066,0,0,1.835087916705124e-08
peak_demand_risk,LogisticRegression,21021,0,0,0.24620074779857357
peak_demand_risk,LogisticRegression,21098,0,0,1.359735486779034e-10
peak_demand_risk,LogisticRegression,21083,0,0,2.3863876777537207e-11
peak_demand_risk,LogisticRegression,21102,0,0,6.744179576006465e-11
peak_demand_risk,LogisticRegression,21024,0,0,8.994018660308969e-11
peak_demand_risk,LogisticRegression,21081,0,0,4.76037353601665e-07
peak_demand_risk,LogisticRegression,21042,0,0,0.01808904165016819
peak_demand_risk,LogisticRegression,21075,0,0,2.4411345421358976e-09
peak_demand_risk,LogisticRegression,21011,0,0,1.370202618755717e-10
peak_demand_risk,LogisticRegression,21117,0,0,8.35598230249139e-16
peak_demand_risk,LogisticRegression,21017,1,1,0.9999856418940309
peak_demand_risk,LogisticRegression,21099,0,0,2.958079553822215e-10
peak_demand_risk,LogisticRegression,21006,0,0,0.01630665014488332
peak_demand_risk,LogisticRegression,21080,0,0,2.0907767419597645e-07
peak_demand_risk,LogisticRegression,21064,0,0,3.3804359899419523e-10
peak_demand_risk,LogisticRegression,21065,0,0,3.098985208436084e-10
peak_demand_risk,LogisticRegression,21041,0,0,2.5398450948417127e-05
peak_demand_risk,LogisticRegression,21048,0,0,2.839268182499408e-13
peak_demand_risk,LogisticRegression,21008,0,0,2.115986168481859e-10
peak_demand_risk,LogisticRegression,21030,0,0,9.03423241945397e-06
peak_demand_risk,LogisticRegression,21082,0,0,7.880657896641812e-05
peak_demand_risk,LogisticRegression,21089,0,0,6.984076615285062e-08
peak_demand_risk,LogisticRegression,21178,0,0,1.8226849683749373e-12
peak_demand_risk,LogisticRegression,21231,0,0,4.781017081212028e-07
peak_demand_risk,LogisticRegression,21222,0,0,0.0004517749967975492
peak_demand_risk,LogisticRegression,21241,0,0,3.6603169271602517e-16
peak_demand_risk,LogisticRegression,21216,0,0,2.5428188995465163e-06
peak_demand_risk,LogisticRegression,21169,0,0,9.539374561200162e-12
peak_demand_risk,LogisticRegression,21190,0,0,6.728505168574546e-11
peak_demand_risk,LogisticRegression,21161,0,0,3.3605689287295097e-14
peak_demand_risk,LogisticRegression,21201,0,0,3.039673525176115e-11
peak_demand_risk,LogisticRegression,21132,0,0,0.044640047975926175
peak_demand_risk,LogisticRegression,21203,0,0,1.0268918461586918e-11
peak_demand_risk,LogisticRegression,21191,0,0,7.184448744633939e-11
peak_demand_risk,LogisticRegression,21162,0,0,2.6620377298727376e-13
peak_demand_risk,LogisticRegression,21185,0,0,1.762013030212194e-05
peak_demand_risk,LogisticRegression,21146,0,0,0.04865290262680596
peak_demand_risk,LogisticRegression,21193,0,0,2.0681391472144326e-11
peak_demand_risk,LogisticRegression,21235,0,0,4.20915308146701e-15
peak_demand_risk,LogisticRegression,21207,0,0,1.2075551642672038e-05
peak_demand_risk,LogisticRegression,21151,0,0,1.9041003663007443e-09
peak_demand_risk,LogisticRegression,21188,0,0,1.1634018225673718e-10
peak_demand_risk,LogisticRegression,21175,0,0,3.9626508249352926e-09
peak_demand_risk,LogisticRegression,21145,1,1,0.6792954632539494
peak_demand_risk,LogisticRegression,21147,1,1,0.8543294459465478
peak_demand_risk,LogisticRegression,21220,0,0,3.779405620709684e-05
peak_demand_risk,LogisticRegression,21142,1,1,0.9999945003696334
peak_demand_risk,LogisticRegression,21242,0,0,1.0817884461893862e-16
peak_demand_risk,LogisticRegression,21227,0,0,6.932672898167214e-12
peak_demand_risk,LogisticRegression,21144,0,0,8.884268642687537e-11
peak_demand_risk,LogisticRegression,21148,0,0,1.9959622141742558e-10
peak_demand_risk,LogisticRegression,21195,0,0,0.001941174061315041
peak_demand_risk,LogisticRegression,21217,0,0,7.509108341608674e-05
peak_demand_risk,LogisticRegression,21229,0,0,2.062742970850573e-12
peak_demand_risk,LogisticRegression,21149,0,0,4.564010898688687e-10
peak_demand_risk,LogisticRegression,21206,0,0,3.1070484311078854e-08
peak_demand_risk,LogisticRegression,21138,0,0,3.5011373902123057e-12
peak_demand_risk,LogisticRegression,21129,0,0,3.7055628854800064e-09
peak_demand_risk,LogisticRegression,21204,0,0,8.209220673226647e-13
peak_demand_risk,LogisticRegression,21131,0,0,0.000172921747052561
peak_demand_risk,LogisticRegression,21163,0,0,8.297145681938341e-13
peak_demand_risk,LogisticRegression,21171,0,0,4.227166830034454e-13
peak_demand_risk,LogisticRegression,21155,0,0,1.0195626145474905e-07
peak_demand_risk,LogisticRegression,21218,0,0,4.806771195196294e-10
peak_demand_risk,LogisticRegression,21239,0,0,2.869988375077796e-14
peak_demand_risk,LogisticRegression,21154,0,0,1.3372206126928052e-11
peak_demand_risk,LogisticRegression,21194,0,0,2.0570334422363283e-13
peak_demand_risk,LogisticRegression,21186,0,0,1.3135700966475643e-05
peak_demand_risk,LogisticRegression,21211,1,1,0.9999999264747651
peak_demand_risk,LogisticRegression,21134,0,0,7.906540630729162e-12
peak_demand_risk,LogisticRegression,21152,0,0,1.6393290658611445e-07
peak_demand_risk,LogisticRegression,21214,0,0,6.59657692844506e-07
peak_demand_risk,LogisticRegression,21159,0,0,3.0264776111799075e-12
peak_demand_risk,LogisticRegression,21182,0,0,8.619125917031735e-06
peak_demand_risk,LogisticRegression,21156,0,0,3.123086472928328e-08
peak_demand_risk,LogisticRegression,21224,0,0,1.4760957066811848e-10
peak_demand_risk,LogisticRegression,21234,0,0,3.925337887898797e-12
peak_demand_risk,LogisticRegression,21198,0,0,9.935997032387638e-11
peak_demand_risk,LogisticRegression,21202,0,0,4.66960937459974e-09
peak_demand_risk,LogisticRegression,21183,0,0,7.594632330218535e-12
peak_demand_risk,LogisticRegression,21248,0,0,2.9474829709144467e-12
peak_demand_risk,LogisticRegression,21226,0,0,1.760081946138403e-12
peak_demand_risk,LogisticRegression,21130,0,0,0.00022260262682085634
peak_demand_risk,LogisticRegression,21210,1,1,0.9999999999335252
peak_demand_risk,LogisticRegression,21166,0,0,1.938608924952196e-05
peak_demand_risk,LogisticRegression,21212,1,1,0.9999999999999949
peak_demand_risk,LogisticRegression,21237,0,0,3.1027329741421834e-16
peak_demand_risk,LogisticRegression,21187,0,0,0.0038628839533798244
peak_demand_risk,LogisticRegression,21173,0,0,2.166274388186127e-13
peak_demand_risk,LogisticRegression,21244,0,0,3.389249185557809e-14
peak_demand_risk,LogisticRegression,21236,0,0,5.831551843018842e-16
peak_demand_risk,LogisticRegression,21170,0,0,6.156061720841269e-13
peak_demand_risk,LogisticRegression,21221,0,0,1.9834772745738685e-07
peak_demand_risk,LogisticRegression,21157,0,0,3.5936198001385153e-06
peak_demand_risk,LogisticRegression,21179,0,0,1.3585094498920029e-11
peak_demand_risk,LogisticRegression,21137,0,0,1.2814139335909302e-10
peak_demand_risk,LogisticRegression,21219,0,0,8.402898853628235e-11
peak_demand_risk,RandomForestClassifier,21096,0,0,0.0
peak_demand_risk,RandomForestClassifier,21000,1,1,1.0
peak_demand_risk,RandomForestClassifier,21067,0,0,0.0
peak_demand_risk,RandomForestClassifier,21055,0,0,0.0
peak_demand_risk,RandomForestClassifier,21039,0,0,0.0
peak_demand_risk,RandomForestClassifier,21094,0,0,0.0
peak_demand_risk,RandomForestClassifier,21101,0,0,0.0
peak_demand_risk,RandomForestClassifier,21053,0,0,0.0
peak_demand_risk,RandomForestClassifier,21043,0,0,0.0
peak_demand_risk,RandomForestClassifier,21100,0,0,0.0
peak_demand_risk,RandomForestClassifier,21027,0,0,0.0
peak_demand_risk,RandomForestClassifier,21084,0,0,0.0
peak_demand_risk,RandomForestClassifier,21047,0,0,0.0
peak_demand_risk,RandomForestClassifier,21123,0,0,0.0
peak_demand_risk,RandomForestClassifier,21022,1,1,0.6166666666666667
peak_demand_risk,RandomForestClassifier,21108,0,0,0.0
peak_demand_risk,RandomForestClassifier,21015,1,1,0.9083333333333333
peak_demand_risk,RandomForestClassifier,21090,0,0,0.0
peak_demand_risk,RandomForestClassifier,21070,0,0,0.016666666666666666
peak_demand_risk,RandomForestClassifier,21056,0,0,0.0
peak_demand_risk,RandomForestClassifier,21092,0,0,0.008333333333333333
peak_demand_risk,RandomForestClassifier,21088,0,0,0.0
peak_demand_risk,RandomForestClassifier,21016,1,1,0.8083333333333333
peak_demand_risk,RandomForestClassifier,21046,0,0,0.0
peak_demand_risk,RandomForestClassifier,21072,0,0,0.25
peak_demand_risk,RandomForestClassifier,21107,0,0,0.03333333333333333
peak_demand_risk,RandomForestClassifier,21106,0,0,0.0
peak_demand_risk,RandomForestClassifier,21115,0,0,0.0
peak_demand_risk,RandomForestClassifier,21033,0,0,0.0
peak_demand_risk,RandomForestClassifier,21037,0,0,0.0
peak_demand_risk,RandomForestClassifier,21059,0,0,0.0
peak_demand_risk,RandomForestClassifier,21113,0,0,0.0
peak_demand_risk,RandomForestClassifier,21103,0,0,0.0
peak_demand_risk,RandomForestClassifier,21049,0,0,0.0
peak_demand_risk,RandomForestClassifier,21040,0,0,0.008333333333333333
peak_demand_risk,RandomForestClassifier,21018,0,0,0.0
peak_demand_risk,RandomForestClassifier,21118,0,0,0.0
peak_demand_risk,RandomForestClassifier,21001,1,1,0.9833333333333333
peak_demand_risk,RandomForestClassifier,21009,0,0,0.0
peak_demand_risk,RandomForestClassifier,21061,0,0,0.025
peak_demand_risk,RandomForestClassifier,21036,0,0,0.0
peak_demand_risk,RandomForestClassifier,21076,0,0,0.0
peak_demand_risk,RandomForestClassifier,21007,0,0,0.20833333333333334
peak_demand_risk,RandomForestClassifier,21078,0,0,0.0
peak_demand_risk,RandomForestClassifier,21069,0,0,0.0
peak_demand_risk,RandomForestClassifier,21004,0,0,0.0
peak_demand_risk,RandomForestClassifier,21060,0,0,0.008333333333333333
peak_demand_risk,RandomForestClassifier,21097,0,0,0.025
peak_demand_risk,RandomForestClassifier,21085,1,1,1.0
peak_demand_risk,RandomForestClassifier,21087,1,1,1.0
peak_demand_risk,RandomForestClassifier,21062,0,0,0.175
peak_demand_risk,RandomForestClassifier,21086,1,1,1.0
peak_demand_risk,RandomForestClassifier,21119,0,0,0.0
peak_demand_risk,RandomForestClassifier,21114,0,0,0.0
peak_demand_risk,RandomForestClassifier,21045,0,0,0.0
peak_demand_risk,RandomForestClassifier,21032,0,0,0.0
peak_demand_risk,RandomForestClassifier,21054,0,0,0.0
peak_demand_risk,RandomForestClassifier,21029,0,0,0.0
peak_demand_risk,RandomForestClassifier,21038,0,0,0.0
peak_demand_risk,RandomForestClassifier,21122,0,0,0.0
peak_demand_risk,RandomForestClassifier,21116,0,0,0.0
peak_demand_risk,RandomForestClassifier,21071,0,0,0.05
peak_demand_risk,RandomForestClassifier,21010,0,0,0.0
peak_demand_risk,RandomForestClassifier,21014,0,0,0.0
peak_demand_risk,RandomForestClassifier,21005,0,0,0.058333333333333334
peak_demand_risk,RandomForestClassifier,21105,0,0,0.0
peak_demand_risk,RandomForestClassifier,21019,0,0,0.0
peak_demand_risk,RandomForestClassifier,21026,0,0,0.0
peak_demand_risk,RandomForestClassifier,21063,0,0,0.0
peak_demand_risk,RandomForestClassifier,21020,0,0,0.16666666666666666
peak_demand_risk,RandomForestClassifier,21077,0,0,0.0
peak_demand_risk,RandomForestClassifier,21091,0,0,0.008333333333333333
peak_demand_risk,RandomForestClassifier,21050,0,0,0.0
peak_demand_risk,RandomForestClassifier,21109,0,0,0.0
peak_demand_risk,RandomForestClassifier,21031,0,0,0.0
peak_demand_risk,RandomForestClassifier,21079,0,0,0.0
peak_demand_risk,RandomForestClassifier,21104,0,0,0.0
peak_demand_risk,RandomForestClassifier,21073,0,0,0.0
peak_demand_risk,RandomForestClassifier,21013,0,0,0.0
peak_demand_risk,RandomForestClassifier,21110,0,0,0.0
peak_demand_risk,RandomForestClassifier,21068,0,0,0.0
peak_demand_risk,RandomForestClassifier,21044,0,0,0.0
peak_demand_risk,RandomForestClassifier,21023,0,0,0.0
peak_demand_risk,RandomForestClassifier,21095,0,0,0.0
peak_demand_risk,RandomForestClassifier,21052,0,0,0.0
peak_demand_risk,RandomForestClassifier,21057,0,0,0.0
peak_demand_risk,RandomForestClassifier,21035,0,0,0.0
peak_demand_risk,RandomForestClassifier,21120,0,0,0.0
peak_demand_risk,RandomForestClassifier,21034,0,0,0.0
peak_demand_risk,RandomForestClassifier,21124,0,0,0.0
peak_demand_risk,RandomForestClassifier,21093,0,0,0.0
peak_demand_risk,RandomForestClassifier,21058,0,0,0.0
peak_demand_risk,RandomForestClassifier,21074,0,0,0.0
peak_demand_risk,RandomForestClassifier,21121,0,0,0.0
peak_demand_risk,RandomForestClassifier,21003,0,0,0.0
peak_demand_risk,RandomForestClassifier,21012,0,0,0.0
peak_demand_risk,RandomForestClassifier,21028,0,0,0.0
peak_demand_risk,RandomForestClassifier,21051,0,0,0.0
peak_demand_risk,RandomForestClassifier,21111,0,0,0.0
peak_demand_risk,RandomForestClassifier,21112,0,0,0.0
peak_demand_risk,RandomForestClassifier,21025,0,0,0.0
peak_demand_risk,RandomForestClassifier,21002,1,1,1.0
peak_demand_risk,RandomForestClassifier,21066,0,0,0.0
peak_demand_risk,RandomForestClassifier,21021,0,0,0.15833333333333333
peak_demand_risk,RandomForestClassifier,21098,0,0,0.0
peak_demand_risk,RandomForestClassifier,21083,0,0,0.0
peak_demand_risk,RandomForestClassifier,21102,0,0,0.0
peak_demand_risk,RandomForestClassifier,21024,0,0,0.0
peak_demand_risk,RandomForestClassifier,21081,0,0,0.0
peak_demand_risk,RandomForestClassifier,21042,0,0,0.11666666666666667
peak_demand_risk,RandomForestClassifier,21075,0,0,0.0
peak_demand_risk,RandomForestClassifier,21011,0,0,0.0
peak_demand_risk,RandomForestClassifier,21117,0,0,0.0
peak_demand_risk,RandomForestClassifier,21017,1,1,0.9833333333333333
peak_demand_risk,RandomForestClassifier,21099,0,0,0.0
peak_demand_risk,RandomForestClassifier,21006,0,0,0.05
peak_demand_risk,RandomForestClassifier,21080,0,0,0.0
peak_demand_risk,RandomForestClassifier,21064,0,0,0.0
peak_demand_risk,RandomForestClassifier,21065,0,0,0.0
peak_demand_risk,RandomForestClassifier,21041,0,0,0.03333333333333333
peak_demand_risk,RandomForestClassifier,21048,0,0,0.0
peak_demand_risk,RandomForestClassifier,21008,0,0,0.0
peak_demand_risk,RandomForestClassifier,21030,0,0,0.0
peak_demand_risk,RandomForestClassifier,21082,0,0,0.0
peak_demand_risk,RandomForestClassifier,21089,0,0,0.0
peak_demand_risk,RandomForestClassifier,21178,0,0,0.0
peak_demand_risk,RandomForestClassifier,21231,0,0,0.0
peak_demand_risk,RandomForestClassifier,21222,0,0,0.008333333333333333
peak_demand_risk,RandomForestClassifier,21241,0,0,0.0
peak_demand_risk,RandomForestClassifier,21216,0,0,0.0
peak_demand_risk,RandomForestClassifier,21169,0,0,0.0
peak_demand_risk,RandomForestClassifier,21190,0,0,0.0
peak_demand_risk,RandomForestClassifier,21161,0,0,0.0
peak_demand_risk,RandomForestClassifier,21201,0,0,0.0
peak_demand_risk,RandomForestClassifier,21132,0,0,0.15833333333333333
peak_demand_risk,RandomForestClassifier,21203,0,0,0.0
peak_demand_risk,RandomForestClassifier,21191,0,0,0.0
peak_demand_risk,RandomForestClassifier,21162,0,0,0.0
peak_demand_risk,RandomForestClassifier,21185,0,0,0.0
peak_demand_risk,RandomForestClassifier,21146,0,0,0.05
peak_demand_risk,RandomForestClassifier,21193,0,0,0.0
peak_demand_risk,RandomForestClassifier,21235,0,0,0.0
peak_demand_risk,RandomForestClassifier,21207,0,0,0.0
peak_demand_risk,RandomForestClassifier,21151,0,0,0.0
peak_demand_risk,RandomForestClassifier,21188,0,0,0.0
peak_demand_risk,RandomForestClassifier,21175,0,0,0.0
peak_demand_risk,RandomForestClassifier,21145,1,0,0.21666666666666667
peak_demand_risk,RandomForestClassifier,21147,1,1,0.5583333333333333
peak_demand_risk,RandomForestClassifier,21220,0,0,0.0
peak_demand_risk,RandomForestClassifier,21142,1,1,0.9583333333333334
peak_demand_risk,RandomForestClassifier,21242,0,0,0.0
peak_demand_risk,RandomForestClassifier,21227,0,0,0.0
peak_demand_risk,RandomForestClassifier,21144,0,0,0.0
peak_demand_risk,RandomForestClassifier,21148,0,0,0.0
peak_demand_risk,RandomForestClassifier,21195,0,0,0.016666666666666666
peak_demand_risk,RandomForestClassifier,21217,0,0,0.008333333333333333
peak_demand_risk,RandomForestClassifier,21229,0,0,0.0
peak_demand_risk,RandomForestClassifier,21149,0,0,0.0
peak_demand_risk,RandomForestClassifier,21206,0,0,0.0
peak_demand_risk,RandomForestClassifier,21138,0,0,0.0
peak_demand_risk,RandomForestClassifier,21129,0,0,0.0
peak_demand_risk,RandomForestClassifier,21204,0,0,0.0
peak_demand_risk,RandomForestClassifier,21131,0,0,0.016666666666666666
peak_demand_risk,RandomForestClassifier,21163,0,0,0.0
peak_demand_risk,RandomForestClassifier,21171,0,0,0.0
peak_demand_risk,RandomForestClassifier,21155,0,0,0.0
peak_demand_risk,RandomForestClassifier,21218,0,0,0.0
peak_demand_risk,RandomForestClassifier,21239,0,0,0.0
peak_demand_risk,RandomForestClassifier,21154,0,0,0.0
peak_demand_risk,RandomForestClassifier,21194,0,0,0.0
peak_demand_risk,RandomForestClassifier,21186,0,0,0.008333333333333333
peak_demand_risk,RandomForestClassifier,21211,1,1,1.0
peak_demand_risk,RandomForestClassifier,21134,0,0,0.0
peak_demand_risk,RandomForestClassifier,21152,0,0,0.0
peak_demand_risk,RandomForestClassifier,21214,0,0,0.0
peak_demand_risk,RandomForestClassifier,21159,0,0,0.0
peak_demand_risk,RandomForestClassifier,21182,0,0,0.0
peak_demand_risk,RandomForestClassifier,21156,0,0,0.0
peak_demand_risk,RandomForestClassifier,21224,0,0,0.0
peak_demand_risk,RandomForestClassifier,21234,0,0,0.0
peak_demand_risk,RandomForestClassifier,21198,0,0,0.0
peak_demand_risk,RandomForestClassifier,21202,0,0,0.0
peak_demand_risk,RandomForestClassifier,21183,0,0,0.0
peak_demand_risk,RandomForestClassifier,21248,0,0,0.0
peak_demand_risk,RandomForestClassifier,21226,0,0,0.0
peak_demand_risk,RandomForestClassifier,21130,0,0,0.0
peak_demand_risk,RandomForestClassifier,21210,1,1,1.0
peak_demand_risk,RandomForestClassifier,21166,0,0,0.008333333333333333
peak_demand_risk,RandomForestClassifier,21212,1,1,1.0
peak_demand_risk,RandomForestClassifier,21237,0,0,0.0
peak_demand_risk,RandomForestClassifier,21187,0,0,0.075
peak_demand_risk,RandomForestClassifier,21173,0,0,0.0
peak_demand_risk,RandomForestClassifier,21244,0,0,0.0
peak_demand_risk,RandomForestClassifier,21236,0,0,0.0
peak_demand_risk,RandomForestClassifier,21170,0,0,0.0
peak_demand_risk,RandomForestClassifier,21221,0,0,0.0
peak_demand_risk,RandomForestClassifier,21157,0,0,0.0
peak_demand_risk,RandomForestClassifier,21179,0,0,0.0
peak_demand_risk,RandomForestClassifier,21137,0,0,0.0
peak_demand_risk,RandomForestClassifier,21219,0,0,0.0
peak_demand_risk,GradientBoostingClassifier,21096,0,0,0.0008785775863370421
peak_demand_risk,GradientBoostingClassifier,21000,1,1,0.9929859089007672
peak_demand_risk,GradientBoostingClassifier,21067,0,0,0.00062416149735738
peak_demand_risk,GradientBoostingClassifier,21055,0,0,0.00062416149735738
peak_demand_risk,GradientBoostingClassifier,21039,0,0,0.00062416149735738
peak_demand_risk,GradientBoostingClassifier,21094,0,0,0.00062416149735738
peak_demand_risk,GradientBoostingClassifier,21101,0,0,0.0006679018572825424
peak_demand_risk,GradientBoostingClassifier,21053,0,0,0.00062416149735738
peak_demand_risk,GradientBoostingClassifier,21043,0,0,0.00062416149735738
peak_demand_risk,GradientBoostingClassifier,21100,0,0,0.00062416149735738
peak_demand_risk,GradientBoostingClassifier,21027,0,0,0.00062416149735738
peak_demand_risk,GradientBoostingClassifier,21084,0,0,0.00062416149735738
peak_demand_risk,GradientBoostingClassifier,21047,0,0,0.0006679018572825424
peak_demand_risk,GradientBoostingClassifier,21123,0,0,0.00062416149735738
peak_demand_risk,GradientBoostingClassifier,21022,1,1,0.5414701405061751
peak_demand_risk,GradientBoostingClassifier,21108,0,0,0.00062416149735738
peak_demand_risk,GradientBoostingClassifier,21015,1,1,0.8974685395132215
peak_demand_risk,GradientBoostingClassifier,21090,0,0,0.0006679018572825424
peak_demand_risk,GradientBoostingClassifier,21070,0,0,0.004703884825541329
peak_demand_risk,GradientBoostingClassifier,21056,0,0,0.0008036931524518407
peak_demand_risk,GradientBoostingClassifier,21092,0,0,0.0027390102488525437
peak_demand_risk,GradientBoostingClassifier,21088,0,0,0.001530976484314795
peak_demand_risk,GradientBoostingClassifier,21016,1,1,0.6453551380906547
peak_demand_risk,GradientBoostingClassifier,21046,0,0,0.0006679018572825424
peak_demand_risk,GradientBoostingClassifier,21072,0,0,0.03356709621324638
peak_demand_risk,GradientBoostingClassifier,21107,0,0,0.0027926567715665
peak_demand_risk,GradientBoostingClassifier,21106,0,0,0.0008102598133086819
peak_demand_risk,GradientBoostingClassifier,21115,0,0,0.00062416149735738
peak_demand_risk,GradientBoostingClassifier,21033,0,0,0.00062416149735738
peak_demand_risk,GradientBoostingClassifier,21037,0,0,0.00062416149735738
peak_demand_risk,GradientBoostingClassifier,21059,0,0,0.00062416149735738
peak_demand_risk,GradientBoostingClassifier,21113,0,0,0.0006679018572825424
peak_demand_risk,GradientBoostingClassifier,21103,0,0,0.00062416149735738
peak_demand_risk,GradientBoostingClassifier,21049,0,0,0.0006679018572825424
peak_demand_risk,GradientBoostingClassifier,21040,0,0,0.002119277647088753
peak_demand_risk,GradientBoostingClassifier,21018,0,0,0.00062416149735738
peak_demand_risk,GradientBoostingClassifier,21118,0,0,0.0006679018572825424
peak_demand_risk,GradientBoostingClassifier,21001,1,1,0.9705294083833352
peak_demand_risk,GradientBoostingClassifier,21009,0,0,0.00062416149735738
peak_demand_risk,GradientBoostingClassifier,21061,0,0,0.0032233077839706357
peak_demand_risk,GradientBoostingClassifier,21036,0,0,0.0006679018572825424
peak_demand_risk,GradientBoostingClassifier,21076,0,0,0.0006679018572825424
peak_demand_risk,GradientBoostingClassifier,21007,0,0,0.009259724247088964
peak_demand_risk,GradientBoostingClassifier,21078,0,0,0.00062416149735738
peak_demand_risk,GradientBoostingClassifier,21069,0,0,0.0006679018572825424
peak_demand_risk,GradientBoostingClassifier,21004,0,0,0.0006679018572825424
peak_demand_risk,GradientBoostingClassifier,21060,0,0,0.006237661425895219
peak_demand_risk,GradientBoostingClassifier,21097,0,0,0.005798392529401143
peak_demand_risk,GradientBoostingClassifier,21085,1,1,0.9948766226703126
peak_demand_risk,GradientBoostingClassifier,21087,1,1,0.9948766226703126
peak_demand_risk,GradientBoostingClassifier,21062,0,0,0.004136170090014126
peak_demand_risk,GradientBoostingClassifier,21086,1,1,0.9927851752269716
peak_demand_risk,GradientBoostingClassifier,21119,0,0,0.00062416149735738
peak_demand_risk,GradientBoostingClassifier,21114,0,0,0.0006679018572825424
peak_demand_risk,GradientBoostingClassifier,21045,0,0,0.00062416149735738
peak_demand_risk,GradientBoostingClassifier,21032,0,0,0.0007294132169220689
peak_demand_risk,GradientBoostingClassifier,21054,0,0,0.00062416149735738
peak_demand_risk,GradientBoostingClassifier,21029,0,0,0.00062416149735738
peak_demand_risk,GradientBoostingClassifier,21038,0,0,0.00062416149735738
peak_demand_risk,GradientBoostingClassifier,21122,0,0,0.0006679018572825424
peak_demand_risk,GradientBoostingClassifier,21116,0,0,0.00062416149735738
peak_demand_risk,GradientBoostingClassifier,21071,0,0,0.02312861299600983
peak_demand_risk,GradientBoostingClassifier,21010,0,0,0.00062416149735738
peak_demand_risk,GradientBoostingClassifier,21014,0,0,0.00062416149735738
peak_demand_risk,GradientBoostingClassifier,21005,0,0,0.003867810642136507
peak_demand_risk,GradientBoostingClassifier,21105,0,0,0.001530976484314795
peak_demand_risk,GradientBoostingClassifier,21019,0,0,0.0006679018572825424
peak_demand_risk,GradientBoostingClassifier,21026,0,0,0.0006679018572825424
peak_demand_risk,GradientBoostingClassifier,21063,0,0,0.0006679018572825424
peak_demand_risk,GradientBoostingClassifier,21020,0,0,0.011170511121433552
peak_demand_risk,GradientBoostingClassifier,21077,0,0,0.0006679018572825424
peak_demand_risk,GradientBoostingClassifier,21091,0,0,0.0008785775863370421
peak_demand_risk,GradientBoostingClassifier,21050,0,0,0.00062416149735738
peak_demand_risk,GradientBoostingClassifier,21109,0,0,0.0006679018572825424
peak_demand_risk,GradientBoostingClassifier,21031,0,0,0.00062416149735738
peak_demand_risk,GradientBoostingClassifier,21079,0,0,0.00062416149735738
peak_demand_risk,GradientBoostingClassifier,21104,0,0,0.00062416149735738
peak_demand_risk,GradientBoostingClassifier,21073,0,0,0.00062416149735738
peak_demand_risk,GradientBoostingClassifier,21013,0,0,0.00062416149735738
peak_demand_risk,GradientBoostingClassifier,21110,0,0,0.00062416149735738
peak_demand_risk,GradientBoostingClassifier,21068,0,0,0.00062416149735738
peak_demand_risk,GradientBoostingClassifier,21044,0,0,0.00062416149735738
peak_demand_risk,GradientBoostingClassifier,21023,0,0,0.00062416149735738
peak_demand_risk,GradientBoostingClassifier,21095,0,0,0.001530976484314795
peak_demand_risk,GradientBoostingClassifier,21052,0,0,0.0006679018572825424
peak_demand_risk,GradientBoostingClassifier,21057,0,0,0.001530976484314795
peak_demand_risk,GradientBoostingClassifier,21035,0,0,0.00062416149735738
peak_demand_risk,GradientBoostingClassifier,21120,0,0,0.00062416149735738
peak_demand_risk,GradientBoostingClassifier,21034,0,0,0.00062416149735738
peak_demand_risk,GradientBoostingClassifier,21124,0,0,0.0006679018572825424
peak_demand_risk,GradientBoostingClassifier,21093,0,0,0.00062416149735738
peak_demand_risk,GradientBoostingClassifier,21058,0,0,0.0006679018572825424
peak_demand_risk,GradientBoostingClassifier,21074,0,0,0.00062416149735738
peak_demand_risk,GradientBoostingClassifier,21121,0,0,0.0006679018572825424
peak_demand_risk,GradientBoostingClassifier,21003,0,0,0.0006679018572825424
peak_demand_risk,GradientBoostingClassifier,21012,0,0,0.00062416149735738
peak_demand_risk,GradientBoostingClassifier,21028,0,0,0.00062416149735738
peak_demand_risk,GradientBoostingClassifier,21051,0,0,0.0006679018572825424
peak_demand_risk,GradientBoostingClassifier,21111,0,0,0.00062416149735738
peak_demand_risk,GradientBoostingClassifier,21112,0,0,0.00062416149735738
peak_demand_risk,GradientBoostingClassifier,21025,0,0,0.0006679018572825424
peak_demand_risk,GradientBoostingClassifier,21002,1,1,0.9927851752269716
peak_demand_risk,GradientBoostingClassifier,21066,0,0,0.0006679018572825424
peak_demand_risk,GradientBoostingClassifier,21021,0,0,0.19739010627842352
peak_demand_risk,GradientBoostingClassifier,21098,0,0,0.00062416149735738
peak_demand_risk,GradientBoostingClassifier,21083,0,0,0.00062416149735738
peak_demand_risk,GradientBoostingClassifier,21102,0,0,0.00062416149735738
peak_demand_risk,GradientBoostingClassifier,21024,0,0,0.00062416149735738
peak_demand_risk,GradientBoostingClassifier,21081,0,0,0.00062416149735738
peak_demand_risk,GradientBoostingClassifier,21042,0,0,0.008912773564687816
peak_demand_risk,GradientBoostingClassifier,21075,0,0,0.00062416149735738
peak_demand_risk,GradientBoostingClassifier,21011,0,0,0.0006679018572825424
peak_demand_risk,GradientBoostingClassifier,21117,0,0,0.00062416149735738
peak_demand_risk,GradientBoostingClassifier,21017,1,1,0.9555310409141405
peak_demand_risk,GradientBoostingClassifier,21099,0,0,0.0006679018572825424
peak_demand_risk,GradientBoostingClassifier,21006,0,0,0.009727479429084996
peak_demand_risk,GradientBoostingClassifier,21080,0,0,0.00062416149735738
peak_demand_risk,GradientBoostingClassifier,21064,0,0,0.0006679018572825424
peak_demand_risk,GradientBoostingClassifier,21065,0,0,0.00062416149735738
peak_demand_risk,GradientBoostingClassifier,21041,0,0,0.0017888697780216384
peak_demand_risk,GradientBoostingClassifier,21048,0,0,0.00062416149735738
peak_demand_risk,GradientBoostingClassifier,21008,0,0,0.00062416149735738
peak_demand_risk,GradientBoostingClassifier,21030,0,0,0.0006679018572825424
peak_demand_risk,GradientBoostingClassifier,21082,0,0,0.0017888697780216384
peak_demand_risk,GradientBoostingClassifier,21089,0,0,0.00062416149735738
peak_demand_risk,GradientBoostingClassifier,21178,0,0,0.00062416149735738
peak_demand_risk,GradientBoostingClassifier,21231,0,0,0.0007518181753854576
peak_demand_risk,GradientBoostingClassifier,21222,0,0,0.0045981388497752
peak_demand_risk,GradientBoostingClassifier,21241,0,0,0.00062416149735738
peak_demand_risk,GradientBoostingClassifier,21216,0,0,0.0007518181753854576
peak_demand_risk,GradientBoostingClassifier,21169,0,0,0.00062416149735738
peak_demand_risk,GradientBoostingClassifier,21190,0,0,0.00062416149735738
peak_demand_risk,GradientBoostingClassifier,21161,0,0,0.00062416149735738
peak_demand_risk,GradientBoostingClassifier,21201,0,0,0.00062416149735738
peak_demand_risk,GradientBoostingClassifier,21132,0,0,0.011063174439988945
peak_demand_risk,GradientBoostingClassifier,21203,0,0,0.0006679018572825424
peak_demand_risk,GradientBoostingClassifier,21191,0,0,0.00062416149735738
peak_demand_risk,GradientBoostingClassifier,21162,0,0,0.00062416149735738
peak_demand_risk,GradientBoostingClassifier,21185,0,0,0.002093986527778743
peak_demand_risk,GradientBoostingClassifier,21146,0,0,0.03390176857258866
peak_demand_risk,GradientBoostingClassifier,21193,0,0,0.0006679018572825424
peak_demand_risk,GradientBoostingClassifier,21235,0,0,0.0006679018572825424
peak_demand_risk,GradientBoostingClassifier,21207,0,0,0.001530976484314795
peak_demand_risk,GradientBoostingClassifier,21151,0,0,0.00062416149735738
peak_demand_risk,GradientBoostingClassifier,21188,0,0,0.00062416149735738
peak_demand_risk,GradientBoostingClassifier,21175,0,0,0.00062416149735738
peak_demand_risk,GradientBoostingClassifier,21145,1,0,0.07022478122359363
peak_demand_risk,GradientBoostingClassifier,21147,1,0,0.11997486981347322
peak_demand_risk,GradientBoostingClassifier,21220,0,0,0.001530976484314795
peak_demand_risk,GradientBoostingClassifier,21142,1,1,0.9430955060944417
peak_demand_risk,GradientBoostingClassifier,21242,0,0,0.00062416149735738
peak_demand_risk,GradientBoostingClassifier,21227,0,0,0.00062416149735738
peak_demand_risk,GradientBoostingClassifier,21144,0,0,0.00062416149735738
peak_demand_risk,GradientBoostingClassifier,21148,0,0,0.00062416149735738
peak_demand_risk,GradientBoostingClassifier,21195,0,0,0.004126192335702815
peak_demand_risk,GradientBoostingClassifier,21217,0,0,0.0024020451358840165
peak_demand_risk,GradientBoostingClassifier,21229,0,0,0.0006679018572825424
peak_demand_risk,GradientBoostingClassifier,21149,0,0,0.0006679018572825424
peak_demand_risk,GradientBoostingClassifier,21206,0,0,0.00062416149735738
peak_demand_risk,GradientBoostingClassifier,21138,0,0,0.0006679018572825424
peak_demand_risk,GradientBoostingClassifier,21129,0,0,0.00062416149735738
peak_demand_risk,GradientBoostingClassifier,21204,0,0,0.00062416149735738
peak_demand_risk,GradientBoostingClassifier,21131,0,0,0.002153942538257639
peak_demand_risk,GradientBoostingClassifier,21163,0,0,0.0006679018572825424
peak_demand_risk,GradientBoostingClassifier,21171,0,0,0.00062416149735738
peak_demand_risk,GradientBoostingClassifier,21155,0,0,0.00062416149735738
peak_demand_risk,GradientBoostingClassifier,21218,0,0,0.0006679018572825424
peak_demand_risk,GradientBoostingClassifier,21239,0,0,0.00062416149735738
peak_demand_risk,GradientBoostingClassifier,21154,0,0,0.0006679018572825424
peak_demand_risk,GradientBoostingClassifier,21194,0,0,0.00062416149735738
peak_demand_risk,GradientBoostingClassifier,21186,0,0,0.0018419162791292944
peak_demand_risk,GradientBoostingClassifier,21211,1,1,0.9948766226703126
peak_demand_risk,GradientBoostingClassifier,21134,0,0,0.00062416149735738
peak_demand_risk,GradientBoostingClassifier,21152,0,0,0.00062416149735738
peak_demand_risk,GradientBoostingClassifier,21214,0,0,0.0006679018572825424
peak_demand_risk,GradientBoostingClassifier,21159,0,0,0.00062416149735738
peak_demand_risk,GradientBoostingClassifier,21182,0,0,0.001530976484314795
peak_demand_risk,GradientBoostingClassifier,21156,0,0,0.00062416149735738
peak_demand_risk,GradientBoostingClassifier,21224,0,0,0.0006679018572825424
peak_demand_risk,GradientBoostingClassifier,21234,0,0,0.00062416149735738
peak_demand_risk,GradientBoostingClassifier,21198,0,0,0.00062416149735738
peak_demand_risk,GradientBoostingClassifier,21202,0,0,0.00062416149735738
peak_demand_risk,GradientBoostingClassifier,21183,0,0,0.00062416149735738
peak_demand_risk,GradientBoostingClassifier,21248,0,0,0.00062416149735738
peak_demand_risk,GradientBoostingClassifier,21226,0,0,0.00062416149735738
peak_demand_risk,GradientBoostingClassifier,21130,0,0,0.0024757000615863766
peak_demand_risk,GradientBoostingClassifier,21210,1,1,0.9948766226703126
peak_demand_risk,GradientBoostingClassifier,21166,0,0,0.001530976484314795
peak_demand_risk,GradientBoostingClassifier,21212,1,1,0.9948766226703126
peak_demand_risk,GradientBoostingClassifier,21237,0,0,0.00062416149735738
peak_demand_risk,GradientBoostingClassifier,21187,0,0,0.005256290068816425
peak_demand_risk,GradientBoostingClassifier,21173,0,0,0.00062416149735738
peak_demand_risk,GradientBoostingClassifier,21244,0,0,0.00062416149735738
peak_demand_risk,GradientBoostingClassifier,21236,0,0,0.00062416149735738
peak_demand_risk,GradientBoostingClassifier,21170,0,0,0.00062416149735738
peak_demand_risk,GradientBoostingClassifier,21221,0,0,0.0007518181753854576
peak_demand_risk,GradientBoostingClassifier,21157,0,0,0.00062416149735738
peak_demand_risk,GradientBoostingClassifier,21179,0,0,0.0006679018572825424
peak_demand_risk,GradientBoostingClassifier,21137,0,0,0.0006679018572825424
peak_demand_risk,GradientBoostingClassifier,21219,0,0,0.0006679018572825424
peak_demand_risk,HistGradientBoostingClassifier,21096,0,0,4.040895870318153e-05
peak_demand_risk,HistGradientBoostingClassifier,21000,1,1,0.9995576698786202
peak_demand_risk,HistGradientBoostingClassifier,21067,0,0,3.835222679106067e-05
peak_demand_risk,HistGradientBoostingClassifier,21055,0,0,3.816418354600486e-05
peak_demand_risk,HistGradientBoostingClassifier,21039,0,0,3.816418354600486e-05
peak_demand_risk,HistGradientBoostingClassifier,21094,0,0,3.835222679106067e-05
peak_demand_risk,HistGradientBoostingClassifier,21101,0,0,3.816418354600486e-05
peak_demand_risk,HistGradientBoostingClassifier,21053,0,0,3.816418354600486e-05
peak_demand_risk,HistGradientBoostingClassifier,21043,0,0,3.816418354600486e-05
peak_demand_risk,HistGradientBoostingClassifier,21100,0,0,3.816418354600486e-05
peak_demand_risk,HistGradientBoostingClassifier,21027,0,0,3.835222679106067e-05
peak_demand_risk,HistGradientBoostingClassifier,21084,0,0,3.835222679106067e-05
peak_demand_risk,HistGradientBoostingClassifier,21047,0,0,3.816418354600486e-05
peak_demand_risk,HistGradientBoostingClassifier,21123,0,0,3.816418354600486e-05
peak_demand_risk,HistGradientBoostingClassifier,21022,1,0,0.0733088263363045
peak_demand_risk,HistGradientBoostingClassifier,21108,0,0,3.816418354600486e-05
peak_demand_risk,HistGradientBoostingClassifier,21015,1,1,0.9538222007771823
peak_demand_risk,HistGradientBoostingClassifier,21090,0,0,0.00012249893546478202
peak_demand_risk,HistGradientBoostingClassifier,21070,0,0,0.000550106508706858
peak_demand_risk,HistGradientBoostingClassifier,21056,0,0,3.816418354600486e-05
peak_demand_risk,HistGradientBoostingClassifier,21092,0,0,0.00019754775990307543
peak_demand_risk,HistGradientBoostingClassifier,21088,0,0,4.7269496350580426e-05
peak_demand_risk,HistGradientBoostingClassifier,21016,1,1,0.7807207324793509
peak_demand_risk,HistGradientBoostingClassifier,21046,0,0,3.816418354600486e-05
peak_demand_risk,HistGradientBoostingClassifier,21072,0,0,0.004132667216437905
peak_demand_risk,HistGradientBoostingClassifier,21107,0,0,0.00031091135346746773
peak_demand_risk,HistGradientBoostingClassifier,21106,0,0,3.835222679106067e-05
peak_demand_risk,HistGradientBoostingClassifier,21115,0,0,3.816418354600486e-05
peak_demand_risk,HistGradientBoostingClassifier,21033,0,0,3.816418354600486e-05
peak_demand_risk,HistGradientBoostingClassifier,21037,0,0,3.816418354600486e-05
peak_demand_risk,HistGradientBoostingClassifier,21059,0,0,3.835222679106067e-05
peak_demand_risk,HistGradientBoostingClassifier,21113,0,0,3.835222679106067e-05
peak_demand_risk,HistGradientBoostingClassifier,21103,0,0,3.835222679106067e-05
peak_demand_risk,HistGradientBoostingClassifier,21049,0,0,3.835222679106067e-05
peak_demand_risk,HistGradientBoostingClassifier,21040,0,0,0.00019325564477221024
peak_demand_risk,HistGradientBoostingClassifier,21018,0,0,3.816418354600486e-05
peak_demand_risk,HistGradientBoostingClassifier,21118,0,0,3.835222679106067e-05
peak_demand_risk,HistGradientBoostingClassifier,21001,1,1,0.9981567512259223
peak_demand_risk,HistGradientBoostingClassifier,21009,0,0,3.816418354600486e-05
peak_demand_risk,HistGradientBoostingClassifier,21061,0,0,0.0008030728976809317
peak_demand_risk,HistGradientBoostingClassifier,21036,0,0,3.835222679106067e-05
peak_demand_risk,HistGradientBoostingClassifier,21076,0,0,3.835222679106067e-05
peak_demand_risk,HistGradientBoostingClassifier,21007,0,0,0.005520749471278557
peak_demand_risk,HistGradientBoostingClassifier,21078,0,0,3.816418354600486e-05
peak_demand_risk,HistGradientBoostingClassifier,21069,0,0,3.816418354600486e-05
peak_demand_risk,HistGradientBoostingClassifier,21004,0,0,3.816418354600486e-05
peak_demand_risk,HistGradientBoostingClassifier,21060,0,0,0.0006982154858242298
peak_demand_risk,HistGradientBoostingClassifier,21097,0,0,0.0005102132135253761
peak_demand_risk,HistGradientBoostingClassifier,21085,1,1,0.9996913416484509
peak_demand_risk,HistGradientBoostingClassifier,21087,1,1,0.9996913416484509
peak_demand_risk,HistGradientBoostingClassifier,21062,0,0,0.00040736294133027407
peak_demand_risk,HistGradientBoostingClassifier,21086,1,1,0.9996082902798167
peak_demand_risk,HistGradientBoostingClassifier,21119,0,0,3.835222679106067e-05
peak_demand_risk,HistGradientBoostingClassifier,21114,0,0,3.835222679106067e-05
peak_demand_risk,HistGradientBoostingClassifier,21045,0,0,3.816418354600486e-05
peak_demand_risk,HistGradientBoostingClassifier,21032,0,0,7.443019194598614e-05
peak_demand_risk,HistGradientBoostingClassifier,21054,0,0,3.835222679106067e-05
peak_demand_risk,HistGradientBoostingClassifier,21029,0,0,3.835222679106067e-05
peak_demand_risk,HistGradientBoostingClassifier,21038,0,0,3.816418354600486e-05
peak_demand_risk,HistGradientBoostingClassifier,21122,0,0,3.816418354600486e-05
peak_demand_risk,HistGradientBoostingClassifier,21116,0,0,3.835222679106067e-05
peak_demand_risk,HistGradientBoostingClassifier,21071,0,0,0.001762900686607353
peak_demand_risk,HistGradientBoostingClassifier,21010,0,0,3.816418354600486e-05
peak_demand_risk,HistGradientBoostingClassifier,21014,0,0,3.835222679106067e-05
peak_demand_risk,HistGradientBoostingClassifier,21005,0,0,0.00012414946454898087
peak_demand_risk,HistGradientBoostingClassifier,21105,0,0,4.717812114271544e-05
peak_demand_risk,HistGradientBoostingClassifier,21019,0,0,3.816418354600486e-05
peak_demand_risk,HistGradientBoostingClassifier,21026,0,0,3.835222679106067e-05
peak_demand_risk,HistGradientBoostingClassifier,21063,0,0,3.835222679106067e-05
peak_demand_risk,HistGradientBoostingClassifier,21020,0,0,0.010991557718962269
peak_demand_risk,HistGradientBoostingClassifier,21077,0,0,3.816418354600486e-05
peak_demand_risk,HistGradientBoostingClassifier,21091,0,0,4.040895870318153e-05
peak_demand_risk,HistGradientBoostingClassifier,21050,0,0,3.816418354600486e-05
peak_demand_risk,HistGradientBoostingClassifier,21109,0,0,3.816418354600486e-05
peak_demand_risk,HistGradientBoostingClassifier,21031,0,0,3.835222679106067e-05
peak_demand_risk,HistGradientBoostingClassifier,21079,0,0,3.835222679106067e-05
peak_demand_risk,HistGradientBoostingClassifier,21104,0,0,3.816418354600486e-05
peak_demand_risk,HistGradientBoostingClassifier,21073,0,0,3.816418354600486e-05
peak_demand_risk,HistGradientBoostingClassifier,21013,0,0,3.816418354600486e-05
peak_demand_risk,HistGradientBoostingClassifier,21110,0,0,3.835222679106067e-05
peak_demand_risk,HistGradientBoostingClassifier,21068,0,0,3.816418354600486e-05
peak_demand_risk,HistGradientBoostingClassifier,21044,0,0,3.835222679106067e-05
peak_demand_risk,HistGradientBoostingClassifier,21023,0,0,3.816418354600486e-05
peak_demand_risk,HistGradientBoostingClassifier,21095,0,0,9.916936895711873e-05
peak_demand_risk,HistGradientBoostingClassifier,21052,0,0,3.816418354600486e-05
peak_demand_risk,HistGradientBoostingClassifier,21057,0,0,0.00011662747288171486
peak_demand_risk,HistGradientBoostingClassifier,21035,0,0,3.835222679106067e-05
peak_demand_risk,HistGradientBoostingClassifier,21120,0,0,3.816418354600486e-05
peak_demand_risk,HistGradientBoostingClassifier,21034,0,0,3.816418354600486e-05
peak_demand_risk,HistGradientBoostingClassifier,21124,0,0,3.835222679106067e-05
peak_demand_risk,HistGradientBoostingClassifier,21093,0,0,3.816418354600486e-05
peak_demand_risk,HistGradientBoostingClassifier,21058,0,0,3.835222679106067e-05
peak_demand_risk,HistGradientBoostingClassifier,21074,0,0,3.835222679106067e-05
peak_demand_risk,HistGradientBoostingClassifier,21121,0,0,3.816418354600486e-05
peak_demand_risk,HistGradientBoostingClassifier,21003,0,0,3.816418354600486e-05
peak_demand_risk,HistGradientBoostingClassifier,21012,0,0,3.816418354600486e-05
peak_demand_risk,HistGradientBoostingClassifier,21028,0,0,3.816418354600486e-05
peak_demand_risk,HistGradientBoostingClassifier,21051,0,0,3.816418354600486e-05
peak_demand_risk,HistGradientBoostingClassifier,21111,0,0,3.816418354600486e-05
peak_demand_risk,HistGradientBoostingClassifier,21112,0,0,3.816418354600486e-05
peak_demand_risk,HistGradientBoostingClassifier,21025,0,0,3.835222679106067e-05
peak_demand_risk,HistGradientBoostingClassifier,21002,1,1,0.9997045406791075
peak_demand_risk,HistGradientBoostingClassifier,21066,0,0,3.816418354600486e-05
peak_demand_risk,HistGradientBoostingClassifier,21021,0,0,0.00931989218596595
peak_demand_risk,HistGradientBoostingClassifier,21098,0,0,3.816418354600486e-05
peak_demand_risk,HistGradientBoostingClassifier,21083,0,0,3.835222679106067e-05
peak_demand_risk,HistGradientBoostingClassifier,21102,0,0,3.816418354600486e-05
peak_demand_risk,HistGradientBoostingClassifier,21024,0,0,3.816418354600486e-05
peak_demand_risk,HistGradientBoostingClassifier,21081,0,0,3.835222679106067e-05
peak_demand_risk,HistGradientBoostingClassifier,21042,0,0,0.0013644084234764764
peak_demand_risk,HistGradientBoostingClassifier,21075,0,0,3.835222679106067e-05
peak_demand_risk,HistGradientBoostingClassifier,21011,0,0,3.816418354600486e-05
peak_demand_risk,HistGradientBoostingClassifier,21117,0,0,3.816418354600486e-05
peak_demand_risk,HistGradientBoostingClassifier,21017,1,1,0.9976957490497895
peak_demand_risk,HistGradientBoostingClassifier,21099,0,0,3.816418354600486e-05
peak_demand_risk,HistGradientBoostingClassifier,21006,0,0,0.001046728329885526
peak_demand_risk,HistGradientBoostingClassifier,21080,0,0,3.816418354600486e-05
peak_demand_risk,HistGradientBoostingClassifier,21064,0,0,3.816418354600486e-05
peak_demand_risk,HistGradientBoostingClassifier,21065,0,0,3.816418354600486e-05
peak_demand_risk,HistGradientBoostingClassifier,21041,0,0,0.00017391697712475972
peak_demand_risk,HistGradientBoostingClassifier,21048,0,0,3.835222679106067e-05
peak_demand_risk,HistGradientBoostingClassifier,21008,0,0,3.835222679106067e-05
peak_demand_risk,HistGradientBoostingClassifier,21030,0,0,3.816418354600486e-05
peak_demand_risk,HistGradientBoostingClassifier,21082,0,0,0.00012373862186806426
peak_demand_risk,HistGradientBoostingClassifier,21089,0,0,4.593013699170826e-05
peak_demand_risk,HistGradientBoostingClassifier,21178,0,0,3.816418354600486e-05
peak_demand_risk,HistGradientBoostingClassifier,21231,0,0,3.835222679106067e-05
peak_demand_risk,HistGradientBoostingClassifier,21222,0,0,0.0003584205889641144
peak_demand_risk,HistGradientBoostingClassifier,21241,0,0,3.835222679106067e-05
peak_demand_risk,HistGradientBoostingClassifier,21216,0,0,3.816418354600486e-05
peak_demand_risk,HistGradientBoostingClassifier,21169,0,0,3.835222679106067e-05
peak_demand_risk,HistGradientBoostingClassifier,21190,0,0,3.816418354600486e-05
peak_demand_risk,HistGradientBoostingClassifier,21161,0,0,3.835222679106067e-05
peak_demand_risk,HistGradientBoostingClassifier,21201,0,0,3.835222679106067e-05
peak_demand_risk,HistGradientBoostingClassifier,21132,0,0,0.0022923137506740943
peak_demand_risk,HistGradientBoostingClassifier,21203,0,0,3.816418354600486e-05
peak_demand_risk,HistGradientBoostingClassifier,21191,0,0,3.816418354600486e-05
peak_demand_risk,HistGradientBoostingClassifier,21162,0,0,3.816418354600486e-05
peak_demand_risk,HistGradientBoostingClassifier,21185,0,0,8.013876316958815e-05
peak_demand_risk,HistGradientBoostingClassifier,21146,0,0,0.0005615502114788438
peak_demand_risk,HistGradientBoostingClassifier,21193,0,0,3.816418354600486e-05
peak_demand_risk,HistGradientBoostingClassifier,21235,0,0,3.835222679106067e-05
peak_demand_risk,HistGradientBoostingClassifier,21207,0,0,0.00012647432260917333
peak_demand_risk,HistGradientBoostingClassifier,21151,0,0,3.835222679106067e-05
peak_demand_risk,HistGradientBoostingClassifier,21188,0,0,3.835222679106067e-05
peak_demand_risk,HistGradientBoostingClassifier,21175,0,0,3.816418354600486e-05
peak_demand_risk,HistGradientBoostingClassifier,21145,1,0,0.057384533696803415
peak_demand_risk,HistGradientBoostingClassifier,21147,1,0,0.33212015305113884
peak_demand_risk,HistGradientBoostingClassifier,21220,0,0,7.858301879156131e-05
peak_demand_risk,HistGradientBoostingClassifier,21142,1,1,0.9974925380756142
peak_demand_risk,HistGradientBoostingClassifier,21242,0,0,3.816418354600486e-05
peak_demand_risk,HistGradientBoostingClassifier,21227,0,0,3.816418354600486e-05
peak_demand_risk,HistGradientBoostingClassifier,21144,0,0,3.816418354600486e-05
peak_demand_risk,HistGradientBoostingClassifier,21148,0,0,3.816418354600486e-05
peak_demand_risk,HistGradientBoostingClassifier,21195,0,0,0.00042502394147669035
peak_demand_risk,HistGradientBoostingClassifier,21217,0,0,0.00012742711220422494
peak_demand_risk,HistGradientBoostingClassifier,21229,0,0,3.816418354600486e-05
peak_demand_risk,HistGradientBoostingClassifier,21149,0,0,3.816418354600486e-05
peak_demand_risk,HistGradientBoostingClassifier,21206,0,0,3.835222679106067e-05
peak_demand_risk,HistGradientBoostingClassifier,21138,0,0,3.816418354600486e-05
peak_demand_risk,HistGradientBoostingClassifier,21129,0,0,3.816418354600486e-05
peak_demand_risk,HistGradientBoostingClassifier,21204,0,0,3.835222679106067e-05
peak_demand_risk,HistGradientBoostingClassifier,21131,0,0,0.00015109367267866392
peak_demand_risk,HistGradientBoostingClassifier,21163,0,0,3.816418354600486e-05
peak_demand_risk,HistGradientBoostingClassifier,21171,0,0,3.816418354600486e-05
peak_demand_risk,HistGradientBoostingClassifier,21155,0,0,3.816418354600486e-05
peak_demand_risk,HistGradientBoostingClassifier,21218,0,0,3.816418354600486e-05
peak_demand_risk,HistGradientBoostingClassifier,21239,0,0,3.835222679106067e-05
peak_demand_risk,HistGradientBoostingClassifier,21154,0,0,3.835222679106067e-05
peak_demand_risk,HistGradientBoostingClassifier,21194,0,0,3.816418354600486e-05
peak_demand_risk,HistGradientBoostingClassifier,21186,0,0,4.066718040845056e-05
peak_demand_risk,HistGradientBoostingClassifier,21211,1,1,0.9991334447395679
peak_demand_risk,HistGradientBoostingClassifier,21134,0,0,3.816418354600486e-05
peak_demand_risk,HistGradientBoostingClassifier,21152,0,0,3.835222679106067e-05
peak_demand_risk,HistGradientBoostingClassifier,21214,0,0,4.593013699170826e-05
peak_demand_risk,HistGradientBoostingClassifier,21159,0,0,3.816418354600486e-05
peak_demand_risk,HistGradientBoostingClassifier,21182,0,0,0.0001093660899211833
peak_demand_risk,HistGradientBoostingClassifier,21156,0,0,3.835222679106067e-05
peak_demand_risk,HistGradientBoostingClassifier,21224,0,0,3.816418354600486e-05
peak_demand_risk,HistGradientBoostingClassifier,21234,0,0,3.835222679106067e-05
peak_demand_risk,HistGradientBoostingClassifier,21198,0,0,3.816418354600486e-05
peak_demand_risk,HistGradientBoostingClassifier,21202,0,0,3.816418354600486e-05
peak_demand_risk,HistGradientBoostingClassifier,21183,0,0,3.835222679106067e-05
peak_demand_risk,HistGradientBoostingClassifier,21248,0,0,3.816418354600486e-05
peak_demand_risk,HistGradientBoostingClassifier,21226,0,0,3.816418354600486e-05
peak_demand_risk,HistGradientBoostingClassifier,21130,0,0,0.0001092191590424772
peak_demand_risk,HistGradientBoostingClassifier,21210,1,1,0.9996218651493111
peak_demand_risk,HistGradientBoostingClassifier,21166,0,0,0.0001704506977794663
peak_demand_risk,HistGradientBoostingClassifier,21212,1,1,0.9996913416484509
peak_demand_risk,HistGradientBoostingClassifier,21237,0,0,3.816418354600486e-05
peak_demand_risk,HistGradientBoostingClassifier,21187,0,0,0.0004466758625434523
peak_demand_risk,HistGradientBoostingClassifier,21173,0,0,3.835222679106067e-05
peak_demand_risk,HistGradientBoostingClassifier,21244,0,0,3.835222679106067e-05
peak_demand_risk,HistGradientBoostingClassifier,21236,0,0,3.816418354600486e-05
peak_demand_risk,HistGradientBoostingClassifier,21170,0,0,3.816418354600486e-05
peak_demand_risk,HistGradientBoostingClassifier,21221,0,0,3.835222679106067e-05
peak_demand_risk,HistGradientBoostingClassifier,21157,0,0,7.830139600624649e-05
peak_demand_risk,HistGradientBoostingClassifier,21179,0,0,3.835222679106067e-05
peak_demand_risk,HistGradientBoostingClassifier,21137,0,0,3.816418354600486e-05
peak_demand_risk,HistGradientBoostingClassifier,21219,0,0,3.835222679106067e-05
stockout_risk,LogisticRegression,21096,0,0,0.000636564406121372
stockout_risk,LogisticRegression,21000,0,0,1.049437095288972e-07
stockout_risk,LogisticRegression,21067,0,0,0.00047808185181329025
stockout_risk,LogisticRegression,21055,0,0,0.0006630039293869318
stockout_risk,LogisticRegression,21039,0,0,0.050442519461874634
stockout_risk,LogisticRegression,21094,0,0,0.003746252947517103
stockout_risk,LogisticRegression,21101,0,0,0.11793979442760728
stockout_risk,LogisticRegression,21053,0,0,0.004780410573438787
stockout_risk,LogisticRegression,21043,0,0,0.0009084580484355668
stockout_risk,LogisticRegression,21100,0,0,0.004959526593742005
stockout_risk,LogisticRegression,21027,0,0,0.001712809925000919
stockout_risk,LogisticRegression,21084,0,0,0.014901009297099093
stockout_risk,LogisticRegression,21047,0,0,0.07092378784779962
stockout_risk,LogisticRegression,21123,0,0,0.018231530698841526
stockout_risk,LogisticRegression,21022,0,0,1.6912632406260253e-05
stockout_risk,LogisticRegression,21108,0,0,0.0002275995282536871
stockout_risk,LogisticRegression,21015,0,0,4.980527095959402e-07
stockout_risk,LogisticRegression,21090,0,0,0.0010681680707236376
stockout_risk,LogisticRegression,21070,0,0,4.337547751588977e-05
stockout_risk,LogisticRegression,21056,0,0,0.03147106460358406
stockout_risk,LogisticRegression,21092,0,0,3.3879286271963287e-05
stockout_risk,LogisticRegression,21088,0,0,0.00018433290952671026
stockout_risk,LogisticRegression,21016,0,0,7.162406576071591e-05
stockout_risk,LogisticRegression,21046,0,0,0.08374174918383767
stockout_risk,LogisticRegression,21072,0,0,2.975636069247112e-06
stockout_risk,LogisticRegression,21107,0,0,2.5754998483735652e-05
stockout_risk,LogisticRegression,21106,0,0,0.0059372897399198815
stockout_risk,LogisticRegression,21115,0,0,0.01958449748402884
stockout_risk,LogisticRegression,21033,0,0,0.020736380686150583
stockout_risk,LogisticRegression,21037,0,0,0.004207718905156033
stockout_risk,LogisticRegression,21059,0,0,0.008546755001373387
stockout_risk,LogisticRegression,21113,0,0,0.0682150301483606
stockout_risk,LogisticRegression,21103,0,0,0.009736107999244006
stockout_risk,LogisticRegression,21049,0,0,0.10449070225321837
stockout_risk,LogisticRegression,21040,0,0,3.3890926968547707e-05
stockout_risk,LogisticRegression,21018,0,0,0.00029016882957729097
stockout_risk,LogisticRegression,21118,0,0,0.12502363674230652
stockout_risk,LogisticRegression,21001,0,0,5.673225971007238e-06
stockout_risk,LogisticRegression,21009,0,0,0.010596079397427089
stockout_risk,LogisticRegression,21061,0,0,0.0019769900747238006
stockout_risk,LogisticRegression,21036,0,0,0.08272494395805567
stockout_risk,LogisticRegression,21076,0,0,0.008986569054839471
stockout_risk,LogisticRegression,21007,0,0,0.0001753261728601141
stockout_risk,LogisticRegression,21078,0,0,0.004289293785616731
stockout_risk,LogisticRegression,21069,1,0,0.2804139177545522
stockout_risk,LogisticRegression,21004,0,0,0.018498858564326134
stockout_risk,LogisticRegression,21060,0,0,0.005336099454010802
stockout_risk,LogisticRegression,21097,0,0,0.0001643879974144577
stockout_risk,LogisticRegression,21085,0,0,1.334776069427904e-06
stockout_risk,LogisticRegression,21087,0,0,5.688186720369359e-07
stockout_risk,LogisticRegression,21062,0,0,8.272543543902188e-05
stockout_risk,LogisticRegression,21086,0,0,0.00025763684935428146
stockout_risk,LogisticRegression,21119,0,0,0.012128570290029204
stockout_risk,LogisticRegression,21114,0,0,0.12640170077892837
stockout_risk,LogisticRegression,21045,0,0,0.0027849978665837644
stockout_risk,LogisticRegression,21032,0,0,0.0020505936928560085
stockout_risk,LogisticRegression,21054,0,0,0.011870366952558324
stockout_risk,LogisticRegression,21029,0,0,0.0030918198828752707
stockout_risk,LogisticRegression,21038,0,0,0.026141737040975714
stockout_risk,LogisticRegression,21122,0,0,0.01769564341376184
stockout_risk,LogisticRegression,21116,0,0,0.00591472580719775
stockout_risk,LogisticRegression,21071,0,0,0.023424196380829612
stockout_risk,LogisticRegression,21010,0,0,0.002342805315497919
stockout_risk,LogisticRegression,21014,0,0,0.007862226132050653
stockout_risk,LogisticRegression,21005,0,0,6.398880263028241e-05
stockout_risk,LogisticRegression,21105,0,0,2.4051178107376447e-05
stockout_risk,LogisticRegression,21019,0,0,0.012807969794204302
stockout_risk,LogisticRegression,21026,0,0,0.04330590649574195
stockout_risk,LogisticRegression,21063,0,0,0.02851222190396305
stockout_risk,LogisticRegression,21020,0,0,1.0921177844364233e-05
stockout_risk,LogisticRegression,21077,0,0,0.02018407818134941
stockout_risk,LogisticRegression,21091,0,0,0.005360874484079568
stockout_risk,LogisticRegression,21050,0,0,0.0014281339695879794
stockout_risk,LogisticRegression,21109,0,0,0.07574714916575283
stockout_risk,LogisticRegression,21031,0,0,0.0014513604650473332
stockout_risk,LogisticRegression,21079,0,0,0.014240379846659167
stockout_risk,LogisticRegression,21104,0,0,0.011310793823442796
stockout_risk,LogisticRegression,21073,0,0,0.001728270331545765
stockout_risk,LogisticRegression,21013,0,0,0.014366809694235259
stockout_risk,LogisticRegression,21110,0,0,0.004528148780706356
stockout_risk,LogisticRegression,21068,0,0,0.014174664154443408
stockout_risk,LogisticRegression,21044,0,0,0.0009692480033040905
stockout_risk,LogisticRegression,21023,0,0,0.00366061396494473
stockout_risk,LogisticRegression,21095,0,0,0.00041593473039727203
stockout_risk,LogisticRegression,21052,0,0,0.017407933381624496
stockout_risk,LogisticRegression,21057,0,0,0.0009825693245375602
stockout_risk,LogisticRegression,21035,0,0,0.004517216970296396
stockout_risk,LogisticRegression,21120,0,0,0.00027462275806038375
stockout_risk,LogisticRegression,21034,0,0,0.008289814122158193
stockout_risk,LogisticRegression,21124,0,0,0.28423442791240255
stockout_risk,LogisticRegression,21093,0,0,0.015441758668272673
stockout_risk,LogisticRegression,21058,0,0,0.025361747728541315
stockout_risk,LogisticRegression,21074,0,0,0.0016547984233245346
stockout_risk,LogisticRegression,21121,0,0,0.06729094819000728
stockout_risk,LogisticRegression,21003,0,0,0.05273882075809162
stockout_risk,LogisticRegression,21012,0,0,0.00025943597278622714
stockout_risk,LogisticRegression,21028,0,0,0.003191528696020873
stockout_risk,LogisticRegression,21051,0,0,0.02584416025863904
stockout_risk,LogisticRegression,21111,0,0,0.015861617119953472
stockout_risk,LogisticRegression,21112,0,0,0.006793537472675909
stockout_risk,LogisticRegression,21025,0,0,0.0018652469194641494
stockout_risk,LogisticRegression,21002,0,0,4.923453596195408e-06
stockout_risk,LogisticRegression,21066,0,0,0.10440426069489821
stockout_risk,LogisticRegression,21021,0,0,0.003157356027476692
stockout_risk,LogisticRegression,21098,0,0,0.006217593501724075
stockout_risk,LogisticRegression,21083,0,0,0.005177591872628668
stockout_risk,LogisticRegression,21102,0,0,0.003810650298805365
stockout_risk,LogisticRegression,21024,0,0,0.006365464238471484
stockout_risk,LogisticRegression,21081,0,0,0.0017404081908130565
stockout_risk,LogisticRegression,21042,0,0,2.6316154006700713e-05
stockout_risk,LogisticRegression,21075,0,0,0.001476696285780521
stockout_risk,LogisticRegression,21011,0,0,0.24267241097591313
stockout_risk,LogisticRegression,21117,0,0,0.030007863493260106
stockout_risk,LogisticRegression,21017,0,0,5.91449211116019e-08
stockout_risk,LogisticRegression,21099,0,0,0.06271851680654178
stockout_risk,LogisticRegression,21006,0,0,0.048950960060300405
stockout_risk,LogisticRegression,21080,0,0,0.00010783235074650663
stockout_risk,LogisticRegression,21064,0,0,0.08901647480431109
stockout_risk,LogisticRegression,21065,0,0,0.001305593007915377
stockout_risk,LogisticRegression,21041,0,0,5.162012029746327e-05
stockout_risk,LogisticRegression,21048,0,0,0.007262234715457583
stockout_risk,LogisticRegression,21008,0,0,0.003144742854331669
stockout_risk,LogisticRegression,21030,0,0,0.005702222435169184
stockout_risk,LogisticRegression,21082,0,0,0.0005019526358240478
stockout_risk,LogisticRegression,21089,0,0,0.001090441953541234
stockout_risk,LogisticRegression,21178,0,0,0.012037552170237054
stockout_risk,LogisticRegression,21231,0,0,5.018641539005261e-05
stockout_risk,LogisticRegression,21222,0,0,8.825194103609275e-06
stockout_risk,LogisticRegression,21241,0,0,0.0050970749884213275
stockout_risk,LogisticRegression,21216,0,0,0.0005017826666666459
stockout_risk,LogisticRegression,21169,0,0,0.001772306831372451
stockout_risk,LogisticRegression,21190,0,0,0.0001984647386788275
stockout_risk,LogisticRegression,21161,0,0,0.00031122688266460244
stockout_risk,LogisticRegression,21201,0,0,6.969077578671287e-06
stockout_risk,LogisticRegression,21132,0,0,7.434739189172243e-06
stockout_risk,LogisticRegression,21203,0,0,0.025327445670093915
stockout_risk,LogisticRegression,21191,0,0,0.0003001485968779245
stockout_risk,LogisticRegression,21162,0,0,0.004932079265347788
stockout_risk,LogisticRegression,21185,0,0,1.1054680656193192e-05
stockout_risk,LogisticRegression,21146,0,0,0.00017947494678166516
stockout_risk,LogisticRegression,21193,0,0,0.03992614479431472
stockout_risk,LogisticRegression,21235,0,0,0.030238710812444065
stockout_risk,LogisticRegression,21207,0,0,5.32250631014018e-05
stockout_risk,LogisticRegression,21151,0,0,0.0003480719661619071
stockout_risk,LogisticRegression,21188,0,0,0.0008920577451265817
stockout_risk,LogisticRegression,21175,0,0,0.002728593705469892
stockout_risk,LogisticRegression,21145,0,0,0.0019317953033915292
stockout_risk,LogisticRegression,21147,0,0,7.289533953892634e-05
stockout_risk,LogisticRegression,21220,0,0,0.0001855035768296627
stockout_risk,LogisticRegression,21142,0,0,5.792689964075448e-07
stockout_risk,LogisticRegression,21242,0,0,0.0022022556582344563
stockout_risk,LogisticRegression,21227,0,0,0.00016672841291156783
stockout_risk,LogisticRegression,21144,0,0,0.0005214344313064976
stockout_risk,LogisticRegression,21148,0,0,0.0013259638641794863
stockout_risk,LogisticRegression,21195,0,0,4.6354031804368835e-05
stockout_risk,LogisticRegression,21217,0,0,2.9569776255370056e-06
stockout_risk,LogisticRegression,21229,0,0,0.01956176590982511
stockout_risk,LogisticRegression,21149,0,0,0.012524591691199311
stockout_risk,LogisticRegression,21206,0,0,2.339699269006651e-05
stockout_risk,LogisticRegression,21138,0,0,0.07888607797168339
stockout_risk,LogisticRegression,21129,0,0,0.0034091793028107322
stockout_risk,LogisticRegression,21204,0,0,0.009291836654189086
stockout_risk,LogisticRegression,21131,0,0,0.00036608395094315187
stockout_risk,LogisticRegression,21163,0,0,0.06676067986870479
stockout_risk,LogisticRegression,21171,0,0,0.00017832110840708095
stockout_risk,LogisticRegression,21155,0,0,6.583223493468778e-05
stockout_risk,LogisticRegression,21218,0,0,0.0282813425159422
stockout_risk,LogisticRegression,21239,0,0,0.009571153759815003
stockout_risk,LogisticRegression,21154,0,0,0.04567344619993613
stockout_risk,LogisticRegression,21194,0,0,0.0011946357784366657
stockout_risk,LogisticRegression,21186,0,0,3.2981092135342265e-05
stockout_risk,LogisticRegression,21211,0,0,2.7469701545702718e-08
stockout_risk,LogisticRegression,21134,0,0,0.0021220902662127668
stockout_risk,LogisticRegression,21152,0,0,0.00027908041967536246
stockout_risk,LogisticRegression,21214,0,0,0.0060012719390645135
stockout_risk,LogisticRegression,21159,0,0,0.007453003704570826
stockout_risk,LogisticRegression,21182,0,0,0.00014167439608444966
stockout_risk,LogisticRegression,21156,0,0,4.80497943537191e-05
stockout_risk,LogisticRegression,21224,0,0,0.03561867514523399
stockout_risk,LogisticRegression,21234,0,0,0.00528450619262754
stockout_risk,LogisticRegression,21198,0,0,0.0023927755643990693
stockout_risk,LogisticRegression,21202,0,0,0.00013231931399008436
stockout_risk,LogisticRegression,21183,0,0,0.001049772656761137
stockout_risk,LogisticRegression,21248,0,0,0.007413773647250751
stockout_risk,LogisticRegression,21226,0,0,0.0005427943734497586
stockout_risk,LogisticRegression,21130,0,0,6.599912872318527e-05
stockout_risk,LogisticRegression,21210,0,0,5.2981744097191405e-06
stockout_risk,LogisticRegression,21166,0,0,4.219688404736844e-05
stockout_risk,LogisticRegression,21212,0,0,2.8460941602645274e-07
stockout_risk,LogisticRegression,21237,0,0,0.002760442121870738
stockout_risk,LogisticRegression,21187,0,0,6.946736359712556e-05
stockout_risk,LogisticRegression,21173,0,0,0.008539164445379143
stockout_risk,LogisticRegression,21244,0,0,0.01288014785927041
stockout_risk,LogisticRegression,21236,0,0,0.0028488770997027743
stockout_risk,LogisticRegression,21170,0,0,0.00034994566653699595
stockout_risk,LogisticRegression,21221,0,0,5.267877203272602e-06
stockout_risk,LogisticRegression,21157,0,0,0.00016250886535225143
stockout_risk,LogisticRegression,21179,0,0,0.03819965910713194
stockout_risk,LogisticRegression,21137,0,0,0.007884184703981934
stockout_risk,LogisticRegression,21219,0,0,0.019531452132500102
stockout_risk,RandomForestClassifier,21096,0,0,0.016666666666666666
stockout_risk,RandomForestClassifier,21000,0,0,0.008333333333333333
stockout_risk,RandomForestClassifier,21067,0,0,0.0
stockout_risk,RandomForestClassifier,21055,0,0,0.0
stockout_risk,RandomForestClassifier,21039,0,0,0.0
stockout_risk,RandomForestClassifier,21094,0,0,0.05
stockout_risk,RandomForestClassifier,21101,0,0,0.016666666666666666
stockout_risk,RandomForestClassifier,21053,0,0,0.03333333333333333
stockout_risk,RandomForestClassifier,21043,0,0,0.0
stockout_risk,RandomForestClassifier,21100,0,0,0.0
stockout_risk,RandomForestClassifier,21027,0,0,0.0
stockout_risk,RandomForestClassifier,21084,0,0,0.016666666666666666
stockout_risk,RandomForestClassifier,21047,0,0,0.1
stockout_risk,RandomForestClassifier,21123,0,0,0.016666666666666666
stockout_risk,RandomForestClassifier,21022,0,0,0.025
stockout_risk,RandomForestClassifier,21108,0,0,0.008333333333333333
stockout_risk,RandomForestClassifier,21015,0,0,0.0
stockout_risk,RandomForestClassifier,21090,0,0,0.05
stockout_risk,RandomForestClassifier,21070,0,0,0.0
stockout_risk,RandomForestClassifier,21056,0,0,0.25833333333333336
stockout_risk,RandomForestClassifier,21092,0,0,0.0
stockout_risk,RandomForestClassifier,21088,0,0,0.0
stockout_risk,RandomForestClassifier,21016,0,0,0.0
stockout_risk,RandomForestClassifier,21046,0,0,0.025
stockout_risk,RandomForestClassifier,21072,0,0,0.008333333333333333
stockout_risk,RandomForestClassifier,21107,0,0,0.0
stockout_risk,RandomForestClassifier,21106,0,0,0.041666666666666664
stockout_risk,RandomForestClassifier,21115,0,0,0.0
stockout_risk,RandomForestClassifier,21033,0,0,0.0
stockout_risk,RandomForestClassifier,21037,0,0,0.008333333333333333
stockout_risk,RandomForestClassifier,21059,0,0,0.06666666666666667
stockout_risk,RandomForestClassifier,21113,0,0,0.2833333333333333
stockout_risk,RandomForestClassifier,21103,0,0,0.05
stockout_risk,RandomForestClassifier,21049,0,0,0.25833333333333336
stockout_risk,RandomForestClassifier,21040,0,0,0.008333333333333333
stockout_risk,RandomForestClassifier,21018,0,0,0.008333333333333333
stockout_risk,RandomForestClassifier,21118,0,0,0.31666666666666665
stockout_risk,RandomForestClassifier,21001,0,0,0.008333333333333333
stockout_risk,RandomForestClassifier,21009,0,0,0.008333333333333333
stockout_risk,RandomForestClassifier,21061,0,0,0.075
stockout_risk,RandomForestClassifier,21036,0,0,0.06666666666666667
stockout_risk,RandomForestClassifier,21076,0,0,0.041666666666666664
stockout_risk,RandomForestClassifier,21007,0,0,0.0
stockout_risk,RandomForestClassifier,21078,0,0,0.041666666666666664
stockout_risk,RandomForestClassifier,21069,1,0,0.2833333333333333
stockout_risk,RandomForestClassifier,21004,0,0,0.041666666666666664
stockout_risk,RandomForestClassifier,21060,0,0,0.025
stockout_risk,RandomForestClassifier,21097,0,0,0.008333333333333333
stockout_risk,RandomForestClassifier,21085,0,0,0.0
stockout_risk,RandomForestClassifier,21087,0,0,0.016666666666666666
stockout_risk,RandomForestClassifier,21062,0,0,0.0
stockout_risk,RandomForestClassifier,21086,0,0,0.008333333333333333
stockout_risk,RandomForestClassifier,21119,0,0,0.075
stockout_risk,RandomForestClassifier,21114,0,0,0.275
stockout_risk,RandomForestClassifier,21045,0,0,0.0
stockout_risk,RandomForestClassifier,21032,0,0,0.016666666666666666
stockout_risk,RandomForestClassifier,21054,0,0,0.0
stockout_risk,RandomForestClassifier,21029,0,0,0.0
stockout_risk,RandomForestClassifier,21038,0,0,0.0
stockout_risk,RandomForestClassifier,21122,0,0,0.025
stockout_risk,RandomForestClassifier,21116,0,0,0.025
stockout_risk,RandomForestClassifier,21071,0,0,0.025
stockout_risk,RandomForestClassifier,21010,0,0,0.008333333333333333
stockout_risk,RandomForestClassifier,21014,0,0,0.016666666666666666
stockout_risk,RandomForestClassifier,21005,0,0,0.016666666666666666
stockout_risk,RandomForestClassifier,21105,0,0,0.008333333333333333
stockout_risk,RandomForestClassifier,21019,0,0,0.06666666666666667
stockout_risk,RandomForestClassifier,21026,0,0,0.025
stockout_risk,RandomForestClassifier,21063,0,0,0.041666666666666664
stockout_risk,RandomForestClassifier,21020,0,0,0.008333333333333333
stockout_risk,RandomForestClassifier,21077,0,0,0.025
stockout_risk,RandomForestClassifier,21091,0,0,0.03333333333333333
stockout_risk,RandomForestClassifier,21050,0,0,0.0
stockout_risk,RandomForestClassifier,21109,0,0,0.175
stockout_risk,RandomForestClassifier,21031,0,0,0.03333333333333333
stockout_risk,RandomForestClassifier,21079,0,0,0.0
stockout_risk,RandomForestClassifier,21104,0,0,0.025
stockout_risk,RandomForestClassifier,21073,0,0,0.025
stockout_risk,RandomForestClassifier,21013,0,0,0.008333333333333333
stockout_risk,RandomForestClassifier,21110,0,0,0.0
stockout_risk,RandomForestClassifier,21068,0,0,0.0
stockout_risk,RandomForestClassifier,21044,0,0,0.0
stockout_risk,RandomForestClassifier,21023,0,0,0.0
stockout_risk,RandomForestClassifier,21095,0,0,0.016666666666666666
stockout_risk,RandomForestClassifier,21052,0,0,0.05
stockout_risk,RandomForestClassifier,21057,0,0,0.0
stockout_risk,RandomForestClassifier,21035,0,0,0.0
stockout_risk,RandomForestClassifier,21120,0,0,0.008333333333333333
stockout_risk,RandomForestClassifier,21034,0,0,0.008333333333333333
stockout_risk,RandomForestClassifier,21124,0,0,0.25
stockout_risk,RandomForestClassifier,21093,0,0,0.016666666666666666
stockout_risk,RandomForestClassifier,21058,0,0,0.03333333333333333
stockout_risk,RandomForestClassifier,21074,0,0,0.025
stockout_risk,RandomForestClassifier,21121,0,0,0.03333333333333333
stockout_risk,RandomForestClassifier,21003,0,0,0.08333333333333333
stockout_risk,RandomForestClassifier,21012,0,0,0.05
stockout_risk,RandomForestClassifier,21028,0,0,0.016666666666666666
stockout_risk,RandomForestClassifier,21051,0,0,0.016666666666666666
stockout_risk,RandomForestClassifier,21111,0,0,0.008333333333333333
stockout_risk,RandomForestClassifier,21112,0,0,0.0
stockout_risk,RandomForestClassifier,21025,0,0,0.03333333333333333
stockout_risk,RandomForestClassifier,21002,0,0,0.03333333333333333
stockout_risk,RandomForestClassifier,21066,0,0,0.041666666666666664
stockout_risk,RandomForestClassifier,21021,0,0,0.05
stockout_risk,RandomForestClassifier,21098,0,0,0.008333333333333333
stockout_risk,RandomForestClassifier,21083,0,0,0.008333333333333333
stockout_risk,RandomForestClassifier,21102,0,0,0.0
stockout_risk,RandomForestClassifier,21024,0,0,0.008333333333333333
stockout_risk,RandomForestClassifier,21081,0,0,0.016666666666666666
stockout_risk,RandomForestClassifier,21042,0,0,0.0
stockout_risk,RandomForestClassifier,21075,0,0,0.008333333333333333
stockout_risk,RandomForestClassifier,21011,0,0,0.058333333333333334
stockout_risk,RandomForestClassifier,21117,0,0,0.025
stockout_risk,RandomForestClassifier,21017,0,0,0.0
stockout_risk,RandomForestClassifier,21099,0,0,0.041666666666666664
stockout_risk,RandomForestClassifier,21006,0,0,0.075
stockout_risk,RandomForestClassifier,21080,0,0,0.0
stockout_risk,RandomForestClassifier,21064,0,0,0.075
stockout_risk,RandomForestClassifier,21065,0,0,0.008333333333333333
stockout_risk,RandomForestClassifier,21041,0,0,0.0
stockout_risk,RandomForestClassifier,21048,0,0,0.03333333333333333
stockout_risk,RandomForestClassifier,21008,0,0,0.0
stockout_risk,RandomForestClassifier,21030,0,0,0.016666666666666666
stockout_risk,RandomForestClassifier,21082,0,0,0.016666666666666666
stockout_risk,RandomForestClassifier,21089,0,0,0.008333333333333333
stockout_risk,RandomForestClassifier,21178,0,0,0.03333333333333333
stockout_risk,RandomForestClassifier,21231,0,0,0.016666666666666666
stockout_risk,RandomForestClassifier,21222,0,0,0.0
stockout_risk,RandomForestClassifier,21241,0,0,0.025
stockout_risk,RandomForestClassifier,21216,0,0,0.025
stockout_risk,RandomForestClassifier,21169,0,0,0.0
stockout_risk,RandomForestClassifier,21190,0,0,0.0
stockout_risk,RandomForestClassifier,21161,0,0,0.0
stockout_risk,RandomForestClassifier,21201,0,0,0.008333333333333333
stockout_risk,RandomForestClassifier,21132,0,0,0.008333333333333333
stockout_risk,RandomForestClassifier,21203,0,0,0.15
stockout_risk,RandomForestClassifier,21191,0,0,0.0
stockout_risk,RandomForestClassifier,21162,0,0,0.008333333333333333
stockout_risk,RandomForestClassifier,21185,0,0,0.0
stockout_risk,RandomForestClassifier,21146,0,0,0.041666666666666664
stockout_risk,RandomForestClassifier,21193,0,0,0.15833333333333333
stockout_risk,RandomForestClassifier,21235,0,0,0.13333333333333333
stockout_risk,RandomForestClassifier,21207,0,0,0.008333333333333333
stockout_risk,RandomForestClassifier,21151,0,0,0.0
stockout_risk,RandomForestClassifier,21188,0,0,0.0
stockout_risk,RandomForestClassifier,21175,0,0,0.0
stockout_risk,RandomForestClassifier,21145,0,0,0.008333333333333333
stockout_risk,RandomForestClassifier,21147,0,0,0.008333333333333333
stockout_risk,RandomForestClassifier,21220,0,0,0.025
stockout_risk,RandomForestClassifier,21142,0,0,0.0
stockout_risk,RandomForestClassifier,21242,0,0,0.008333333333333333
stockout_risk,RandomForestClassifier,21227,0,0,0.0
stockout_risk,RandomForestClassifier,21144,0,0,0.0
stockout_risk,RandomForestClassifier,21148,0,0,0.0
stockout_risk,RandomForestClassifier,21195,0,0,0.0
stockout_risk,RandomForestClassifier,21217,0,0,0.0
stockout_risk,RandomForestClassifier,21229,0,0,0.13333333333333333
stockout_risk,RandomForestClassifier,21149,0,0,0.1
stockout_risk,RandomForestClassifier,21206,0,0,0.008333333333333333
stockout_risk,RandomForestClassifier,21138,0,0,0.1
stockout_risk,RandomForestClassifier,21129,0,0,0.0
stockout_risk,RandomForestClassifier,21204,0,0,0.008333333333333333
stockout_risk,RandomForestClassifier,21131,0,0,0.025
stockout_risk,RandomForestClassifier,21163,0,0,0.1
stockout_risk,RandomForestClassifier,21171,0,0,0.008333333333333333
stockout_risk,RandomForestClassifier,21155,0,0,0.0
stockout_risk,RandomForestClassifier,21218,0,0,0.05
stockout_risk,RandomForestClassifier,21239,0,0,0.025
stockout_risk,RandomForestClassifier,21154,0,0,0.275
stockout_risk,RandomForestClassifier,21194,0,0,0.058333333333333334
stockout_risk,RandomForestClassifier,21186,0,0,0.008333333333333333
stockout_risk,RandomForestClassifier,21211,0,0,0.0
stockout_risk,RandomForestClassifier,21134,0,0,0.008333333333333333
stockout_risk,RandomForestClassifier,21152,0,0,0.016666666666666666
stockout_risk,RandomForestClassifier,21214,0,0,0.041666666666666664
stockout_risk,RandomForestClassifier,21159,0,0,0.008333333333333333
stockout_risk,RandomForestClassifier,21182,0,0,0.0
stockout_risk,RandomForestClassifier,21156,0,0,0.008333333333333333
stockout_risk,RandomForestClassifier,21224,0,0,0.05
stockout_risk,RandomForestClassifier,21234,0,0,0.06666666666666667
stockout_risk,RandomForestClassifier,21198,0,0,0.025
stockout_risk,RandomForestClassifier,21202,0,0,0.008333333333333333
stockout_risk,RandomForestClassifier,21183,0,0,0.008333333333333333
stockout_risk,RandomForestClassifier,21248,0,0,0.016666666666666666
stockout_risk,RandomForestClassifier,21226,0,0,0.008333333333333333
stockout_risk,RandomForestClassifier,21130,0,0,0.025
stockout_risk,RandomForestClassifier,21210,0,0,0.0
stockout_risk,RandomForestClassifier,21166,0,0,0.0
stockout_risk,RandomForestClassifier,21212,0,0,0.025
stockout_risk,RandomForestClassifier,21237,0,0,0.008333333333333333
stockout_risk,RandomForestClassifier,21187,0,0,0.0
stockout_risk,RandomForestClassifier,21173,0,0,0.03333333333333333
stockout_risk,RandomForestClassifier,21244,0,0,0.08333333333333333
stockout_risk,RandomForestClassifier,21236,0,0,0.0
stockout_risk,RandomForestClassifier,21170,0,0,0.008333333333333333
stockout_risk,RandomForestClassifier,21221,0,0,0.016666666666666666
stockout_risk,RandomForestClassifier,21157,0,0,0.008333333333333333
stockout_risk,RandomForestClassifier,21179,0,0,0.21666666666666667
stockout_risk,RandomForestClassifier,21137,0,0,0.20833333333333334
stockout_risk,RandomForestClassifier,21219,0,0,0.125
stockout_risk,GradientBoostingClassifier,21096,0,0,0.0023342905179927825
stockout_risk,GradientBoostingClassifier,21000,0,0,0.001128223692451733
stockout_risk,GradientBoostingClassifier,21067,0,0,0.002430185837818334
stockout_risk,GradientBoostingClassifier,21055,0,0,0.0017330360494609085
stockout_risk,GradientBoostingClassifier,21039,0,0,0.002260251411977438
stockout_risk,GradientBoostingClassifier,21094,0,0,0.0024917521154279028
stockout_risk,GradientBoostingClassifier,21101,0,0,0.06438115075562954
stockout_risk,GradientBoostingClassifier,21053,0,0,0.002871028154460619
stockout_risk,GradientBoostingClassifier,21043,0,0,0.002593550584186032
stockout_risk,GradientBoostingClassifier,21100,0,0,0.0018386113219000545
stockout_risk,GradientBoostingClassifier,21027,0,0,0.0022148766986516398
stockout_risk,GradientBoostingClassifier,21084,0,0,0.0022201654111086416
stockout_risk,GradientBoostingClassifier,21047,0,0,0.052639908498988135
stockout_risk,GradientBoostingClassifier,21123,0,0,0.0020401860278765126
stockout_risk,GradientBoostingClassifier,21022,0,0,0.0018162018410180483
stockout_risk,GradientBoostingClassifier,21108,0,0,0.0025251485973025118
stockout_risk,GradientBoostingClassifier,21015,0,0,0.0013899079007642652
stockout_risk,GradientBoostingClassifier,21090,0,0,0.03797984246163087
stockout_risk,GradientBoostingClassifier,21070,0,0,0.0011822841581440222
stockout_risk,GradientBoostingClassifier,21056,0,0,0.04752645137984362
stockout_risk,GradientBoostingClassifier,21092,0,0,0.0024161100738917677
stockout_risk,GradientBoostingClassifier,21088,0,0,0.0018706690624049
stockout_risk,GradientBoostingClassifier,21016,0,0,0.0019004528802715013
stockout_risk,GradientBoostingClassifier,21046,0,0,0.06236460876184019
stockout_risk,GradientBoostingClassifier,21072,0,0,0.0018162018410180483
stockout_risk,GradientBoostingClassifier,21107,0,0,0.002337828703162583
stockout_risk,GradientBoostingClassifier,21106,0,0,0.047574583674254586
stockout_risk,GradientBoostingClassifier,21115,0,0,0.0016359120157018584
stockout_risk,GradientBoostingClassifier,21033,0,0,0.002755457577091777
stockout_risk,GradientBoostingClassifier,21037,0,0,0.0033559315581610503
stockout_risk,GradientBoostingClassifier,21059,0,0,0.003659743720132817
stockout_risk,GradientBoostingClassifier,21113,0,0,0.15403356165332963
stockout_risk,GradientBoostingClassifier,21103,0,0,0.0028686213277800375
stockout_risk,GradientBoostingClassifier,21049,0,0,0.16064140301447752
stockout_risk,GradientBoostingClassifier,21040,0,0,0.0016360673742831673
stockout_risk,GradientBoostingClassifier,21018,0,0,0.0020131053196877306
stockout_risk,GradientBoostingClassifier,21118,0,0,0.17650136468187752
stockout_risk,GradientBoostingClassifier,21001,0,0,0.0020764258825716818
stockout_risk,GradientBoostingClassifier,21009,0,0,0.0025994487283577533
stockout_risk,GradientBoostingClassifier,21061,0,0,0.04605854156592863
stockout_risk,GradientBoostingClassifier,21036,0,0,0.07462009857504374
stockout_risk,GradientBoostingClassifier,21076,0,0,0.049016048128039946
stockout_risk,GradientBoostingClassifier,21007,0,0,0.0023301807664924644
stockout_risk,GradientBoostingClassifier,21078,0,0,0.0031315477885624525
stockout_risk,GradientBoostingClassifier,21069,1,0,0.15754637074558983
stockout_risk,GradientBoostingClassifier,21004,0,0,0.04490433854977857
stockout_risk,GradientBoostingClassifier,21060,0,0,0.03675775236347095
stockout_risk,GradientBoostingClassifier,21097,0,0,0.0021075035305907885
stockout_risk,GradientBoostingClassifier,21085,0,0,0.0007787685590730101
stockout_risk,GradientBoostingClassifier,21087,0,0,0.0008889853150354638
stockout_risk,GradientBoostingClassifier,21062,0,0,0.001971214802199845
stockout_risk,GradientBoostingClassifier,21086,0,0,0.024171239472043197
stockout_risk,GradientBoostingClassifier,21119,0,0,0.003483117461267379
stockout_risk,GradientBoostingClassifier,21114,0,0,0.2543729566287678
stockout_risk,GradientBoostingClassifier,21045,0,0,0.001777301237333584
stockout_risk,GradientBoostingClassifier,21032,0,0,0.001837318065652411
stockout_risk,GradientBoostingClassifier,21054,0,0,0.002891041084290108
stockout_risk,GradientBoostingClassifier,21029,0,0,0.0030231551039248557
stockout_risk,GradientBoostingClassifier,21038,0,0,0.003046705112841635
stockout_risk,GradientBoostingClassifier,21122,0,0,0.04904776935312977
stockout_risk,GradientBoostingClassifier,21116,0,0,0.00293777446521243
stockout_risk,GradientBoostingClassifier,21071,0,0,0.03661071272947552
stockout_risk,GradientBoostingClassifier,21010,0,0,0.001777301237333584
stockout_risk,GradientBoostingClassifier,21014,0,0,0.002654763068758433
stockout_risk,GradientBoostingClassifier,21005,0,0,0.0015181265726330515
stockout_risk,GradientBoostingClassifier,21105,0,0,0.00151549072312227
stockout_risk,GradientBoostingClassifier,21019,0,0,0.04490433854977857
stockout_risk,GradientBoostingClassifier,21026,0,0,0.04638355265393611
stockout_risk,GradientBoostingClassifier,21063,0,0,0.05811832147305464
stockout_risk,GradientBoostingClassifier,21020,0,0,0.001223300677073603
stockout_risk,GradientBoostingClassifier,21077,0,0,0.04861985627467298
stockout_risk,GradientBoostingClassifier,21091,0,0,0.0023342905179927825
stockout_risk,GradientBoostingClassifier,21050,0,0,0.001790051115250606
stockout_risk,GradientBoostingClassifier,21109,0,0,0.13372657507022204
stockout_risk,GradientBoostingClassifier,21031,0,0,0.002256488947839393
stockout_risk,GradientBoostingClassifier,21079,0,0,0.003323194510293424
stockout_risk,GradientBoostingClassifier,21104,0,0,0.0022031282448022674
stockout_risk,GradientBoostingClassifier,21073,0,0,0.002339623531876484
stockout_risk,GradientBoostingClassifier,21013,0,0,0.0027730600893671213
stockout_risk,GradientBoostingClassifier,21110,0,0,0.0020935014809504004
stockout_risk,GradientBoostingClassifier,21068,0,0,0.0025980313339027863
stockout_risk,GradientBoostingClassifier,21044,0,0,0.0021167245872689084
stockout_risk,GradientBoostingClassifier,21023,0,0,0.0019815148332740225
stockout_risk,GradientBoostingClassifier,21095,0,0,0.001680457368085142
stockout_risk,GradientBoostingClassifier,21052,0,0,0.047487122429441614
stockout_risk,GradientBoostingClassifier,21057,0,0,0.002106444250887226
stockout_risk,GradientBoostingClassifier,21035,0,0,0.0019659509184950445
stockout_risk,GradientBoostingClassifier,21120,0,0,0.001761111312520226
stockout_risk,GradientBoostingClassifier,21034,0,0,0.0020308701894834347
stockout_risk,GradientBoostingClassifier,21124,0,0,0.16467242666295653
stockout_risk,GradientBoostingClassifier,21093,0,0,0.0028057210145587355
stockout_risk,GradientBoostingClassifier,21058,0,0,0.08026384151467025
stockout_risk,GradientBoostingClassifier,21074,0,0,0.0022728531012090637
stockout_risk,GradientBoostingClassifier,21121,0,0,0.05062427207122366
stockout_risk,GradientBoostingClassifier,21003,0,0,0.047499861262412735
stockout_risk,GradientBoostingClassifier,21012,0,0,0.0025552407069675044
stockout_risk,GradientBoostingClassifier,21028,0,0,0.0020232098938560445
stockout_risk,GradientBoostingClassifier,21051,0,0,0.04783912729085043
stockout_risk,GradientBoostingClassifier,21111,0,0,0.00293777446521243
stockout_risk,GradientBoostingClassifier,21112,0,0,0.0029674721796710602
stockout_risk,GradientBoostingClassifier,21025,0,0,0.03701967957662157
stockout_risk,GradientBoostingClassifier,21002,0,0,0.023689886163224455
stockout_risk,GradientBoostingClassifier,21066,0,0,0.049016048128039946
stockout_risk,GradientBoostingClassifier,21021,0,0,0.04448983940042764
stockout_risk,GradientBoostingClassifier,21098,0,0,0.0028057210145587355
stockout_risk,GradientBoostingClassifier,21083,0,0,0.0024580515441862804
stockout_risk,GradientBoostingClassifier,21102,0,0,0.0026854285796893617
stockout_risk,GradientBoostingClassifier,21024,0,0,0.002376909602714287
stockout_risk,GradientBoostingClassifier,21081,0,0,0.002256488947839393
stockout_risk,GradientBoostingClassifier,21042,0,0,0.001971214802199845
stockout_risk,GradientBoostingClassifier,21075,0,0,0.001777301237333584
stockout_risk,GradientBoostingClassifier,21011,0,0,0.06648402609640705
stockout_risk,GradientBoostingClassifier,21117,0,0,0.0035825294013689187
stockout_risk,GradientBoostingClassifier,21017,0,0,0.0016109598054342331
stockout_risk,GradientBoostingClassifier,21099,0,0,0.07965063232275649
stockout_risk,GradientBoostingClassifier,21006,0,0,0.04605854156592863
stockout_risk,GradientBoostingClassifier,21080,0,0,0.001464939560946453
stockout_risk,GradientBoostingClassifier,21064,0,0,0.07666630799362738
stockout_risk,GradientBoostingClassifier,21065,0,0,0.001777301237333584
stockout_risk,GradientBoostingClassifier,21041,0,0,0.001968230373940113
stockout_risk,GradientBoostingClassifier,21048,0,0,0.0028053135290185887
stockout_risk,GradientBoostingClassifier,21008,0,0,0.0022972370154288233
stockout_risk,GradientBoostingClassifier,21030,0,0,0.03349511246660139
stockout_risk,GradientBoostingClassifier,21082,0,0,0.002241842136515315
stockout_risk,GradientBoostingClassifier,21089,0,0,0.0019815148332740225
stockout_risk,GradientBoostingClassifier,21178,0,0,0.002476059951917729
stockout_risk,GradientBoostingClassifier,21231,0,0,0.0017845871483430351
stockout_risk,GradientBoostingClassifier,21222,0,0,0.0019241958418585302
stockout_risk,GradientBoostingClassifier,21241,0,0,0.002271937062411674
stockout_risk,GradientBoostingClassifier,21216,0,0,0.0017845871483430351
stockout_risk,GradientBoostingClassifier,21169,0,0,0.0019254099652322866
stockout_risk,GradientBoostingClassifier,21190,0,0,0.0013486191431332432
stockout_risk,GradientBoostingClassifier,21161,0,0,0.0018138724508728978
stockout_risk,GradientBoostingClassifier,21201,0,0,0.0017818290704840565
stockout_risk,GradientBoostingClassifier,21132,0,0,0.0018669321807222858
stockout_risk,GradientBoostingClassifier,21203,0,0,0.11602996203766704
stockout_risk,GradientBoostingClassifier,21191,0,0,0.0017818290704840565
stockout_risk,GradientBoostingClassifier,21162,0,0,0.0023852120486812164
stockout_risk,GradientBoostingClassifier,21185,0,0,0.0012416706292990313
stockout_risk,GradientBoostingClassifier,21146,0,0,0.03455322087591913
stockout_risk,GradientBoostingClassifier,21193,0,0,0.12011418407110713
stockout_risk,GradientBoostingClassifier,21235,0,0,0.10981151447256783
stockout_risk,GradientBoostingClassifier,21207,0,0,0.0018600371855794068
stockout_risk,GradientBoostingClassifier,21151,0,0,0.001725075433146058
stockout_risk,GradientBoostingClassifier,21188,0,0,0.0018160668992863883
stockout_risk,GradientBoostingClassifier,21175,0,0,0.0013927461809173955
stockout_risk,GradientBoostingClassifier,21145,0,0,0.024841593209373968
stockout_risk,GradientBoostingClassifier,21147,0,0,0.0014549851545089204
stockout_risk,GradientBoostingClassifier,21220,0,0,0.0012845272864037075
stockout_risk,GradientBoostingClassifier,21142,0,0,0.0012905100633941922
stockout_risk,GradientBoostingClassifier,21242,0,0,0.0020661762871231745
stockout_risk,GradientBoostingClassifier,21227,0,0,0.00208980912558842
stockout_risk,GradientBoostingClassifier,21144,0,0,0.0015663708055257126
stockout_risk,GradientBoostingClassifier,21148,0,0,0.0015663708055257126
stockout_risk,GradientBoostingClassifier,21195,0,0,0.0009339241013888191
stockout_risk,GradientBoostingClassifier,21217,0,0,0.0019241958418585302
stockout_risk,GradientBoostingClassifier,21229,0,0,0.10510043741885203
stockout_risk,GradientBoostingClassifier,21149,0,0,0.05687765035886872
stockout_risk,GradientBoostingClassifier,21206,0,0,0.001725075433146058
stockout_risk,GradientBoostingClassifier,21138,0,0,0.13169310184117372
stockout_risk,GradientBoostingClassifier,21129,0,0,0.0015663708055257126
stockout_risk,GradientBoostingClassifier,21204,0,0,0.0024399108171914213
stockout_risk,GradientBoostingClassifier,21131,0,0,0.001725075433146058
stockout_risk,GradientBoostingClassifier,21163,0,0,0.14237694654732433
stockout_risk,GradientBoostingClassifier,21171,0,0,0.0021153664023121524
stockout_risk,GradientBoostingClassifier,21155,0,0,0.0012823027876251985
stockout_risk,GradientBoostingClassifier,21218,0,0,0.05881752068464065
stockout_risk,GradientBoostingClassifier,21239,0,0,0.0028374451447623953
stockout_risk,GradientBoostingClassifier,21154,0,0,0.13276677602758535
stockout_risk,GradientBoostingClassifier,21194,0,0,0.002019354995234844
stockout_risk,GradientBoostingClassifier,21186,0,0,0.001725075433146058
stockout_risk,GradientBoostingClassifier,21211,0,0,0.0012631422615634218
stockout_risk,GradientBoostingClassifier,21134,0,0,0.0019432634640861926
stockout_risk,GradientBoostingClassifier,21152,0,0,0.001955810312044566
stockout_risk,GradientBoostingClassifier,21214,0,0,0.03581925291962074
stockout_risk,GradientBoostingClassifier,21159,0,0,0.0019354740022691596
stockout_risk,GradientBoostingClassifier,21182,0,0,0.0018600371855794068
stockout_risk,GradientBoostingClassifier,21156,0,0,0.001725075433146058
stockout_risk,GradientBoostingClassifier,21224,0,0,0.06442607176921884
stockout_risk,GradientBoostingClassifier,21234,0,0,0.002452943652424731
stockout_risk,GradientBoostingClassifier,21198,0,0,0.0018495917635002724
stockout_risk,GradientBoostingClassifier,21202,0,0,0.0020201395857039756
stockout_risk,GradientBoostingClassifier,21183,0,0,0.0019432634640861926
stockout_risk,GradientBoostingClassifier,21248,0,0,0.0019308592362777823
stockout_risk,GradientBoostingClassifier,21226,0,0,0.0021883128746397742
stockout_risk,GradientBoostingClassifier,21130,0,0,0.0012823027876251985
stockout_risk,GradientBoostingClassifier,21210,0,0,0.0009297354657420708
stockout_risk,GradientBoostingClassifier,21166,0,0,0.001725075433146058
stockout_risk,GradientBoostingClassifier,21212,0,0,0.0008995398278306166
stockout_risk,GradientBoostingClassifier,21237,0,0,0.002553831249287539
stockout_risk,GradientBoostingClassifier,21187,0,0,0.0016223415883842912
stockout_risk,GradientBoostingClassifier,21173,0,0,0.0021292054714332114
stockout_risk,GradientBoostingClassifier,21244,0,0,0.0026298894995193025
stockout_risk,GradientBoostingClassifier,21236,0,0,0.002180988577671267
stockout_risk,GradientBoostingClassifier,21170,0,0,0.0013486191431332432
stockout_risk,GradientBoostingClassifier,21221,0,0,0.0017845871483430351
stockout_risk,GradientBoostingClassifier,21157,0,0,0.0018600371855794068
stockout_risk,GradientBoostingClassifier,21179,0,0,0.13654501349440043
stockout_risk,GradientBoostingClassifier,21137,0,0,0.041446140216702614
stockout_risk,GradientBoostingClassifier,21219,0,0,0.07322342754836127
stockout_risk,HistGradientBoostingClassifier,21096,0,0,0.0002612918289344998
stockout_risk,HistGradientBoostingClassifier,21000,0,0,0.00016743787092815665
stockout_risk,HistGradientBoostingClassifier,21067,0,0,0.0001979568663594876
stockout_risk,HistGradientBoostingClassifier,21055,0,0,0.00016895228353930495
stockout_risk,HistGradientBoostingClassifier,21039,0,0,0.00016288155354300863
stockout_risk,HistGradientBoostingClassifier,21094,0,0,0.0001387045222891993
stockout_risk,HistGradientBoostingClassifier,21101,0,0,0.0211542579754032
stockout_risk,HistGradientBoostingClassifier,21053,0,0,0.0003840862447729462
stockout_risk,HistGradientBoostingClassifier,21043,0,0,0.00019835453578003157
stockout_risk,HistGradientBoostingClassifier,21100,0,0,0.0001882872619843043
stockout_risk,HistGradientBoostingClassifier,21027,0,0,0.00017785040465992968
stockout_risk,HistGradientBoostingClassifier,21084,0,0,0.0001965860723487652
stockout_risk,HistGradientBoostingClassifier,21047,0,0,0.05060300997734771
stockout_risk,HistGradientBoostingClassifier,21123,0,0,0.000187373052233179
stockout_risk,HistGradientBoostingClassifier,21022,0,0,0.00021433357751582198
stockout_risk,HistGradientBoostingClassifier,21108,0,0,0.00015238876024718413
stockout_risk,HistGradientBoostingClassifier,21015,0,0,0.00016895861379498926
stockout_risk,HistGradientBoostingClassifier,21090,0,0,0.01951113239742158
stockout_risk,HistGradientBoostingClassifier,21070,0,0,0.00015566625649643032
stockout_risk,HistGradientBoostingClassifier,21056,0,0,0.03209981115933152
stockout_risk,HistGradientBoostingClassifier,21092,0,0,0.00016592677937218975
stockout_risk,HistGradientBoostingClassifier,21088,0,0,0.00018780465163033296
stockout_risk,HistGradientBoostingClassifier,21016,0,0,0.00016414794252157656
stockout_risk,HistGradientBoostingClassifier,21046,0,0,0.052976118297748453
stockout_risk,HistGradientBoostingClassifier,21072,0,0,0.00017519764185322398
stockout_risk,HistGradientBoostingClassifier,21107,0,0,0.00014984890312358138
stockout_risk,HistGradientBoostingClassifier,21106,0,0,0.016415480305907434
stockout_risk,HistGradientBoostingClassifier,21115,0,0,0.0001573364464213142
stockout_risk,HistGradientBoostingClassifier,21033,0,0,0.00016853552366843087
stockout_risk,HistGradientBoostingClassifier,21037,0,0,0.00022559025729980973
stockout_risk,HistGradientBoostingClassifier,21059,0,0,0.00033336358710312977
stockout_risk,HistGradientBoostingClassifier,21113,0,0,0.236658385376985
stockout_risk,HistGradientBoostingClassifier,21103,0,0,0.00021423410631877992
stockout_risk,HistGradientBoostingClassifier,21049,0,0,0.10615827413849814
stockout_risk,HistGradientBoostingClassifier,21040,0,0,0.00016891222524861047
stockout_risk,HistGradientBoostingClassifier,21018,0,0,0.000169650546207647
stockout_risk,HistGradientBoostingClassifier,21118,0,0,0.14475904834486578
stockout_risk,HistGradientBoostingClassifier,21001,0,0,0.00020592243436113355
stockout_risk,HistGradientBoostingClassifier,21009,0,0,0.00018440299462503976
stockout_risk,HistGradientBoostingClassifier,21061,0,0,0.010327581866206668
stockout_risk,HistGradientBoostingClassifier,21036,0,0,0.01744444534597213
stockout_risk,HistGradientBoostingClassifier,21076,0,0,0.020740350331968277
stockout_risk,HistGradientBoostingClassifier,21007,0,0,0.00018955152339238132
stockout_risk,HistGradientBoostingClassifier,21078,0,0,0.00025504111780723317
stockout_risk,HistGradientBoostingClassifier,21069,1,0,0.05754621780245119
stockout_risk,HistGradientBoostingClassifier,21004,0,0,0.020829254932133293
stockout_risk,HistGradientBoostingClassifier,21060,0,0,0.009977274415672692
stockout_risk,HistGradientBoostingClassifier,21097,0,0,0.0001719200554799355
stockout_risk,HistGradientBoostingClassifier,21085,0,0,0.00014927335834327945
stockout_risk,HistGradientBoostingClassifier,21087,0,0,0.0001423570050392064
stockout_risk,HistGradientBoostingClassifier,21062,0,0,0.00015721362724020334
stockout_risk,HistGradientBoostingClassifier,21086,0,0,0.008559464419708568
stockout_risk,HistGradientBoostingClassifier,21119,0,0,0.00019965027758435543
stockout_risk,HistGradientBoostingClassifier,21114,0,0,0.12923748962517376
stockout_risk,HistGradientBoostingClassifier,21045,0,0,0.0001882872619843043
stockout_risk,HistGradientBoostingClassifier,21032,0,0,0.000297074654290251
stockout_risk,HistGradientBoostingClassifier,21054,0,0,0.00023180185629928274
stockout_risk,HistGradientBoostingClassifier,21029,0,0,0.00018723906922718287
stockout_risk,HistGradientBoostingClassifier,21038,0,0,0.000226645780442286
stockout_risk,HistGradientBoostingClassifier,21122,0,0,0.040355999623437964
stockout_risk,HistGradientBoostingClassifier,21116,0,0,0.0002428462289131829
stockout_risk,HistGradientBoostingClassifier,21071,0,0,0.012560304654540238
stockout_risk,HistGradientBoostingClassifier,21010,0,0,0.00019749241350602484
stockout_risk,HistGradientBoostingClassifier,21014,0,0,0.00021216933593690474
stockout_risk,HistGradientBoostingClassifier,21005,0,0,0.0001738263222704645
stockout_risk,HistGradientBoostingClassifier,21105,0,0,0.0002642684766032109
stockout_risk,HistGradientBoostingClassifier,21019,0,0,0.02255699506871198
stockout_risk,HistGradientBoostingClassifier,21026,0,0,0.017026420775308707
stockout_risk,HistGradientBoostingClassifier,21063,0,0,0.022060112662453175
stockout_risk,HistGradientBoostingClassifier,21020,0,0,0.0001604477993480317
stockout_risk,HistGradientBoostingClassifier,21077,0,0,0.024449275589043574
stockout_risk,HistGradientBoostingClassifier,21091,0,0,0.0002595198186964638
stockout_risk,HistGradientBoostingClassifier,21050,0,0,0.00020325046219232145
stockout_risk,HistGradientBoostingClassifier,21109,0,0,0.07080560505229473
stockout_risk,HistGradientBoostingClassifier,21031,0,0,0.0001814940875991571
stockout_risk,HistGradientBoostingClassifier,21079,0,0,0.00019565340003784167
stockout_risk,HistGradientBoostingClassifier,21104,0,0,0.00026976789010462566
stockout_risk,HistGradientBoostingClassifier,21073,0,0,0.0001807505711394824
stockout_risk,HistGradientBoostingClassifier,21013,0,0,0.00018561857083504538
stockout_risk,HistGradientBoostingClassifier,21110,0,0,0.00012089707905032811
stockout_risk,HistGradientBoostingClassifier,21068,0,0,0.0001972279095652736
stockout_risk,HistGradientBoostingClassifier,21044,0,0,0.0001544710986161426
stockout_risk,HistGradientBoostingClassifier,21023,0,0,0.00021152611447552985
stockout_risk,HistGradientBoostingClassifier,21095,0,0,0.0002823363796982318
stockout_risk,HistGradientBoostingClassifier,21052,0,0,0.023867671127481765
stockout_risk,HistGradientBoostingClassifier,21057,0,0,0.0001994791336605083
stockout_risk,HistGradientBoostingClassifier,21035,0,0,0.00018460806845757582
stockout_risk,HistGradientBoostingClassifier,21120,0,0,0.00017570939519672156
stockout_risk,HistGradientBoostingClassifier,21034,0,0,0.00018885455491836055
stockout_risk,HistGradientBoostingClassifier,21124,0,0,0.15135147562493106
stockout_risk,HistGradientBoostingClassifier,21093,0,0,0.0001870252606067605
stockout_risk,HistGradientBoostingClassifier,21058,0,0,0.03201021447403943
stockout_risk,HistGradientBoostingClassifier,21074,0,0,0.00019328425292950503
stockout_risk,HistGradientBoostingClassifier,21121,0,0,0.020785642333812353
stockout_risk,HistGradientBoostingClassifier,21003,0,0,0.022682224036501105
stockout_risk,HistGradientBoostingClassifier,21012,0,0,0.00021587098666163274
stockout_risk,HistGradientBoostingClassifier,21028,0,0,0.00018010259856312676
stockout_risk,HistGradientBoostingClassifier,21051,0,0,0.023374267977865498
stockout_risk,HistGradientBoostingClassifier,21111,0,0,0.00015208732431524393
stockout_risk,HistGradientBoostingClassifier,21112,0,0,0.00019706102351493848
stockout_risk,HistGradientBoostingClassifier,21025,0,0,0.013357826741378212
stockout_risk,HistGradientBoostingClassifier,21002,0,0,0.01333884848625859
stockout_risk,HistGradientBoostingClassifier,21066,0,0,0.024508803401624053
stockout_risk,HistGradientBoostingClassifier,21021,0,0,0.01594447146919861
stockout_risk,HistGradientBoostingClassifier,21098,0,0,0.00040175995203625155
stockout_risk,HistGradientBoostingClassifier,21083,0,0,0.00014154425967486834
stockout_risk,HistGradientBoostingClassifier,21102,0,0,0.00019727798420325174
stockout_risk,HistGradientBoostingClassifier,21024,0,0,0.0004989501542872458
stockout_risk,HistGradientBoostingClassifier,21081,0,0,0.0001814940875991571
stockout_risk,HistGradientBoostingClassifier,21042,0,0,0.00014430486634876865
stockout_risk,HistGradientBoostingClassifier,21075,0,0,0.0001757299223202001
stockout_risk,HistGradientBoostingClassifier,21011,0,0,0.02000902206409977
stockout_risk,HistGradientBoostingClassifier,21117,0,0,0.00022347180325952692
stockout_risk,HistGradientBoostingClassifier,21017,0,0,0.00017842142782503243
stockout_risk,HistGradientBoostingClassifier,21099,0,0,0.030235147590487763
stockout_risk,HistGradientBoostingClassifier,21006,0,0,0.017266224427925893
stockout_risk,HistGradientBoostingClassifier,21080,0,0,0.0001589292462240556
stockout_risk,HistGradientBoostingClassifier,21064,0,0,0.023914924867177664
stockout_risk,HistGradientBoostingClassifier,21065,0,0,0.00014670368901297578
stockout_risk,HistGradientBoostingClassifier,21041,0,0,0.00014466159202370643
stockout_risk,HistGradientBoostingClassifier,21048,0,0,0.00019561702340601279
stockout_risk,HistGradientBoostingClassifier,21008,0,0,0.00018782116140466282
stockout_risk,HistGradientBoostingClassifier,21030,0,0,0.010763882565409041
stockout_risk,HistGradientBoostingClassifier,21082,0,0,0.0002953134821654401
stockout_risk,HistGradientBoostingClassifier,21089,0,0,0.0002203520222212643
stockout_risk,HistGradientBoostingClassifier,21178,0,0,0.0002686672069177762
stockout_risk,HistGradientBoostingClassifier,21231,0,0,0.00017021360555540045
stockout_risk,HistGradientBoostingClassifier,21222,0,0,0.00012694425600142853
stockout_risk,HistGradientBoostingClassifier,21241,0,0,0.00022850453108262675
stockout_risk,HistGradientBoostingClassifier,21216,0,0,0.00018450916174942762
stockout_risk,HistGradientBoostingClassifier,21169,0,0,0.0001399717870694225
stockout_risk,HistGradientBoostingClassifier,21190,0,0,0.00011186287304958492
stockout_risk,HistGradientBoostingClassifier,21161,0,0,9.541761128492884e-05
stockout_risk,HistGradientBoostingClassifier,21201,0,0,0.0001251410455734693
stockout_risk,HistGradientBoostingClassifier,21132,0,0,0.0002455937142735647
stockout_risk,HistGradientBoostingClassifier,21203,0,0,0.09117248362271635
stockout_risk,HistGradientBoostingClassifier,21191,0,0,0.00016904845698996628
stockout_risk,HistGradientBoostingClassifier,21162,0,0,0.00028147495927278315
stockout_risk,HistGradientBoostingClassifier,21185,0,0,0.0001124530925189944
stockout_risk,HistGradientBoostingClassifier,21146,0,0,0.008137264787545244
stockout_risk,HistGradientBoostingClassifier,21193,0,0,0.15193218730869218
stockout_risk,HistGradientBoostingClassifier,21235,0,0,0.042340834643667835
stockout_risk,HistGradientBoostingClassifier,21207,0,0,0.00017920008458148306
stockout_risk,HistGradientBoostingClassifier,21151,0,0,0.00010940233762269549
stockout_risk,HistGradientBoostingClassifier,21188,0,0,0.00012981152448901873
stockout_risk,HistGradientBoostingClassifier,21175,0,0,0.00017584117990603396
stockout_risk,HistGradientBoostingClassifier,21145,0,0,0.004980302457745439
stockout_risk,HistGradientBoostingClassifier,21147,0,0,0.00024354362174533166
stockout_risk,HistGradientBoostingClassifier,21220,0,0,0.0001332313999763493
stockout_risk,HistGradientBoostingClassifier,21142,0,0,0.00032559632699087285
stockout_risk,HistGradientBoostingClassifier,21242,0,0,0.00010467803305996438
stockout_risk,HistGradientBoostingClassifier,21227,0,0,0.00017410435779214217
stockout_risk,HistGradientBoostingClassifier,21144,0,0,0.00016652098838031742
stockout_risk,HistGradientBoostingClassifier,21148,0,0,0.00017534558324926687
stockout_risk,HistGradientBoostingClassifier,21195,0,0,9.386519751932401e-05
stockout_risk,HistGradientBoostingClassifier,21217,0,0,0.0002079854089682939
stockout_risk,HistGradientBoostingClassifier,21229,0,0,0.07836227578999781
stockout_risk,HistGradientBoostingClassifier,21149,0,0,0.0332150053654985
stockout_risk,HistGradientBoostingClassifier,21206,0,0,0.00011782761786567332
stockout_risk,HistGradientBoostingClassifier,21138,0,0,0.08675728060566731
stockout_risk,HistGradientBoostingClassifier,21129,0,0,0.00015941381759860163
stockout_risk,HistGradientBoostingClassifier,21204,0,0,0.00017019046020782906
stockout_risk,HistGradientBoostingClassifier,21131,0,0,0.00010030372719870017
stockout_risk,HistGradientBoostingClassifier,21163,0,0,0.037779932782564314
stockout_risk,HistGradientBoostingClassifier,21171,0,0,0.0002311816813659621
stockout_risk,HistGradientBoostingClassifier,21155,0,0,0.00013772045923145975
stockout_risk,HistGradientBoostingClassifier,21218,0,0,0.022713612874651172
stockout_risk,HistGradientBoostingClassifier,21239,0,0,0.0001777094541083113
stockout_risk,HistGradientBoostingClassifier,21154,0,0,0.06462403796982347
stockout_risk,HistGradientBoostingClassifier,21194,0,0,9.817533078657028e-05
stockout_risk,HistGradientBoostingClassifier,21186,0,0,8.06778384184388e-05
stockout_risk,HistGradientBoostingClassifier,21211,0,0,8.903031870863417e-05
stockout_risk,HistGradientBoostingClassifier,21134,0,0,0.00011825184341130938
stockout_risk,HistGradientBoostingClassifier,21152,0,0,0.00020328444852793756
stockout_risk,HistGradientBoostingClassifier,21214,0,0,0.01498398807208183
stockout_risk,HistGradientBoostingClassifier,21159,0,0,0.00013714904382020637
stockout_risk,HistGradientBoostingClassifier,21182,0,0,0.0001535481709934089
stockout_risk,HistGradientBoostingClassifier,21156,0,0,0.00011782761786567332
stockout_risk,HistGradientBoostingClassifier,21224,0,0,0.02437630841125199
stockout_risk,HistGradientBoostingClassifier,21234,0,0,0.00022901995411305675
stockout_risk,HistGradientBoostingClassifier,21198,0,0,0.0001881520083340069
stockout_risk,HistGradientBoostingClassifier,21202,0,0,0.00015965570055931545
stockout_risk,HistGradientBoostingClassifier,21183,0,0,0.00012749075966462408
stockout_risk,HistGradientBoostingClassifier,21248,0,0,0.00016490953481800564
stockout_risk,HistGradientBoostingClassifier,21226,0,0,0.00010368736280201446
stockout_risk,HistGradientBoostingClassifier,21130,0,0,0.00018313636190949763
stockout_risk,HistGradientBoostingClassifier,21210,0,0,0.00015590288520169783
stockout_risk,HistGradientBoostingClassifier,21166,0,0,8.842006706508817e-05
stockout_risk,HistGradientBoostingClassifier,21212,0,0,0.00041017531338865865
stockout_risk,HistGradientBoostingClassifier,21237,0,0,0.00011469493336760376
stockout_risk,HistGradientBoostingClassifier,21187,0,0,0.00011454484866448137
stockout_risk,HistGradientBoostingClassifier,21173,0,0,0.00012686800657184258
stockout_risk,HistGradientBoostingClassifier,21244,0,0,0.00012343207909593505
stockout_risk,HistGradientBoostingClassifier,21236,0,0,9.825379024530377e-05
stockout_risk,HistGradientBoostingClassifier,21170,0,0,0.00032578328399236566
stockout_risk,HistGradientBoostingClassifier,21221,0,0,0.0001857690918158351
stockout_risk,HistGradientBoostingClassifier,21157,0,0,0.00018026891173599503
stockout_risk,HistGradientBoostingClassifier,21179,0,0,0.045694105047838184
stockout_risk,HistGradientBoostingClassifier,21137,0,0,0.02383560578846889
stockout_risk,HistGradientBoostingClassifier,21219,0,0,0.03165746224206506
late_delivery_risk,LogisticRegression,21096,0,0,0.0008069529094507765
late_delivery_risk,LogisticRegression,21000,0,0,5.147580835852164e-07
late_delivery_risk,LogisticRegression,21067,0,0,0.0015852530421634817
late_delivery_risk,LogisticRegression,21055,0,0,0.0010441543382317918
late_delivery_risk,LogisticRegression,21039,0,0,0.06792667852499532
late_delivery_risk,LogisticRegression,21094,0,0,0.007455439522011699
late_delivery_risk,LogisticRegression,21101,0,0,0.1274911501391753
late_delivery_risk,LogisticRegression,21053,0,0,0.008213252160593263
late_delivery_risk,LogisticRegression,21043,0,0,0.0020158871160530605
late_delivery_risk,LogisticRegression,21100,0,0,0.006400858534029975
late_delivery_risk,LogisticRegression,21027,0,0,0.003692969247868455
late_delivery_risk,LogisticRegression,21084,0,0,0.024744702127090887
late_delivery_risk,LogisticRegression,21047,0,0,0.08386369081378975
late_delivery_risk,LogisticRegression,21123,0,0,0.02576222897922457
late_delivery_risk,LogisticRegression,21022,0,0,3.386213986497203e-05
late_delivery_risk,LogisticRegression,21108,0,0,0.0006217349130075435
late_delivery_risk,LogisticRegression,21015,0,0,2.5913372687415407e-06
late_delivery_risk,LogisticRegression,21090,0,0,0.002126315172180221
late_delivery_risk,LogisticRegression,21070,0,0,8.444117706546667e-05
late_delivery_risk,LogisticRegression,21056,0,0,0.038073698922819865
late_delivery_risk,LogisticRegression,21092,0,0,9.009248783615246e-05
late_delivery_risk,LogisticRegression,21088,0,0,0.00046352393803278223
late_delivery_risk,LogisticRegression,21016,0,0,0.0001863046654500782
late_delivery_risk,LogisticRegression,21046,0,0,0.06751145968695828
late_delivery_risk,LogisticRegression,21072,0,0,1.359570528552083e-05
late_delivery_risk,LogisticRegression,21107,0,0,8.408402514725928e-05
late_delivery_risk,LogisticRegression,21106,0,0,0.00677166491845836
late_delivery_risk,LogisticRegression,21115,0,0,0.028412983635664118
late_delivery_risk,LogisticRegression,21033,0,0,0.02829467991600095
late_delivery_risk,LogisticRegression,21037,0,0,0.008000519171755918
late_delivery_risk,LogisticRegression,21059,0,0,0.019606566971255974
late_delivery_risk,LogisticRegression,21113,0,0,0.11696821098646358
late_delivery_risk,LogisticRegression,21103,0,0,0.01944599484858402
late_delivery_risk,LogisticRegression,21049,0,0,0.14521229823577073
late_delivery_risk,LogisticRegression,21040,0,0,0.00012647316746224543
late_delivery_risk,LogisticRegression,21018,0,0,0.0005774270449956817
late_delivery_risk,LogisticRegression,21118,0,0,0.17911221062000507
late_delivery_risk,LogisticRegression,21001,0,0,1.8111943175889237e-05
late_delivery_risk,LogisticRegression,21009,0,0,0.0156688597570568
late_delivery_risk,LogisticRegression,21061,0,0,0.003569651834775648
late_delivery_risk,LogisticRegression,21036,0,0,0.08657768165827848
late_delivery_risk,LogisticRegression,21076,0,0,0.011423800665830531
late_delivery_risk,LogisticRegression,21007,0,0,0.0006882210639916483
late_delivery_risk,LogisticRegression,21078,0,0,0.008839691563185481
late_delivery_risk,LogisticRegression,21069,1,0,0.2938631568244886
late_delivery_risk,LogisticRegression,21004,0,0,0.021285948040442627
late_delivery_risk,LogisticRegression,21060,0,0,0.006069284260342489
late_delivery_risk,LogisticRegression,21097,0,0,0.00039975607215481085
late_delivery_risk,LogisticRegression,21085,0,0,3.2833751155598717e-06
late_delivery_risk,LogisticRegression,21087,0,0,2.838412912116665e-06
late_delivery_risk,LogisticRegression,21062,0,0,0.00021391361263640608
late_delivery_risk,LogisticRegression,21086,0,0,0.0003184608342292601
late_delivery_risk,LogisticRegression,21119,0,0,0.02367316129414935
late_delivery_risk,LogisticRegression,21114,0,0,0.16917674186471338
late_delivery_risk,LogisticRegression,21045,0,0,0.004514629541613016
late_delivery_risk,LogisticRegression,21032,0,0,0.0024110259126874476
late_delivery_risk,LogisticRegression,21054,0,0,0.021786155259014006
late_delivery_risk,LogisticRegression,21029,0,0,0.006489053965288815
late_delivery_risk,LogisticRegression,21038,0,0,0.03642828421374315
late_delivery_risk,LogisticRegression,21122,0,0,0.02169241522969043
late_delivery_risk,LogisticRegression,21116,0,0,0.01096254616551398
late_delivery_risk,LogisticRegression,21071,0,0,0.03500589139028331
late_delivery_risk,LogisticRegression,21010,0,0,0.0037927619976510485
late_delivery_risk,LogisticRegression,21014,0,0,0.01594665301343951
late_delivery_risk,LogisticRegression,21005,0,0,0.0001702907604096139
late_delivery_risk,LogisticRegression,21105,0,0,7.737288199172082e-05
late_delivery_risk,LogisticRegression,21019,0,0,0.01810774242556292
late_delivery_risk,LogisticRegression,21026,0,0,0.039414738242058225
late_delivery_risk,LogisticRegression,21063,0,0,0.058393661242576646
late_delivery_risk,LogisticRegression,21020,0,0,2.9463996576895343e-05
late_delivery_risk,LogisticRegression,21077,0,0,0.023779230343426473
late_delivery_risk,LogisticRegression,21091,0,0,0.006818904511775621
late_delivery_risk,LogisticRegression,21050,0,0,0.002350188968248976
late_delivery_risk,LogisticRegression,21109,0,0,0.10288121263817049
late_delivery_risk,LogisticRegression,21031,0,0,0.002525737017278106
late_delivery_risk,LogisticRegression,21079,0,0,0.0195159766591467
late_delivery_risk,LogisticRegression,21104,0,0,0.01816551667829439
late_delivery_risk,LogisticRegression,21073,0,0,0.0027254995110898303
late_delivery_risk,LogisticRegression,21013,0,0,0.02157506670224385
late_delivery_risk,LogisticRegression,21110,0,0,0.008451958537516858
late_delivery_risk,LogisticRegression,21068,0,0,0.01968889387187061
late_delivery_risk,LogisticRegression,21044,0,0,0.0028090893704719668
late_delivery_risk,LogisticRegression,21023,0,0,0.006252546963766354
late_delivery_risk,LogisticRegression,21095,0,0,0.0006953976117779547
late_delivery_risk,LogisticRegression,21052,0,0,0.02402178414630172
late_delivery_risk,LogisticRegression,21057,0,0,0.001861999659081472
late_delivery_risk,LogisticRegression,21035,0,0,0.007082639918243959
late_delivery_risk,LogisticRegression,21120,0,0,0.0006171884594573257
late_delivery_risk,LogisticRegression,21034,0,0,0.01391299153324492
late_delivery_risk,LogisticRegression,21124,0,0,0.29909897017096293
late_delivery_risk,LogisticRegression,21093,0,0,0.020115362561297947
late_delivery_risk,LogisticRegression,21058,0,0,0.0403269418067948
late_delivery_risk,LogisticRegression,21074,0,0,0.004340606195240937
late_delivery_risk,LogisticRegression,21121,0,0,0.07311157216149729
late_delivery_risk,LogisticRegression,21003,0,0,0.040630911067445916
late_delivery_risk,LogisticRegression,21012,0,0,0.0008375005199325969
late_delivery_risk,LogisticRegression,21028,0,0,0.0064404580511132365
late_delivery_risk,LogisticRegression,21051,0,0,0.02771040686200356
late_delivery_risk,LogisticRegression,21111,0,0,0.021948563898116367
late_delivery_risk,LogisticRegression,21112,0,0,0.010494542958898899
late_delivery_risk,LogisticRegression,21025,0,0,0.004072850277845028
late_delivery_risk,LogisticRegression,21002,0,0,1.7689581916172285e-05
late_delivery_risk,LogisticRegression,21066,0,0,0.11823314911432731
late_delivery_risk,LogisticRegression,21021,0,0,0.004723602335453639
late_delivery_risk,LogisticRegression,21098,0,0,0.010178048992990522
late_delivery_risk,LogisticRegression,21083,0,0,0.009240083702229793
late_delivery_risk,LogisticRegression,21102,0,0,0.006069724076599343
late_delivery_risk,LogisticRegression,21024,0,0,0.009788007032223111
late_delivery_risk,LogisticRegression,21081,0,0,0.0021945605145669376
late_delivery_risk,LogisticRegression,21042,0,0,8.269011603045335e-05
late_delivery_risk,LogisticRegression,21075,0,0,0.002542995340032453
late_delivery_risk,LogisticRegression,21011,0,0,0.18485023782883797
late_delivery_risk,LogisticRegression,21117,0,0,0.03781850351812968
late_delivery_risk,LogisticRegression,21017,0,0,8.77385508332207e-07
late_delivery_risk,LogisticRegression,21099,0,0,0.08212746672552118
late_delivery_risk,LogisticRegression,21006,0,0,0.03957711637306976
late_delivery_risk,LogisticRegression,21080,0,0,0.00029531104069199207
late_delivery_risk,LogisticRegression,21064,0,0,0.10995020116385143
late_delivery_risk,LogisticRegression,21065,0,0,0.0026635269942080577
late_delivery_risk,LogisticRegression,21041,0,0,0.00012834509938196523
late_delivery_risk,LogisticRegression,21048,0,0,0.014027614991916062
late_delivery_risk,LogisticRegression,21008,0,0,0.006274959554236914
late_delivery_risk,LogisticRegression,21030,0,0,0.006552693372049746
late_delivery_risk,LogisticRegression,21082,0,0,0.0010982508826205067
late_delivery_risk,LogisticRegression,21089,0,0,0.002155492461570789
late_delivery_risk,LogisticRegression,21178,0,0,0.01850604433525032
late_delivery_risk,LogisticRegression,21231,0,0,0.0001317597034055746
late_delivery_risk,LogisticRegression,21222,0,0,3.7065693461055965e-05
late_delivery_risk,LogisticRegression,21241,0,0,0.010156407553710962
late_delivery_risk,LogisticRegression,21216,0,0,0.0009457365154227193
late_delivery_risk,LogisticRegression,21169,0,0,0.004785291327441239
late_delivery_risk,LogisticRegression,21190,0,0,0.0005845286527991802
late_delivery_risk,LogisticRegression,21161,0,0,0.0009695696524983335
late_delivery_risk,LogisticRegression,21201,0,0,2.8755888819503178e-05
late_delivery_risk,LogisticRegression,21132,0,0,5.779299732060286e-05
late_delivery_risk,LogisticRegression,21203,0,0,0.044847982854497676
late_delivery_risk,LogisticRegression,21191,0,0,0.0009762393937441424
late_delivery_risk,LogisticRegression,21162,0,0,0.008429470954828818
late_delivery_risk,LogisticRegression,21185,0,0,4.441869509522865e-05
late_delivery_risk,LogisticRegression,21146,0,0,0.0003010714818424296
late_delivery_risk,LogisticRegression,21193,0,0,0.06219681953945142
late_delivery_risk,LogisticRegression,21235,0,0,0.05361977642091019
late_delivery_risk,LogisticRegression,21207,0,0,0.0002348943303026813
late_delivery_risk,LogisticRegression,21151,0,0,0.0005996839539970378
late_delivery_risk,LogisticRegression,21188,0,0,0.0035001228862421045
late_delivery_risk,LogisticRegression,21175,0,0,0.003571029790977511
late_delivery_risk,LogisticRegression,21145,0,0,0.0024077239545528878
late_delivery_risk,LogisticRegression,21147,0,0,0.00013981332110072346
late_delivery_risk,LogisticRegression,21220,0,0,0.000367340890294022
late_delivery_risk,LogisticRegression,21142,0,0,5.053739397118705e-06
late_delivery_risk,LogisticRegression,21242,0,0,0.005958161226520367
late_delivery_risk,LogisticRegression,21227,0,0,0.0005572307109843033
late_delivery_risk,LogisticRegression,21144,0,0,0.0012576802514684886
late_delivery_risk,LogisticRegression,21148,0,0,0.002989533819062701
late_delivery_risk,LogisticRegression,21195,0,0,9.203012495092714e-05
late_delivery_risk,LogisticRegression,21217,0,0,1.538238507579715e-05
late_delivery_risk,LogisticRegression,21229,0,0,0.0381754100787393
late_delivery_risk,LogisticRegression,21149,0,0,0.023129080131397535
late_delivery_risk,LogisticRegression,21206,0,0,7.362720990738258e-05
late_delivery_risk,LogisticRegression,21138,0,0,0.11877456269584646
late_delivery_risk,LogisticRegression,21129,0,0,0.004908937146018058
late_delivery_risk,LogisticRegression,21204,0,0,0.016242425770133233
late_delivery_risk,LogisticRegression,21131,0,0,0.0005516977250384075
late_delivery_risk,LogisticRegression,21163,0,0,0.10245236417189807
late_delivery_risk,LogisticRegression,21171,0,0,0.0004486960880983203
late_delivery_risk,LogisticRegression,21155,0,0,0.00015950359507754317
late_delivery_risk,LogisticRegression,21218,0,0,0.04038261564544897
late_delivery_risk,LogisticRegression,21239,0,0,0.023452869374652643
late_delivery_risk,LogisticRegression,21154,0,0,0.07626297585845897
late_delivery_risk,LogisticRegression,21194,0,0,0.004062927133624644
late_delivery_risk,LogisticRegression,21186,0,0,0.00011634249767766483
late_delivery_risk,LogisticRegression,21211,0,0,1.4057513958522814e-07
late_delivery_risk,LogisticRegression,21134,0,0,0.004758494660985067
late_delivery_risk,LogisticRegression,21152,0,0,0.0010324817689598186
late_delivery_risk,LogisticRegression,21214,0,0,0.012903036577998473
late_delivery_risk,LogisticRegression,21159,0,0,0.01420179889316563
late_delivery_risk,LogisticRegression,21182,0,0,0.0004751554201823082
late_delivery_risk,LogisticRegression,21156,0,0,0.0001361492738281111
late_delivery_risk,LogisticRegression,21224,0,0,0.05596060138728644
late_delivery_risk,LogisticRegression,21234,0,0,0.009593265883438121
late_delivery_risk,LogisticRegression,21198,0,0,0.003841777432108862
late_delivery_risk,LogisticRegression,21202,0,0,0.00039294307335707506
late_delivery_risk,LogisticRegression,21183,0,0,0.0032865932178176654
late_delivery_risk,LogisticRegression,21248,0,0,0.013378818609562925
late_delivery_risk,LogisticRegression,21226,0,0,0.0014944868094323202
late_delivery_risk,LogisticRegression,21130,0,0,0.00014967283843043277
late_delivery_risk,LogisticRegression,21210,0,0,7.141096448736147e-06
late_delivery_risk,LogisticRegression,21166,0,0,0.00011855337748772663
late_delivery_risk,LogisticRegression,21212,0,0,1.4464443202075918e-06
late_delivery_risk,LogisticRegression,21237,0,0,0.005373629812343343
late_delivery_risk,LogisticRegression,21187,0,0,0.00014257976806384095
late_delivery_risk,LogisticRegression,21173,0,0,0.016600911668609167
late_delivery_risk,LogisticRegression,21244,0,0,0.028638051507461067
late_delivery_risk,LogisticRegression,21236,0,0,0.006348467289466536
late_delivery_risk,LogisticRegression,21170,0,0,0.0009835689793461638
late_delivery_risk,LogisticRegression,21221,0,0,1.5217636678824808e-05
late_delivery_risk,LogisticRegression,21157,0,0,0.00038760448166914494
late_delivery_risk,LogisticRegression,21179,0,0,0.07296658514079234
late_delivery_risk,LogisticRegression,21137,0,0,0.017111642302582355
late_delivery_risk,LogisticRegression,21219,0,0,0.03999093552370271
late_delivery_risk,RandomForestClassifier,21096,0,0,0.008333333333333333
late_delivery_risk,RandomForestClassifier,21000,0,0,0.0
late_delivery_risk,RandomForestClassifier,21067,0,0,0.016666666666666666
late_delivery_risk,RandomForestClassifier,21055,0,0,0.016666666666666666
late_delivery_risk,RandomForestClassifier,21039,0,0,0.025
late_delivery_risk,RandomForestClassifier,21094,0,0,0.025
late_delivery_risk,RandomForestClassifier,21101,0,0,0.05
late_delivery_risk,RandomForestClassifier,21053,0,0,0.03333333333333333
late_delivery_risk,RandomForestClassifier,21043,0,0,0.0
late_delivery_risk,RandomForestClassifier,21100,0,0,0.025
late_delivery_risk,RandomForestClassifier,21027,0,0,0.008333333333333333
late_delivery_risk,RandomForestClassifier,21084,0,0,0.016666666666666666
late_delivery_risk,RandomForestClassifier,21047,0,0,0.075
late_delivery_risk,RandomForestClassifier,21123,0,0,0.008333333333333333
late_delivery_risk,RandomForestClassifier,21022,0,0,0.008333333333333333
late_delivery_risk,RandomForestClassifier,21108,0,0,0.008333333333333333
late_delivery_risk,RandomForestClassifier,21015,0,0,0.058333333333333334
late_delivery_risk,RandomForestClassifier,21090,0,0,0.025
late_delivery_risk,RandomForestClassifier,21070,0,0,0.0
late_delivery_risk,RandomForestClassifier,21056,0,0,0.275
late_delivery_risk,RandomForestClassifier,21092,0,0,0.0
late_delivery_risk,RandomForestClassifier,21088,0,0,0.008333333333333333
late_delivery_risk,RandomForestClassifier,21016,0,0,0.016666666666666666
late_delivery_risk,RandomForestClassifier,21046,0,0,0.025
late_delivery_risk,RandomForestClassifier,21072,0,0,0.0
late_delivery_risk,RandomForestClassifier,21107,0,0,0.016666666666666666
late_delivery_risk,RandomForestClassifier,21106,0,0,0.058333333333333334
late_delivery_risk,RandomForestClassifier,21115,0,0,0.016666666666666666
late_delivery_risk,RandomForestClassifier,21033,0,0,0.025
late_delivery_risk,RandomForestClassifier,21037,0,0,0.05
late_delivery_risk,RandomForestClassifier,21059,0,0,0.075
late_delivery_risk,RandomForestClassifier,21113,0,0,0.275
late_delivery_risk,RandomForestClassifier,21103,0,0,0.025
late_delivery_risk,RandomForestClassifier,21049,0,0,0.2
late_delivery_risk,RandomForestClassifier,21040,0,0,0.016666666666666666
late_delivery_risk,RandomForestClassifier,21018,0,0,0.0
late_delivery_risk,RandomForestClassifier,21118,0,0,0.25833333333333336
late_delivery_risk,RandomForestClassifier,21001,0,0,0.008333333333333333
late_delivery_risk,RandomForestClassifier,21009,0,0,0.0
late_delivery_risk,RandomForestClassifier,21061,0,0,0.03333333333333333
late_delivery_risk,RandomForestClassifier,21036,0,0,0.041666666666666664
late_delivery_risk,RandomForestClassifier,21076,0,0,0.025
late_delivery_risk,RandomForestClassifier,21007,0,0,0.016666666666666666
late_delivery_risk,RandomForestClassifier,21078,0,0,0.03333333333333333
late_delivery_risk,RandomForestClassifier,21069,1,0,0.23333333333333334
late_delivery_risk,RandomForestClassifier,21004,0,0,0.041666666666666664
late_delivery_risk,RandomForestClassifier,21060,0,0,0.016666666666666666
late_delivery_risk,RandomForestClassifier,21097,0,0,0.0
late_delivery_risk,RandomForestClassifier,21085,0,0,0.0
late_delivery_risk,RandomForestClassifier,21087,0,0,0.025
late_delivery_risk,RandomForestClassifier,21062,0,0,0.008333333333333333
late_delivery_risk,RandomForestClassifier,21086,0,0,0.008333333333333333
late_delivery_risk,RandomForestClassifier,21119,0,0,0.09166666666666666
late_delivery_risk,RandomForestClassifier,21114,0,0,0.21666666666666667
late_delivery_risk,RandomForestClassifier,21045,0,0,0.008333333333333333
late_delivery_risk,RandomForestClassifier,21032,0,0,0.0
late_delivery_risk,RandomForestClassifier,21054,0,0,0.058333333333333334
late_delivery_risk,RandomForestClassifier,21029,0,0,0.058333333333333334
late_delivery_risk,RandomForestClassifier,21038,0,0,0.016666666666666666
late_delivery_risk,RandomForestClassifier,21122,0,0,0.025
late_delivery_risk,RandomForestClassifier,21116,0,0,0.025
late_delivery_risk,RandomForestClassifier,21071,0,0,0.03333333333333333
late_delivery_risk,RandomForestClassifier,21010,0,0,0.016666666666666666
late_delivery_risk,RandomForestClassifier,21014,0,0,0.008333333333333333
late_delivery_risk,RandomForestClassifier,21005,0,0,0.008333333333333333
late_delivery_risk,RandomForestClassifier,21105,0,0,0.008333333333333333
late_delivery_risk,RandomForestClassifier,21019,0,0,0.025
late_delivery_risk,RandomForestClassifier,21026,0,0,0.016666666666666666
late_delivery_risk,RandomForestClassifier,21063,0,0,0.041666666666666664
late_delivery_risk,RandomForestClassifier,21020,0,0,0.0
late_delivery_risk,RandomForestClassifier,21077,0,0,0.025
late_delivery_risk,RandomForestClassifier,21091,0,0,0.05
late_delivery_risk,RandomForestClassifier,21050,0,0,0.008333333333333333
late_delivery_risk,RandomForestClassifier,21109,0,0,0.16666666666666666
late_delivery_risk,RandomForestClassifier,21031,0,0,0.008333333333333333
late_delivery_risk,RandomForestClassifier,21079,0,0,0.025
late_delivery_risk,RandomForestClassifier,21104,0,0,0.03333333333333333
late_delivery_risk,RandomForestClassifier,21073,0,0,0.008333333333333333
late_delivery_risk,RandomForestClassifier,21013,0,0,0.016666666666666666
late_delivery_risk,RandomForestClassifier,21110,0,0,0.008333333333333333
late_delivery_risk,RandomForestClassifier,21068,0,0,0.008333333333333333
late_delivery_risk,RandomForestClassifier,21044,0,0,0.008333333333333333
late_delivery_risk,RandomForestClassifier,21023,0,0,0.008333333333333333
late_delivery_risk,RandomForestClassifier,21095,0,0,0.0
late_delivery_risk,RandomForestClassifier,21052,0,0,0.06666666666666667
late_delivery_risk,RandomForestClassifier,21057,0,0,0.0
late_delivery_risk,RandomForestClassifier,21035,0,0,0.016666666666666666
late_delivery_risk,RandomForestClassifier,21120,0,0,0.0
late_delivery_risk,RandomForestClassifier,21034,0,0,0.016666666666666666
late_delivery_risk,RandomForestClassifier,21124,0,0,0.30833333333333335
late_delivery_risk,RandomForestClassifier,21093,0,0,0.0
late_delivery_risk,RandomForestClassifier,21058,0,0,0.03333333333333333
late_delivery_risk,RandomForestClassifier,21074,0,0,0.016666666666666666
late_delivery_risk,RandomForestClassifier,21121,0,0,0.03333333333333333
late_delivery_risk,RandomForestClassifier,21003,0,0,0.06666666666666667
late_delivery_risk,RandomForestClassifier,21012,0,0,0.075
late_delivery_risk,RandomForestClassifier,21028,0,0,0.016666666666666666
late_delivery_risk,RandomForestClassifier,21051,0,0,0.041666666666666664
late_delivery_risk,RandomForestClassifier,21111,0,0,0.03333333333333333
late_delivery_risk,RandomForestClassifier,21112,0,0,0.0
late_delivery_risk,RandomForestClassifier,21025,0,0,0.016666666666666666
late_delivery_risk,RandomForestClassifier,21002,0,0,0.025
late_delivery_risk,RandomForestClassifier,21066,0,0,0.05
late_delivery_risk,RandomForestClassifier,21021,0,0,0.09166666666666666
late_delivery_risk,RandomForestClassifier,21098,0,0,0.0
late_delivery_risk,RandomForestClassifier,21083,0,0,0.008333333333333333
late_delivery_risk,RandomForestClassifier,21102,0,0,0.025
late_delivery_risk,RandomForestClassifier,21024,0,0,0.0
late_delivery_risk,RandomForestClassifier,21081,0,0,0.016666666666666666
late_delivery_risk,RandomForestClassifier,21042,0,0,0.0
late_delivery_risk,RandomForestClassifier,21075,0,0,0.0
late_delivery_risk,RandomForestClassifier,21011,0,0,0.09166666666666666
late_delivery_risk,RandomForestClassifier,21117,0,0,0.05
late_delivery_risk,RandomForestClassifier,21017,0,0,0.016666666666666666
late_delivery_risk,RandomForestClassifier,21099,0,0,0.041666666666666664
late_delivery_risk,RandomForestClassifier,21006,0,0,0.041666666666666664
late_delivery_risk,RandomForestClassifier,21080,0,0,0.0
late_delivery_risk,RandomForestClassifier,21064,0,0,0.08333333333333333
late_delivery_risk,RandomForestClassifier,21065,0,0,0.016666666666666666
late_delivery_risk,RandomForestClassifier,21041,0,0,0.0
late_delivery_risk,RandomForestClassifier,21048,0,0,0.058333333333333334
late_delivery_risk,RandomForestClassifier,21008,0,0,0.008333333333333333
late_delivery_risk,RandomForestClassifier,21030,0,0,0.025
late_delivery_risk,RandomForestClassifier,21082,0,0,0.008333333333333333
late_delivery_risk,RandomForestClassifier,21089,0,0,0.0
late_delivery_risk,RandomForestClassifier,21178,0,0,0.05
late_delivery_risk,RandomForestClassifier,21231,0,0,0.03333333333333333
late_delivery_risk,RandomForestClassifier,21222,0,0,0.0
late_delivery_risk,RandomForestClassifier,21241,0,0,0.05
late_delivery_risk,RandomForestClassifier,21216,0,0,0.05
late_delivery_risk,RandomForestClassifier,21169,0,0,0.016666666666666666
late_delivery_risk,RandomForestClassifier,21190,0,0,0.025
late_delivery_risk,RandomForestClassifier,21161,0,0,0.025
late_delivery_risk,RandomForestClassifier,21201,0,0,0.016666666666666666
late_delivery_risk,RandomForestClassifier,21132,0,0,0.025
late_delivery_risk,RandomForestClassifier,21203,0,0,0.14166666666666666
late_delivery_risk,RandomForestClassifier,21191,0,0,0.008333333333333333
late_delivery_risk,RandomForestClassifier,21162,0,0,0.041666666666666664
late_delivery_risk,RandomForestClassifier,21185,0,0,0.008333333333333333
late_delivery_risk,RandomForestClassifier,21146,0,0,0.125
late_delivery_risk,RandomForestClassifier,21193,0,0,0.15833333333333333
late_delivery_risk,RandomForestClassifier,21235,0,0,0.10833333333333334
late_delivery_risk,RandomForestClassifier,21207,0,0,0.0
late_delivery_risk,RandomForestClassifier,21151,0,0,0.0
late_delivery_risk,RandomForestClassifier,21188,0,0,0.008333333333333333
late_delivery_risk,RandomForestClassifier,21175,0,0,0.0
late_delivery_risk,RandomForestClassifier,21145,0,0,0.058333333333333334
late_delivery_risk,RandomForestClassifier,21147,0,0,0.008333333333333333
late_delivery_risk,RandomForestClassifier,21220,0,0,0.016666666666666666
late_delivery_risk,RandomForestClassifier,21142,0,0,0.025
late_delivery_risk,RandomForestClassifier,21242,0,0,0.008333333333333333
late_delivery_risk,RandomForestClassifier,21227,0,0,0.03333333333333333
late_delivery_risk,RandomForestClassifier,21144,0,0,0.0
late_delivery_risk,RandomForestClassifier,21148,0,0,0.008333333333333333
late_delivery_risk,RandomForestClassifier,21195,0,0,0.0
late_delivery_risk,RandomForestClassifier,21217,0,0,0.008333333333333333
late_delivery_risk,RandomForestClassifier,21229,0,0,0.16666666666666666
late_delivery_risk,RandomForestClassifier,21149,0,0,0.06666666666666667
late_delivery_risk,RandomForestClassifier,21206,0,0,0.025
late_delivery_risk,RandomForestClassifier,21138,0,0,0.14166666666666666
late_delivery_risk,RandomForestClassifier,21129,0,0,0.0
late_delivery_risk,RandomForestClassifier,21204,0,0,0.0
late_delivery_risk,RandomForestClassifier,21131,0,0,0.0
late_delivery_risk,RandomForestClassifier,21163,0,0,0.09166666666666666
late_delivery_risk,RandomForestClassifier,21171,0,0,0.008333333333333333
late_delivery_risk,RandomForestClassifier,21155,0,0,0.0
late_delivery_risk,RandomForestClassifier,21218,0,0,0.09166666666666666
late_delivery_risk,RandomForestClassifier,21239,0,0,0.041666666666666664
late_delivery_risk,RandomForestClassifier,21154,0,0,0.2916666666666667
late_delivery_risk,RandomForestClassifier,21194,0,0,0.08333333333333333
late_delivery_risk,RandomForestClassifier,21186,0,0,0.016666666666666666
late_delivery_risk,RandomForestClassifier,21211,0,0,0.008333333333333333
late_delivery_risk,RandomForestClassifier,21134,0,0,0.008333333333333333
late_delivery_risk,RandomForestClassifier,21152,0,0,0.016666666666666666
late_delivery_risk,RandomForestClassifier,21214,0,0,0.03333333333333333
late_delivery_risk,RandomForestClassifier,21159,0,0,0.025
late_delivery_risk,RandomForestClassifier,21182,0,0,0.0
late_delivery_risk,RandomForestClassifier,21156,0,0,0.016666666666666666
late_delivery_risk,RandomForestClassifier,21224,0,0,0.041666666666666664
late_delivery_risk,RandomForestClassifier,21234,0,0,0.03333333333333333
late_delivery_risk,RandomForestClassifier,21198,0,0,0.0
late_delivery_risk,RandomForestClassifier,21202,0,0,0.0
late_delivery_risk,RandomForestClassifier,21183,0,0,0.008333333333333333
late_delivery_risk,RandomForestClassifier,21248,0,0,0.016666666666666666
late_delivery_risk,RandomForestClassifier,21226,0,0,0.03333333333333333
late_delivery_risk,RandomForestClassifier,21130,0,0,0.008333333333333333
late_delivery_risk,RandomForestClassifier,21210,0,0,0.0
late_delivery_risk,RandomForestClassifier,21166,0,0,0.008333333333333333
late_delivery_risk,RandomForestClassifier,21212,0,0,0.03333333333333333
late_delivery_risk,RandomForestClassifier,21237,0,0,0.008333333333333333
late_delivery_risk,RandomForestClassifier,21187,0,0,0.0
late_delivery_risk,RandomForestClassifier,21173,0,0,0.075
late_delivery_risk,RandomForestClassifier,21244,0,0,0.1
late_delivery_risk,RandomForestClassifier,21236,0,0,0.008333333333333333
late_delivery_risk,RandomForestClassifier,21170,0,0,0.041666666666666664
late_delivery_risk,RandomForestClassifier,21221,0,0,0.025
late_delivery_risk,RandomForestClassifier,21157,0,0,0.016666666666666666
late_delivery_risk,RandomForestClassifier,21179,0,0,0.175
late_delivery_risk,RandomForestClassifier,21137,0,0,0.2833333333333333
late_delivery_risk,RandomForestClassifier,21219,0,0,0.1
late_delivery_risk,GradientBoostingClassifier,21096,0,0,0.0028489495621246623
late_delivery_risk,GradientBoostingClassifier,21000,0,0,0.0011592315556659405
late_delivery_risk,GradientBoostingClassifier,21067,0,0,0.0030281574818735364
late_delivery_risk,GradientBoostingClassifier,21055,0,0,0.0017209967490022704
late_delivery_risk,GradientBoostingClassifier,21039,0,0,0.0020773321650438803
late_delivery_risk,GradientBoostingClassifier,21094,0,0,0.003262293561558459
late_delivery_risk,GradientBoostingClassifier,21101,0,0,0.07515850823935033
late_delivery_risk,GradientBoostingClassifier,21053,0,0,0.0038076405204706247
late_delivery_risk,GradientBoostingClassifier,21043,0,0,0.00310443771566311
late_delivery_risk,GradientBoostingClassifier,21100,0,0,0.0018144420696209168
late_delivery_risk,GradientBoostingClassifier,21027,0,0,0.003007507380188425
late_delivery_risk,GradientBoostingClassifier,21084,0,0,0.002855965605602675
late_delivery_risk,GradientBoostingClassifier,21047,0,0,0.05608681855280344
late_delivery_risk,GradientBoostingClassifier,21123,0,0,0.0021787088035577834
late_delivery_risk,GradientBoostingClassifier,21022,0,0,0.002296937108565432
late_delivery_risk,GradientBoostingClassifier,21108,0,0,0.0027749341706514263
late_delivery_risk,GradientBoostingClassifier,21015,0,0,0.001271477728409002
late_delivery_risk,GradientBoostingClassifier,21090,0,0,0.03653059087958353
late_delivery_risk,GradientBoostingClassifier,21070,0,0,0.0012686519779044074
late_delivery_risk,GradientBoostingClassifier,21056,0,0,0.04977478213460874
late_delivery_risk,GradientBoostingClassifier,21092,0,0,0.0029769562977627565
late_delivery_risk,GradientBoostingClassifier,21088,0,0,0.002190823337653608
late_delivery_risk,GradientBoostingClassifier,21016,0,0,0.002198106188073979
late_delivery_risk,GradientBoostingClassifier,21046,0,0,0.07280237612466968
late_delivery_risk,GradientBoostingClassifier,21072,0,0,0.002296937108565432
late_delivery_risk,GradientBoostingClassifier,21107,0,0,0.0029769562977627565
late_delivery_risk,GradientBoostingClassifier,21106,0,0,0.0498442891878749
late_delivery_risk,GradientBoostingClassifier,21115,0,0,0.001281347030700033
late_delivery_risk,GradientBoostingClassifier,21033,0,0,0.003651843118433582
late_delivery_risk,GradientBoostingClassifier,21037,0,0,0.003392677233205711
late_delivery_risk,GradientBoostingClassifier,21059,0,0,0.004157329720201158
late_delivery_risk,GradientBoostingClassifier,21113,0,0,0.14061621484530024
late_delivery_risk,GradientBoostingClassifier,21103,0,0,0.0031476432114225105
late_delivery_risk,GradientBoostingClassifier,21049,0,0,0.15786241185857186
late_delivery_risk,GradientBoostingClassifier,21040,0,0,0.0015927620072602791
late_delivery_risk,GradientBoostingClassifier,21018,0,0,0.0024118335008180636
late_delivery_risk,GradientBoostingClassifier,21118,0,0,0.17017549289246314
late_delivery_risk,GradientBoostingClassifier,21001,0,0,0.002198106188073979
late_delivery_risk,GradientBoostingClassifier,21009,0,0,0.002215292809403835
late_delivery_risk,GradientBoostingClassifier,21061,0,0,0.04824033529494082
late_delivery_risk,GradientBoostingClassifier,21036,0,0,0.07830409932124195
late_delivery_risk,GradientBoostingClassifier,21076,0,0,0.050660611299681024
late_delivery_risk,GradientBoostingClassifier,21007,0,0,0.003038966831426747
late_delivery_risk,GradientBoostingClassifier,21078,0,0,0.003193553330944132
late_delivery_risk,GradientBoostingClassifier,21069,1,0,0.1671255928104554
late_delivery_risk,GradientBoostingClassifier,21004,0,0,0.05025953027931077
late_delivery_risk,GradientBoostingClassifier,21060,0,0,0.035339127941642394
late_delivery_risk,GradientBoostingClassifier,21097,0,0,0.002838823617847428
late_delivery_risk,GradientBoostingClassifier,21085,0,0,0.0007568689459671577
late_delivery_risk,GradientBoostingClassifier,21087,0,0,0.0012137639748253145
late_delivery_risk,GradientBoostingClassifier,21062,0,0,0.0026461589571834193
late_delivery_risk,GradientBoostingClassifier,21086,0,0,0.025719387701118566
late_delivery_risk,GradientBoostingClassifier,21119,0,0,0.003637124993693231
late_delivery_risk,GradientBoostingClassifier,21114,0,0,0.18989924632398594
late_delivery_risk,GradientBoostingClassifier,21045,0,0,0.001753202770770623
late_delivery_risk,GradientBoostingClassifier,21032,0,0,0.0027431053932654935
late_delivery_risk,GradientBoostingClassifier,21054,0,0,0.0031161416213011804
late_delivery_risk,GradientBoostingClassifier,21029,0,0,0.0030118551293147606
late_delivery_risk,GradientBoostingClassifier,21038,0,0,0.0032662252397595527
late_delivery_risk,GradientBoostingClassifier,21122,0,0,0.05457064225683293
late_delivery_risk,GradientBoostingClassifier,21116,0,0,0.0031762374768667147
late_delivery_risk,GradientBoostingClassifier,21071,0,0,0.04187400796045669
late_delivery_risk,GradientBoostingClassifier,21010,0,0,0.0017228205446144585
late_delivery_risk,GradientBoostingClassifier,21014,0,0,0.0029680382101658306
late_delivery_risk,GradientBoostingClassifier,21005,0,0,0.0015187589920925583
late_delivery_risk,GradientBoostingClassifier,21105,0,0,0.0016484063712124812
late_delivery_risk,GradientBoostingClassifier,21019,0,0,0.0471051644161607
late_delivery_risk,GradientBoostingClassifier,21026,0,0,0.04977478213460874
late_delivery_risk,GradientBoostingClassifier,21063,0,0,0.057135651557390525
late_delivery_risk,GradientBoostingClassifier,21020,0,0,0.0013020775906332838
late_delivery_risk,GradientBoostingClassifier,21077,0,0,0.05510141244231903
late_delivery_risk,GradientBoostingClassifier,21091,0,0,0.0028489495621246623
late_delivery_risk,GradientBoostingClassifier,21050,0,0,0.001753202770770623
late_delivery_risk,GradientBoostingClassifier,21109,0,0,0.15221725653268747
late_delivery_risk,GradientBoostingClassifier,21031,0,0,0.0027528908579153816
late_delivery_risk,GradientBoostingClassifier,21079,0,0,0.00348177101573646
late_delivery_risk,GradientBoostingClassifier,21104,0,0,0.002149868906777052
late_delivery_risk,GradientBoostingClassifier,21073,0,0,0.002536760482930198
late_delivery_risk,GradientBoostingClassifier,21013,0,0,0.0030415441022897524
late_delivery_risk,GradientBoostingClassifier,21110,0,0,0.0016715989461596158
late_delivery_risk,GradientBoostingClassifier,21068,0,0,0.0025286322969923156
late_delivery_risk,GradientBoostingClassifier,21044,0,0,0.0022504709048596066
late_delivery_risk,GradientBoostingClassifier,21023,0,0,0.0023260984855049123
late_delivery_risk,GradientBoostingClassifier,21095,0,0,0.0016484063712124812
late_delivery_risk,GradientBoostingClassifier,21052,0,0,0.05282305301784333
late_delivery_risk,GradientBoostingClassifier,21057,0,0,0.002876594011209784
late_delivery_risk,GradientBoostingClassifier,21035,0,0,0.0014741393048118793
late_delivery_risk,GradientBoostingClassifier,21120,0,0,0.001735371079528468
late_delivery_risk,GradientBoostingClassifier,21034,0,0,0.0019698370550012617
late_delivery_risk,GradientBoostingClassifier,21124,0,0,0.1644892497210954
late_delivery_risk,GradientBoostingClassifier,21093,0,0,0.0032127236918462008
late_delivery_risk,GradientBoostingClassifier,21058,0,0,0.08446759364706145
late_delivery_risk,GradientBoostingClassifier,21074,0,0,0.0023575623599515145
late_delivery_risk,GradientBoostingClassifier,21121,0,0,0.05234061204531217
late_delivery_risk,GradientBoostingClassifier,21003,0,0,0.0490390701060022
late_delivery_risk,GradientBoostingClassifier,21012,0,0,0.0031659465815065038
late_delivery_risk,GradientBoostingClassifier,21028,0,0,0.0019658489759120956
late_delivery_risk,GradientBoostingClassifier,21051,0,0,0.050660611299681024
late_delivery_risk,GradientBoostingClassifier,21111,0,0,0.0034236270697654016
late_delivery_risk,GradientBoostingClassifier,21112,0,0,0.0031496035363136133
late_delivery_risk,GradientBoostingClassifier,21025,0,0,0.03647893677611328
late_delivery_risk,GradientBoostingClassifier,21002,0,0,0.026847323738345762
late_delivery_risk,GradientBoostingClassifier,21066,0,0,0.050660611299681024
late_delivery_risk,GradientBoostingClassifier,21021,0,0,0.04603936679610242
late_delivery_risk,GradientBoostingClassifier,21098,0,0,0.003131997877901859
late_delivery_risk,GradientBoostingClassifier,21083,0,0,0.00310443771566311
late_delivery_risk,GradientBoostingClassifier,21102,0,0,0.003338238323701554
late_delivery_risk,GradientBoostingClassifier,21024,0,0,0.0026428959414746423
late_delivery_risk,GradientBoostingClassifier,21081,0,0,0.0027528908579153816
late_delivery_risk,GradientBoostingClassifier,21042,0,0,0.0026461589571834193
late_delivery_risk,GradientBoostingClassifier,21075,0,0,0.001753202770770623
late_delivery_risk,GradientBoostingClassifier,21011,0,0,0.08506367895313798
late_delivery_risk,GradientBoostingClassifier,21117,0,0,0.0038022804094248043
late_delivery_risk,GradientBoostingClassifier,21017,0,0,0.0020943531241065802
late_delivery_risk,GradientBoostingClassifier,21099,0,0,0.0890034200413782
late_delivery_risk,GradientBoostingClassifier,21006,0,0,0.04824033529494082
late_delivery_risk,GradientBoostingClassifier,21080,0,0,0.0015927620072602791
late_delivery_risk,GradientBoostingClassifier,21064,0,0,0.08619408981431363
late_delivery_risk,GradientBoostingClassifier,21065,0,0,0.001753202770770623
late_delivery_risk,GradientBoostingClassifier,21041,0,0,0.0026251275836288008
late_delivery_risk,GradientBoostingClassifier,21048,0,0,0.0028207128550387568
late_delivery_risk,GradientBoostingClassifier,21008,0,0,0.0029683769672426866
late_delivery_risk,GradientBoostingClassifier,21030,0,0,0.035339127941642394
late_delivery_risk,GradientBoostingClassifier,21082,0,0,0.0027431053932654935
late_delivery_risk,GradientBoostingClassifier,21089,0,0,0.0023670943914878
late_delivery_risk,GradientBoostingClassifier,21178,0,0,0.0025568344146177195
late_delivery_risk,GradientBoostingClassifier,21231,0,0,0.002273159034517639
late_delivery_risk,GradientBoostingClassifier,21222,0,0,0.0024202513232173886
late_delivery_risk,GradientBoostingClassifier,21241,0,0,0.0025435866601765905
late_delivery_risk,GradientBoostingClassifier,21216,0,0,0.002273159034517639
late_delivery_risk,GradientBoostingClassifier,21169,0,0,0.0019116956327872457
late_delivery_risk,GradientBoostingClassifier,21190,0,0,0.0013533204579291914
late_delivery_risk,GradientBoostingClassifier,21161,0,0,0.0024309318779198517
late_delivery_risk,GradientBoostingClassifier,21201,0,0,0.002237555549463787
late_delivery_risk,GradientBoostingClassifier,21132,0,0,0.002407341487998117
late_delivery_risk,GradientBoostingClassifier,21203,0,0,0.12022261236620181
late_delivery_risk,GradientBoostingClassifier,21191,0,0,0.002237555549463787
late_delivery_risk,GradientBoostingClassifier,21162,0,0,0.0027163659125137773
late_delivery_risk,GradientBoostingClassifier,21185,0,0,0.001270531353976469
late_delivery_risk,GradientBoostingClassifier,21146,0,0,0.03568270771838138
late_delivery_risk,GradientBoostingClassifier,21193,0,0,0.12832660906109497
late_delivery_risk,GradientBoostingClassifier,21235,0,0,0.12236360044683459
late_delivery_risk,GradientBoostingClassifier,21207,0,0,0.0023386132385118993
late_delivery_risk,GradientBoostingClassifier,21151,0,0,0.002196471631031061
late_delivery_risk,GradientBoostingClassifier,21188,0,0,0.00229237713657651
late_delivery_risk,GradientBoostingClassifier,21175,0,0,0.0013533204579291914
late_delivery_risk,GradientBoostingClassifier,21145,0,0,0.02486600815477498
late_delivery_risk,GradientBoostingClassifier,21147,0,0,0.0018192553742938861
late_delivery_risk,GradientBoostingClassifier,21220,0,0,0.0013149331688966383
late_delivery_risk,GradientBoostingClassifier,21142,0,0,0.0016587316545912732
late_delivery_risk,GradientBoostingClassifier,21242,0,0,0.0025141704719824024
late_delivery_risk,GradientBoostingClassifier,21227,0,0,0.002577763975701008
late_delivery_risk,GradientBoostingClassifier,21144,0,0,0.001650676852205567
late_delivery_risk,GradientBoostingClassifier,21148,0,0,0.0018620064598532337
late_delivery_risk,GradientBoostingClassifier,21195,0,0,0.0010119253570956312
late_delivery_risk,GradientBoostingClassifier,21217,0,0,0.0024202513232173886
late_delivery_risk,GradientBoostingClassifier,21229,0,0,0.10425828584322562
late_delivery_risk,GradientBoostingClassifier,21149,0,0,0.06300113497129636
late_delivery_risk,GradientBoostingClassifier,21206,0,0,0.002196471631031061
late_delivery_risk,GradientBoostingClassifier,21138,0,0,0.13017683585983753
late_delivery_risk,GradientBoostingClassifier,21129,0,0,0.0018620064598532337
late_delivery_risk,GradientBoostingClassifier,21204,0,0,0.0025348362600666257
late_delivery_risk,GradientBoostingClassifier,21131,0,0,0.002196471631031061
late_delivery_risk,GradientBoostingClassifier,21163,0,0,0.1387774770173105
late_delivery_risk,GradientBoostingClassifier,21171,0,0,0.0023454330493428953
late_delivery_risk,GradientBoostingClassifier,21155,0,0,0.001270531353976469
late_delivery_risk,GradientBoostingClassifier,21218,0,0,0.07145257714739521
late_delivery_risk,GradientBoostingClassifier,21239,0,0,0.002339078901673641
late_delivery_risk,GradientBoostingClassifier,21154,0,0,0.12648950902294584
late_delivery_risk,GradientBoostingClassifier,21194,0,0,0.002672899009824255
late_delivery_risk,GradientBoostingClassifier,21186,0,0,0.002196471631031061
late_delivery_risk,GradientBoostingClassifier,21211,0,0,0.0015780309608507482
late_delivery_risk,GradientBoostingClassifier,21134,0,0,0.0019205211501179666
late_delivery_risk,GradientBoostingClassifier,21152,0,0,0.002445103219115114
late_delivery_risk,GradientBoostingClassifier,21214,0,0,0.03994437787682647
late_delivery_risk,GradientBoostingClassifier,21159,0,0,0.001815258039779125
late_delivery_risk,GradientBoostingClassifier,21182,0,0,0.0023386132385118993
late_delivery_risk,GradientBoostingClassifier,21156,0,0,0.002196471631031061
late_delivery_risk,GradientBoostingClassifier,21224,0,0,0.07023485146174657
late_delivery_risk,GradientBoostingClassifier,21234,0,0,0.0033418468887660376
late_delivery_risk,GradientBoostingClassifier,21198,0,0,0.0020307237356908757
late_delivery_risk,GradientBoostingClassifier,21202,0,0,0.0024908260596000604
late_delivery_risk,GradientBoostingClassifier,21183,0,0,0.0022385708572710875
late_delivery_risk,GradientBoostingClassifier,21248,0,0,0.001999922033163724
late_delivery_risk,GradientBoostingClassifier,21226,0,0,0.0024273086259508246
late_delivery_risk,GradientBoostingClassifier,21130,0,0,0.001270531353976469
late_delivery_risk,GradientBoostingClassifier,21210,0,0,0.0009008821184949006
late_delivery_risk,GradientBoostingClassifier,21166,0,0,0.002196471631031061
late_delivery_risk,GradientBoostingClassifier,21212,0,0,0.0010972229157520986
late_delivery_risk,GradientBoostingClassifier,21237,0,0,0.0026387508585570844
late_delivery_risk,GradientBoostingClassifier,21187,0,0,0.00215118118645972
late_delivery_risk,GradientBoostingClassifier,21173,0,0,0.002216266257007977
late_delivery_risk,GradientBoostingClassifier,21244,0,0,0.0032908704889859494
late_delivery_risk,GradientBoostingClassifier,21236,0,0,0.0023613836997118534
late_delivery_risk,GradientBoostingClassifier,21170,0,0,0.0016707281951060134
late_delivery_risk,GradientBoostingClassifier,21221,0,0,0.002273159034517639
late_delivery_risk,GradientBoostingClassifier,21157,0,0,0.0023386132385118993
late_delivery_risk,GradientBoostingClassifier,21179,0,0,0.13323295675300337
late_delivery_risk,GradientBoostingClassifier,21137,0,0,0.05149251773084927
late_delivery_risk,GradientBoostingClassifier,21219,0,0,0.08359730698279018
late_delivery_risk,HistGradientBoostingClassifier,21096,0,0,0.00014933241801218372
late_delivery_risk,HistGradientBoostingClassifier,21000,0,0,0.00011106270049813785
late_delivery_risk,HistGradientBoostingClassifier,21067,0,0,0.00011481246917193642
late_delivery_risk,HistGradientBoostingClassifier,21055,0,0,0.0001293838968185125
late_delivery_risk,HistGradientBoostingClassifier,21039,0,0,0.0001308367082282636
late_delivery_risk,HistGradientBoostingClassifier,21094,0,0,0.00014000302741369253
late_delivery_risk,HistGradientBoostingClassifier,21101,0,0,0.034432216721179805
late_delivery_risk,HistGradientBoostingClassifier,21053,0,0,0.00013158687268266224
late_delivery_risk,HistGradientBoostingClassifier,21043,0,0,0.00011126723795617095
late_delivery_risk,HistGradientBoostingClassifier,21100,0,0,0.00013796797619387293
late_delivery_risk,HistGradientBoostingClassifier,21027,0,0,0.0001334819797424547
late_delivery_risk,HistGradientBoostingClassifier,21084,0,0,0.00013523101456065965
late_delivery_risk,HistGradientBoostingClassifier,21047,0,0,0.03458256487333044
late_delivery_risk,HistGradientBoostingClassifier,21123,0,0,0.0001213363081655037
late_delivery_risk,HistGradientBoostingClassifier,21022,0,0,0.0001160153570034737
late_delivery_risk,HistGradientBoostingClassifier,21108,0,0,9.617948971092862e-05
late_delivery_risk,HistGradientBoostingClassifier,21015,0,0,0.000134357719610954
late_delivery_risk,HistGradientBoostingClassifier,21090,0,0,0.021600682535470907
late_delivery_risk,HistGradientBoostingClassifier,21070,0,0,0.00013579840080887187
late_delivery_risk,HistGradientBoostingClassifier,21056,0,0,0.02233670183797592
late_delivery_risk,HistGradientBoostingClassifier,21092,0,0,0.00020850797787884604
late_delivery_risk,HistGradientBoostingClassifier,21088,0,0,0.00014933241801218372
late_delivery_risk,HistGradientBoostingClassifier,21016,0,0,0.00014219581755885782
late_delivery_risk,HistGradientBoostingClassifier,21046,0,0,0.04257175972394888
late_delivery_risk,HistGradientBoostingClassifier,21072,0,0,0.0001258053460001764
late_delivery_risk,HistGradientBoostingClassifier,21107,0,0,0.00018576896026035298
late_delivery_risk,HistGradientBoostingClassifier,21106,0,0,0.02500814662427908
late_delivery_risk,HistGradientBoostingClassifier,21115,0,0,0.00010985203572064
late_delivery_risk,HistGradientBoostingClassifier,21033,0,0,0.00012726049290185388
late_delivery_risk,HistGradientBoostingClassifier,21037,0,0,9.794414132352544e-05
late_delivery_risk,HistGradientBoostingClassifier,21059,0,0,0.000124818207783118
late_delivery_risk,HistGradientBoostingClassifier,21113,0,0,0.07417009151158278
late_delivery_risk,HistGradientBoostingClassifier,21103,0,0,0.0001094118318180649
late_delivery_risk,HistGradientBoostingClassifier,21049,0,0,0.10438666489238588
late_delivery_risk,HistGradientBoostingClassifier,21040,0,0,0.00018428988424717095
late_delivery_risk,HistGradientBoostingClassifier,21018,0,0,0.00014070965266034592
late_delivery_risk,HistGradientBoostingClassifier,21118,0,0,0.1145783978018527
late_delivery_risk,HistGradientBoostingClassifier,21001,0,0,0.00015066259965589327
late_delivery_risk,HistGradientBoostingClassifier,21009,0,0,0.00011812049671518355
late_delivery_risk,HistGradientBoostingClassifier,21061,0,0,0.021268773191395
late_delivery_risk,HistGradientBoostingClassifier,21036,0,0,0.03380230403083884
late_delivery_risk,HistGradientBoostingClassifier,21076,0,0,0.028168164501522378
late_delivery_risk,HistGradientBoostingClassifier,21007,0,0,0.00013503614232671432
late_delivery_risk,HistGradientBoostingClassifier,21078,0,0,0.00010187670156145334
late_delivery_risk,HistGradientBoostingClassifier,21069,1,0,0.12114203141622203
late_delivery_risk,HistGradientBoostingClassifier,21004,0,0,0.01912046268143705
late_delivery_risk,HistGradientBoostingClassifier,21060,0,0,0.016492570750940842
late_delivery_risk,HistGradientBoostingClassifier,21097,0,0,0.00020850797787884604
late_delivery_risk,HistGradientBoostingClassifier,21085,0,0,0.00010172463665240963
late_delivery_risk,HistGradientBoostingClassifier,21087,0,0,0.00011128251403589151
late_delivery_risk,HistGradientBoostingClassifier,21062,0,0,0.00011235137561873851
late_delivery_risk,HistGradientBoostingClassifier,21086,0,0,0.012125197442898137
late_delivery_risk,HistGradientBoostingClassifier,21119,0,0,0.0001343731689145616
late_delivery_risk,HistGradientBoostingClassifier,21114,0,0,0.0660786069268897
late_delivery_risk,HistGradientBoostingClassifier,21045,0,0,0.00014654962055441072
late_delivery_risk,HistGradientBoostingClassifier,21032,0,0,0.0001446538817272356
late_delivery_risk,HistGradientBoostingClassifier,21054,0,0,0.00012268779615949736
late_delivery_risk,HistGradientBoostingClassifier,21029,0,0,0.00011319703959526037
late_delivery_risk,HistGradientBoostingClassifier,21038,0,0,0.00011516372254331959
late_delivery_risk,HistGradientBoostingClassifier,21122,0,0,0.020034819773534267
late_delivery_risk,HistGradientBoostingClassifier,21116,0,0,9.956000264196965e-05
late_delivery_risk,HistGradientBoostingClassifier,21071,0,0,0.017245900650549834
late_delivery_risk,HistGradientBoostingClassifier,21010,0,0,0.00013796797619387293
late_delivery_risk,HistGradientBoostingClassifier,21014,0,0,0.00013426851403619956
late_delivery_risk,HistGradientBoostingClassifier,21005,0,0,0.00022817948796909245
late_delivery_risk,HistGradientBoostingClassifier,21105,0,0,0.0001372134389476762
late_delivery_risk,HistGradientBoostingClassifier,21019,0,0,0.013835550919411509
late_delivery_risk,HistGradientBoostingClassifier,21026,0,0,0.022366162635004606
late_delivery_risk,HistGradientBoostingClassifier,21063,0,0,0.015374854823223807
late_delivery_risk,HistGradientBoostingClassifier,21020,0,0,0.00010255780308145084
late_delivery_risk,HistGradientBoostingClassifier,21077,0,0,0.017707861643048474
late_delivery_risk,HistGradientBoostingClassifier,21091,0,0,0.00016853729729481611
late_delivery_risk,HistGradientBoostingClassifier,21050,0,0,0.00011555529845193951
late_delivery_risk,HistGradientBoostingClassifier,21109,0,0,0.18457649229363313
late_delivery_risk,HistGradientBoostingClassifier,21031,0,0,0.00014142998617254116
late_delivery_risk,HistGradientBoostingClassifier,21079,0,0,0.00013755618131070017
late_delivery_risk,HistGradientBoostingClassifier,21104,0,0,0.00011563211262105972
late_delivery_risk,HistGradientBoostingClassifier,21073,0,0,0.00012416610337655714
late_delivery_risk,HistGradientBoostingClassifier,21013,0,0,0.00014143125058814254
late_delivery_risk,HistGradientBoostingClassifier,21110,0,0,0.00010422737214494265
late_delivery_risk,HistGradientBoostingClassifier,21068,0,0,0.00011251448473331805
late_delivery_risk,HistGradientBoostingClassifier,21044,0,0,0.0001088746586674551
late_delivery_risk,HistGradientBoostingClassifier,21023,0,0,0.00014054492097832332
late_delivery_risk,HistGradientBoostingClassifier,21095,0,0,0.00020234383127747853
late_delivery_risk,HistGradientBoostingClassifier,21052,0,0,0.01771111075700512
late_delivery_risk,HistGradientBoostingClassifier,21057,0,0,0.00014139375186017665
late_delivery_risk,HistGradientBoostingClassifier,21035,0,0,9.084996015928376e-05
late_delivery_risk,HistGradientBoostingClassifier,21120,0,0,0.0001727353944084029
late_delivery_risk,HistGradientBoostingClassifier,21034,0,0,0.00011305652796782114
late_delivery_risk,HistGradientBoostingClassifier,21124,0,0,0.17457147417615806
late_delivery_risk,HistGradientBoostingClassifier,21093,0,0,0.00012910037981881553
late_delivery_risk,HistGradientBoostingClassifier,21058,0,0,0.029316239907863764
late_delivery_risk,HistGradientBoostingClassifier,21074,0,0,9.386260459724415e-05
late_delivery_risk,HistGradientBoostingClassifier,21121,0,0,0.025751933445064674
late_delivery_risk,HistGradientBoostingClassifier,21003,0,0,0.020615693736377512
late_delivery_risk,HistGradientBoostingClassifier,21012,0,0,0.00014217127339507716
late_delivery_risk,HistGradientBoostingClassifier,21028,0,0,0.00013716237026391707
late_delivery_risk,HistGradientBoostingClassifier,21051,0,0,0.022476424755889682
late_delivery_risk,HistGradientBoostingClassifier,21111,0,0,0.00013756820513606517
late_delivery_risk,HistGradientBoostingClassifier,21112,0,0,0.00011701940382548364
late_delivery_risk,HistGradientBoostingClassifier,21025,0,0,0.017353958414741397
late_delivery_risk,HistGradientBoostingClassifier,21002,0,0,0.019185557861486534
late_delivery_risk,HistGradientBoostingClassifier,21066,0,0,0.02815377866772652
late_delivery_risk,HistGradientBoostingClassifier,21021,0,0,0.019007656715823964
late_delivery_risk,HistGradientBoostingClassifier,21098,0,0,0.00011665786417807572
late_delivery_risk,HistGradientBoostingClassifier,21083,0,0,0.00010957387908055271
late_delivery_risk,HistGradientBoostingClassifier,21102,0,0,0.00014217127339507716
late_delivery_risk,HistGradientBoostingClassifier,21024,0,0,0.00011158457146316753
late_delivery_risk,HistGradientBoostingClassifier,21081,0,0,0.0001334819797424547
late_delivery_risk,HistGradientBoostingClassifier,21042,0,0,0.0001276214742610763
late_delivery_risk,HistGradientBoostingClassifier,21075,0,0,0.00011297264957739143
late_delivery_risk,HistGradientBoostingClassifier,21011,0,0,0.04040735908376146
late_delivery_risk,HistGradientBoostingClassifier,21117,0,0,0.0001399572745454237
late_delivery_risk,HistGradientBoostingClassifier,21017,0,0,0.00015066259965589327
late_delivery_risk,HistGradientBoostingClassifier,21099,0,0,0.020260392386312328
late_delivery_risk,HistGradientBoostingClassifier,21006,0,0,0.02742325094175979
late_delivery_risk,HistGradientBoostingClassifier,21080,0,0,0.00012953554843989727
late_delivery_risk,HistGradientBoostingClassifier,21064,0,0,0.032250039214433396
late_delivery_risk,HistGradientBoostingClassifier,21065,0,0,0.0001412414445526119
late_delivery_risk,HistGradientBoostingClassifier,21041,0,0,0.00016853729729481611
late_delivery_risk,HistGradientBoostingClassifier,21048,0,0,0.0001391218970687876
late_delivery_risk,HistGradientBoostingClassifier,21008,0,0,0.00014706350771219866
late_delivery_risk,HistGradientBoostingClassifier,21030,0,0,0.015017817585009426
late_delivery_risk,HistGradientBoostingClassifier,21082,0,0,0.00016853729729481611
late_delivery_risk,HistGradientBoostingClassifier,21089,0,0,0.00012515007750300863
late_delivery_risk,HistGradientBoostingClassifier,21178,0,0,0.00012433988540708362
late_delivery_risk,HistGradientBoostingClassifier,21231,0,0,0.00011480369303268173
late_delivery_risk,HistGradientBoostingClassifier,21222,0,0,0.0001731648161775889
late_delivery_risk,HistGradientBoostingClassifier,21241,0,0,7.010407013078367e-05
late_delivery_risk,HistGradientBoostingClassifier,21216,0,0,0.00011546603952071818
late_delivery_risk,HistGradientBoostingClassifier,21169,0,0,9.670763319288348e-05
late_delivery_risk,HistGradientBoostingClassifier,21190,0,0,0.0001233290958030752
late_delivery_risk,HistGradientBoostingClassifier,21161,0,0,7.959160726099445e-05
late_delivery_risk,HistGradientBoostingClassifier,21201,0,0,9.59253157060662e-05
late_delivery_risk,HistGradientBoostingClassifier,21132,0,0,8.86256629042929e-05
late_delivery_risk,HistGradientBoostingClassifier,21203,0,0,0.08405847206332734
late_delivery_risk,HistGradientBoostingClassifier,21191,0,0,0.00010992875778037502
late_delivery_risk,HistGradientBoostingClassifier,21162,0,0,9.332379458708264e-05
late_delivery_risk,HistGradientBoostingClassifier,21185,0,0,0.00013811813670594526
late_delivery_risk,HistGradientBoostingClassifier,21146,0,0,0.010328926234632687
late_delivery_risk,HistGradientBoostingClassifier,21193,0,0,0.08368651162111107
late_delivery_risk,HistGradientBoostingClassifier,21235,0,0,0.0339052778160603
late_delivery_risk,HistGradientBoostingClassifier,21207,0,0,0.00013337578604582012
late_delivery_risk,HistGradientBoostingClassifier,21151,0,0,9.493909081475365e-05
late_delivery_risk,HistGradientBoostingClassifier,21188,0,0,8.319968959281764e-05
late_delivery_risk,HistGradientBoostingClassifier,21175,0,0,9.134505831581488e-05
late_delivery_risk,HistGradientBoostingClassifier,21145,0,0,0.004552082970663249
late_delivery_risk,HistGradientBoostingClassifier,21147,0,0,0.00010920807735110832
late_delivery_risk,HistGradientBoostingClassifier,21220,0,0,0.00018098569583494326
late_delivery_risk,HistGradientBoostingClassifier,21142,0,0,0.00011899180689349817
late_delivery_risk,HistGradientBoostingClassifier,21242,0,0,0.00011877573068581722
late_delivery_risk,HistGradientBoostingClassifier,21227,0,0,0.00011807119224994031
late_delivery_risk,HistGradientBoostingClassifier,21144,0,0,0.000136642756376453
late_delivery_risk,HistGradientBoostingClassifier,21148,0,0,0.00012228363082426158
late_delivery_risk,HistGradientBoostingClassifier,21195,0,0,0.00017425854148029086
late_delivery_risk,HistGradientBoostingClassifier,21217,0,0,0.0001731648161775889
late_delivery_risk,HistGradientBoostingClassifier,21229,0,0,0.02641924043928139
late_delivery_risk,HistGradientBoostingClassifier,21149,0,0,0.011774342182178165
late_delivery_risk,HistGradientBoostingClassifier,21206,0,0,9.676736455552721e-05
late_delivery_risk,HistGradientBoostingClassifier,21138,0,0,0.053445797228310186
late_delivery_risk,HistGradientBoostingClassifier,21129,0,0,0.00010670651240633548
late_delivery_risk,HistGradientBoostingClassifier,21204,0,0,0.00013075192634563702
late_delivery_risk,HistGradientBoostingClassifier,21131,0,0,0.00011546603952071818
late_delivery_risk,HistGradientBoostingClassifier,21163,0,0,0.03994080038943741
late_delivery_risk,HistGradientBoostingClassifier,21171,0,0,8.578317578163728e-05
late_delivery_risk,HistGradientBoostingClassifier,21155,0,0,0.00011395368645706301
late_delivery_risk,HistGradientBoostingClassifier,21218,0,0,0.017842570742395494
late_delivery_risk,HistGradientBoostingClassifier,21239,0,0,0.00010964130669518676
late_delivery_risk,HistGradientBoostingClassifier,21154,0,0,0.038856651826781705
late_delivery_risk,HistGradientBoostingClassifier,21194,0,0,9.361579488646755e-05
late_delivery_risk,HistGradientBoostingClassifier,21186,0,0,0.00011057603778366653
late_delivery_risk,HistGradientBoostingClassifier,21211,0,0,9.055057470008276e-05
late_delivery_risk,HistGradientBoostingClassifier,21134,0,0,0.00011043339548576865
late_delivery_risk,HistGradientBoostingClassifier,21152,0,0,0.00010774610073379742
late_delivery_risk,HistGradientBoostingClassifier,21214,0,0,0.014406413462668625
late_delivery_risk,HistGradientBoostingClassifier,21159,0,0,9.42392366919917e-05
late_delivery_risk,HistGradientBoostingClassifier,21182,0,0,0.00011742545634912537
late_delivery_risk,HistGradientBoostingClassifier,21156,0,0,9.676736455552721e-05
late_delivery_risk,HistGradientBoostingClassifier,21224,0,0,0.020264554582479
late_delivery_risk,HistGradientBoostingClassifier,21234,0,0,0.00011627045249031916
late_delivery_risk,HistGradientBoostingClassifier,21198,0,0,0.00015518028393493713
late_delivery_risk,HistGradientBoostingClassifier,21202,0,0,9.534965762696983e-05
late_delivery_risk,HistGradientBoostingClassifier,21183,0,0,9.273075718746957e-05
late_delivery_risk,HistGradientBoostingClassifier,21248,0,0,9.077964141820343e-05
late_delivery_risk,HistGradientBoostingClassifier,21226,0,0,8.644922766592127e-05
late_delivery_risk,HistGradientBoostingClassifier,21130,0,0,0.00018098569583494326
late_delivery_risk,HistGradientBoostingClassifier,21210,0,0,9.095735673260148e-05
late_delivery_risk,HistGradientBoostingClassifier,21166,0,0,0.00011546603952071818
late_delivery_risk,HistGradientBoostingClassifier,21212,0,0,0.00010620918169386466
late_delivery_risk,HistGradientBoostingClassifier,21237,0,0,9.903321061724652e-05
late_delivery_risk,HistGradientBoostingClassifier,21187,0,0,0.00011410525701681059
late_delivery_risk,HistGradientBoostingClassifier,21173,0,0,8.725432041253101e-05
late_delivery_risk,HistGradientBoostingClassifier,21244,0,0,8.801777409863797e-05
late_delivery_risk,HistGradientBoostingClassifier,21236,0,0,9.567842113516972e-05
late_delivery_risk,HistGradientBoostingClassifier,21170,0,0,0.00013672527058572177
late_delivery_risk,HistGradientBoostingClassifier,21221,0,0,0.00011546603952071818
late_delivery_risk,HistGradientBoostingClassifier,21157,0,0,0.00012613743694356872
late_delivery_risk,HistGradientBoostingClassifier,21179,0,0,0.06080740765750419
late_delivery_risk,HistGradientBoostingClassifier,21137,0,0,0.026072807477426782
late_delivery_risk,HistGradientBoostingClassifier,21219,0,0,0.016975604304075825
